create database sim ;

use sim;

CREATE TABLE `api` (
  `api_id` bigint(20) NOT NULL AUTO_INCREMENT,
  `api_app_id` bigint(20) NOT NULL,
  `operation_id` varchar(100) NOT NULL,
  `name` varchar(50) NOT NULL,
  `tag` varchar(50) NOT NULL,
  `http_method` varchar(10) NOT NULL,
  `path` varchar(500) NOT NULL,
  `parameter` text,
  `request_body` text,
  `description` text,
  `summary` varchar(500) DEFAULT NULL,
  `response` text,
  `extensions` text,
  `version` varchar(20) DEFAULT 'default' COMMENT '版本号',
  `status` varchar(10) NOT NULL,
  `create_user` bigint(20) DEFAULT NULL,
  `update_user` bigint(20) DEFAULT NULL,
  `create_date` datetime DEFAULT CURRENT_TIMESTAMP,
  `update_date` datetime DEFAULT CURRENT_TIMESTAMP ON UPDATE CURRENT_TIMESTAMP,
  `remark` varchar(500) DEFAULT NULL,
  PRIMARY KEY (`api_id`)
) ;

CREATE TABLE `api_app` (
  `api_app_id` bigint(20) NOT NULL AUTO_INCREMENT COMMENT 'app标识',
  `name` varchar(50) NOT NULL COMMENT '名称',
  `code` varchar(20) NOT NULL COMMENT '编码',
  `description` varchar(5000) DEFAULT NULL COMMENT '描述',
  `openapi_json` mediumtext COMMENT 'openapi原始json',
  `status` varchar(10) NOT NULL,
  `create_user` bigint(20) DEFAULT NULL,
  `update_user` bigint(20) DEFAULT NULL,
  `create_date` datetime DEFAULT CURRENT_TIMESTAMP,
  `update_date` datetime DEFAULT CURRENT_TIMESTAMP ON UPDATE CURRENT_TIMESTAMP,
  `remark` varchar(500) DEFAULT NULL,
  PRIMARY KEY (`api_app_id`)
) ;

CREATE TABLE `api_group` (
  `api_group_id` bigint(20) NOT NULL AUTO_INCREMENT,
  `api_app_id` bigint(20) NOT NULL,
  `name` varchar(50) NOT NULL,
  `description` varchar(500) DEFAULT NULL,
  `status` varchar(10) NOT NULL,
  `create_user` bigint(20) DEFAULT NULL,
  `update_user` bigint(20) DEFAULT NULL,
  `create_date` datetime DEFAULT CURRENT_TIMESTAMP,
  `update_date` datetime DEFAULT CURRENT_TIMESTAMP ON UPDATE CURRENT_TIMESTAMP,
  `remark` varchar(500) DEFAULT NULL,
  PRIMARY KEY (`api_group_id`)
) ;

CREATE TABLE `api_schema` (
  `api_schema_id` bigint(20) NOT NULL AUTO_INCREMENT,
  `api_app_id` bigint(20) NOT NULL,
  `name` varchar(50) NOT NULL,
  `title` varchar(50) NOT NULL,
  `path` varchar(500) DEFAULT NULL COMMENT 'json路径',
  `content` text,
  `description` text,
  `status` varchar(10) NOT NULL,
  `create_user` bigint(20) DEFAULT NULL,
  `update_user` bigint(20) DEFAULT NULL,
  `create_date` datetime DEFAULT CURRENT_TIMESTAMP,
  `update_date` datetime DEFAULT CURRENT_TIMESTAMP ON UPDATE CURRENT_TIMESTAMP,
  `remark` varchar(500) DEFAULT NULL,
  PRIMARY KEY (`api_schema_id`)
) ;

CREATE TABLE `api_server` (
  `api_server_id` bigint(20) NOT NULL AUTO_INCREMENT COMMENT 'server标识',
  `api_app_id` bigint(20) NOT NULL COMMENT 'app标识',
  `url` varchar(1000) NOT NULL COMMENT '地址',
  `description` varchar(5000) NOT NULL COMMENT '描述',
  `is_active` tinyint(1) NOT NULL COMMENT '是否激活',
  `status` varchar(10) NOT NULL,
  `create_user` bigint(20) DEFAULT NULL,
  `update_user` bigint(20) DEFAULT NULL,
  `create_date` datetime DEFAULT CURRENT_TIMESTAMP,
  `update_date` datetime DEFAULT CURRENT_TIMESTAMP ON UPDATE CURRENT_TIMESTAMP,
  `remark` varchar(500) DEFAULT NULL,
  PRIMARY KEY (`api_server_id`)
) ;

CREATE TABLE `app_inst` (
  `app_inst_id` bigint(20) NOT NULL AUTO_INCREMENT,
  `app_name` varchar(100) NOT NULL,
  `open_id` varchar(64) NOT NULL,
  `secret_key` varchar(256) NOT NULL,
  `status` varchar(10) NOT NULL DEFAULT '1' COMMENT '1200 未生效 1000正常 1300停用 1100已删除',
  `create_user` bigint(20) DEFAULT NULL,
  `update_user` bigint(20) DEFAULT NULL,
  `create_date` datetime DEFAULT CURRENT_TIMESTAMP,
  `update_date` datetime DEFAULT CURRENT_TIMESTAMP ON UPDATE CURRENT_TIMESTAMP,
  `remark` varchar(500) DEFAULT NULL,
  PRIMARY KEY (`app_inst_id`)
) ;

CREATE TABLE `cache_instance` (
  `cache_instance_id` bigint(20) NOT NULL AUTO_INCREMENT,
  `name` varchar(50) NOT NULL,
  `type` varchar(10) NOT NULL DEFAULT 'redis' COMMENT '默认redis',
  `connect_type` varchar(10) NOT NULL DEFAULT 'standalone' COMMENT 'standalone 单机 cluster集群。 默认单机连接standalone',
  `host` varchar(50) DEFAULT NULL COMMENT '单机连接时不为空',
  `port` int(11) DEFAULT NULL COMMENT '单机连接时不为空',
  `nodes` varchar(500) DEFAULT NULL COMMENT '集群连接时不为空',
  `status` varchar(10) NOT NULL,
  `create_user` bigint(20) DEFAULT NULL,
  `update_user` bigint(20) DEFAULT NULL,
  `create_date` datetime DEFAULT CURRENT_TIMESTAMP,
  `update_date` datetime DEFAULT CURRENT_TIMESTAMP ON UPDATE CURRENT_TIMESTAMP,
  `remark` varchar(500) DEFAULT NULL,
  PRIMARY KEY (`cache_instance_id`)
) ;

CREATE TABLE `catalog` (
  `catalog_id` bigint(20) NOT NULL AUTO_INCREMENT,
  `parent_catalog_id` bigint(20) NOT NULL COMMENT '根节点为-1',
  `catalog_object` varchar(10) DEFAULT NULL COMMENT '1000用户目录; 2000组织机构;3000文档目录',
  `catalog_type` varchar(10) NOT NULL COMMENT '预留,暂未使用',
  `catalog_name` varchar(50) NOT NULL,
  `catalog_desc` varchar(500) DEFAULT NULL,
  `path` varchar(500) NOT NULL,
  `create_user` bigint(20) DEFAULT NULL,
  `update_user` bigint(20) DEFAULT NULL,
  `create_date` datetime DEFAULT CURRENT_TIMESTAMP,
  `update_date` datetime DEFAULT CURRENT_TIMESTAMP ON UPDATE CURRENT_TIMESTAMP,
  `remark` varchar(500) DEFAULT NULL,
  PRIMARY KEY (`catalog_id`)
) ;

CREATE TABLE `datasource` (
  `datasource_id` bigint(20) NOT NULL AUTO_INCREMENT,
  `name` varchar(50) NOT NULL,
  `type` varchar(10) NOT NULL COMMENT 'DATASOURCE_TYPE',
  `status` varchar(10) NOT NULL,
  `create_user` bigint(20) DEFAULT NULL,
  `update_user` bigint(20) DEFAULT NULL,
  `create_date` datetime DEFAULT CURRENT_TIMESTAMP,
  `update_date` datetime DEFAULT CURRENT_TIMESTAMP ON UPDATE CURRENT_TIMESTAMP,
  `remark` varchar(500) DEFAULT NULL,
  PRIMARY KEY (`datasource_id`)
) ;

CREATE TABLE `datasource_attr` (
  `datasource_attr_id` bigint(20) NOT NULL AUTO_INCREMENT,
  `datasource_id` bigint(20) NOT NULL,
  `attr_code` varchar(20) NOT NULL,
  `attr_value` varchar(500) DEFAULT NULL,
  `status` varchar(10) NOT NULL,
  `create_user` bigint(20) DEFAULT NULL,
  `update_user` bigint(20) DEFAULT NULL,
  `create_date` datetime DEFAULT CURRENT_TIMESTAMP,
  `update_date` datetime DEFAULT CURRENT_TIMESTAMP ON UPDATE CURRENT_TIMESTAMP,
  `remark` varchar(500) DEFAULT NULL,
  PRIMARY KEY (`datasource_attr_id`)
) ;

CREATE TABLE `datasource_attr_code` (
  `datasource_attr_code_id` bigint(20) NOT NULL AUTO_INCREMENT,
  `datasource_type` varchar(10) NOT NULL,
  `attr_code` varchar(20) NOT NULL,
  `attr_name` varchar(20) NOT NULL,
  `attr_value_type` varchar(10) NOT NULL DEFAULT 'text' COMMENT 'text或enum或password，当为enum时attr_value_code不为空',
  `attr_value_code` varchar(10) DEFAULT NULL,
  `is_required` char(1) DEFAULT NULL COMMENT 'Y必填 N非必填',
  `status` varchar(10) NOT NULL,
  `create_user` bigint(20) DEFAULT NULL,
  `update_user` bigint(20) DEFAULT NULL,
  `create_date` datetime DEFAULT CURRENT_TIMESTAMP,
  `update_date` datetime DEFAULT CURRENT_TIMESTAMP ON UPDATE CURRENT_TIMESTAMP,
  `remark` varchar(500) DEFAULT NULL,
  PRIMARY KEY (`datasource_attr_code_id`)
) ;

CREATE TABLE `document` (
  `document_id` int(11) NOT NULL AUTO_INCREMENT,
  `parent_id` bigint(20) NOT NULL,
  `type` varchar(10) NOT NULL COMMENT 'folder文件夹;document文档',
  `name` varchar(100) NOT NULL,
  `description` varchar(500) DEFAULT NULL,
  `content` text,
  `content_type` varchar(10) DEFAULT NULL COMMENT '预留 后续按照内容类型提供模板',
  `is_share` smallint(6) DEFAULT '0' COMMENT '0不共享 1共享(所有人可查看)',
  `create_user` bigint(20) DEFAULT NULL,
  `update_user` bigint(20) DEFAULT NULL,
  `create_date` datetime DEFAULT CURRENT_TIMESTAMP,
  `update_date` datetime DEFAULT CURRENT_TIMESTAMP ON UPDATE CURRENT_TIMESTAMP,
  `remark` varchar(500) DEFAULT NULL,
  PRIMARY KEY (`document_id`)
)  COMMENT='name和content字段需建立全文索引';

CREATE TABLE `groups` (
  `groups_id` bigint(20) NOT NULL AUTO_INCREMENT,
  `name` varchar(50) NOT NULL,
  `type` smallint(6) NOT NULL COMMENT '1:sql片段分组 2:业务场景分组',
  `status` varchar(10) NOT NULL,
  `create_user` bigint(20) DEFAULT NULL,
  `update_user` bigint(20) DEFAULT NULL,
  `create_date` datetime DEFAULT CURRENT_TIMESTAMP,
  `update_date` datetime DEFAULT CURRENT_TIMESTAMP ON UPDATE CURRENT_TIMESTAMP,
  `remark` varchar(500) DEFAULT NULL,
  PRIMARY KEY (`groups_id`)
) ;

CREATE TABLE `history` (
  `history_id` bigint(20) NOT NULL AUTO_INCREMENT,
  `sql_fragment_id` bigint(20) DEFAULT NULL,
  `ds_id` char(10) DEFAULT NULL,
  `in_param` varchar(5000) DEFAULT NULL,
  `out_param` varchar(5000) DEFAULT NULL,
  `sql_content` varchar(5000) DEFAULT NULL,
  `status` varchar(10) NOT NULL,
  `create_user` bigint(20) DEFAULT NULL,
  `update_user` bigint(20) DEFAULT NULL,
  `create_date` datetime DEFAULT CURRENT_TIMESTAMP,
  `update_date` datetime DEFAULT CURRENT_TIMESTAMP ON UPDATE CURRENT_TIMESTAMP,
  `remark` varchar(500) DEFAULT NULL,
  PRIMARY KEY (`history_id`)
) ;

CREATE TABLE `oauth_client_details` (
  `CLIENT_ID` varchar(255) NOT NULL,
  `RESOURCE_IDS` varchar(255) DEFAULT NULL,
  `CLIENT_SECRET` varchar(255) DEFAULT NULL,
  `SCOPE` varchar(255) DEFAULT NULL,
  `AUTHORIZED_GRANT_TYPES` varchar(255) DEFAULT NULL,
  `WEB_SERVER_REDIRECT_URI` varchar(255) DEFAULT NULL,
  `AUTHORITIES` varchar(255) DEFAULT NULL,
  `ACCESS_TOKEN_VALIDITY` int(11) DEFAULT NULL,
  `REFRESH_TOKEN_VALIDITY` int(11) DEFAULT NULL,
  `ADDITIONAL_INFORMATION` varchar(4096) DEFAULT NULL,
  `AUTOAPPROVE` varchar(255) DEFAULT NULL,
  PRIMARY KEY (`CLIENT_ID`)
) ;

CREATE TABLE `org` (
  `org_id` bigint(20) NOT NULL AUTO_INCREMENT COMMENT '机构标识',
  `parent_id` bigint(20) NOT NULL COMMENT '上级机构标识',
  `org_code` varchar(20) NOT NULL COMMENT '机构编码',
  `org_name` varchar(50) NOT NULL COMMENT '机构名称',
  `org_type` varchar(10) NOT NULL DEFAULT '-1' COMMENT '机构类型,-1默认类型',
  `description` varchar(100) DEFAULT NULL COMMENT '机构描述',
  `status` varchar(10) NOT NULL DEFAULT '1200' COMMENT '状态',
  `create_user` bigint(20) DEFAULT NULL,
  `update_user` bigint(20) DEFAULT NULL,
  `create_date` timestamp NOT NULL DEFAULT CURRENT_TIMESTAMP,
  `update_date` timestamp NOT NULL DEFAULT CURRENT_TIMESTAMP ON UPDATE CURRENT_TIMESTAMP,
  `remark` varchar(500) DEFAULT NULL,
  PRIMARY KEY (`org_id`)
)  COMMENT='组织机构';

CREATE TABLE `org_attr` (
  `org_attr_id` bigint(20) NOT NULL AUTO_INCREMENT COMMENT '机构属性标识',
  `org_id` bigint(20) NOT NULL COMMENT '机构标识',
  `org_attr_code_id` bigint(20) NOT NULL COMMENT '机构编码定义标识',
  `data_value` varchar(500) DEFAULT NULL COMMENT '数据值',
  `status` varchar(10) NOT NULL DEFAULT '1000' COMMENT '状态',
  `create_user` bigint(20) DEFAULT NULL,
  `update_user` bigint(20) DEFAULT NULL,
  `create_date` timestamp NOT NULL DEFAULT CURRENT_TIMESTAMP,
  `update_date` timestamp NOT NULL DEFAULT CURRENT_TIMESTAMP ON UPDATE CURRENT_TIMESTAMP,
  `remark` varchar(500) DEFAULT NULL,
  PRIMARY KEY (`org_attr_id`)
)  COMMENT='组织机构属性';

CREATE TABLE `org_attr_code` (
  `org_attr_code_id` bigint(20) NOT NULL AUTO_INCREMENT COMMENT '机构标识',
  `attr_code` varchar(50) NOT NULL COMMENT '属性编码',
  `attr_name` varchar(50) NOT NULL COMMENT '属性名称',
  `data_type` varchar(10) NOT NULL DEFAULT 'string' COMMENT '数据类型，code=DATA_TYPE',
  `required` varchar(10) DEFAULT 'N' COMMENT '是否必须：code=YES_NO',
  `min_len` int(11) DEFAULT NULL COMMENT '最小长度',
  `max_len` int(11) DEFAULT NULL COMMENT '最大长度',
  `description` varchar(500) DEFAULT NULL,
  `status` varchar(10) NOT NULL DEFAULT '1200' COMMENT '状态',
  `create_user` bigint(20) DEFAULT NULL,
  `update_user` bigint(20) DEFAULT NULL,
  `create_date` timestamp NOT NULL DEFAULT CURRENT_TIMESTAMP,
  `update_date` timestamp NOT NULL DEFAULT CURRENT_TIMESTAMP ON UPDATE CURRENT_TIMESTAMP,
  `remark` varchar(500) DEFAULT NULL,
  PRIMARY KEY (`org_attr_code_id`)
)  COMMENT='组织机构属性定义';

CREATE TABLE `purview` (
  `purview_id` bigint(20) NOT NULL AUTO_INCREMENT,
  `purview_name` varchar(50) NOT NULL,
  `purview_type` varchar(10) NOT NULL COMMENT '1 菜单权限 2接口权限 3页面元素 4开放接口',
  `purview_code` varchar(50) NOT NULL,
  `url` varchar(500) DEFAULT NULL,
  `component` varchar(500) DEFAULT NULL,
  `icon` varchar(100) DEFAULT NULL,
  `parent_id` bigint(20) DEFAULT NULL,
  `path` varchar(100) DEFAULT NULL COMMENT '例如/1/3/4',
  `order_num` int(11) DEFAULT NULL,
  `hidden` tinyint(1) DEFAULT '0',
  `status` varchar(10) NOT NULL,
  `create_user` bigint(20) DEFAULT NULL,
  `update_user` bigint(20) DEFAULT NULL,
  `create_date` datetime DEFAULT CURRENT_TIMESTAMP,
  `update_date` datetime DEFAULT CURRENT_TIMESTAMP ON UPDATE CURRENT_TIMESTAMP,
  `remark` varchar(500) DEFAULT NULL,
  PRIMARY KEY (`purview_id`)
) ;

CREATE TABLE `rate` (
  `key` varchar(100) NOT NULL,
  `remaining` bigint(20) NOT NULL,
  `remaining_quota` bigint(20) NOT NULL,
  `reset` bigint(20) NOT NULL,
  `expiration` datetime DEFAULT NULL,
  PRIMARY KEY (`key`)
) ;

CREATE TABLE `role` (
  `role_id` bigint(20) NOT NULL AUTO_INCREMENT,
  `role_code` varchar(50) DEFAULT NULL,
  `role_name` varchar(50) DEFAULT NULL,
  `not_update` tinyint(1) DEFAULT '0' COMMENT '是否可删除的 1不可删除 ',
  `status` varchar(10) NOT NULL,
  `create_user` bigint(20) DEFAULT NULL,
  `update_user` bigint(20) DEFAULT NULL,
  `create_date` datetime DEFAULT CURRENT_TIMESTAMP,
  `update_date` datetime DEFAULT CURRENT_TIMESTAMP ON UPDATE CURRENT_TIMESTAMP,
  `remark` varchar(500) DEFAULT NULL,
  PRIMARY KEY (`role_id`)
) ;

CREATE TABLE `role_purview_rel` (
  `role_purview_rel_id` bigint(20) NOT NULL AUTO_INCREMENT,
  `role_id` bigint(20) NOT NULL,
  `purview_id` bigint(20) NOT NULL,
  `eff_date` datetime DEFAULT CURRENT_TIMESTAMP,
  `exp_date` datetime DEFAULT NULL,
  `status` varchar(10) NOT NULL,
  `create_user` bigint(20) DEFAULT NULL,
  `update_user` bigint(20) DEFAULT NULL,
  `create_date` datetime DEFAULT CURRENT_TIMESTAMP,
  `update_date` datetime DEFAULT CURRENT_TIMESTAMP ON UPDATE CURRENT_TIMESTAMP,
  `remark` varchar(500) DEFAULT NULL,
  PRIMARY KEY (`role_purview_rel_id`)
) ;

CREATE TABLE `route` (
  `route_id` bigint(20) NOT NULL AUTO_INCREMENT,
  `route_name` varchar(50) NOT NULL,
  `route_app_id` bigint(20) NOT NULL,
  `service_id` varchar(100) DEFAULT NULL,
  `url` varchar(500) DEFAULT NULL,
  `type` varchar(10) DEFAULT NULL,
  `prefix` varchar(100) DEFAULT NULL,
  `path` varchar(100) NOT NULL,
  `strip_prefix` tinyint(1) DEFAULT '1',
  `retryable` tinyint(1) DEFAULT '0',
  `sensitive_headers` varchar(100) DEFAULT NULL,
  `is_public` tinyint(1) DEFAULT NULL COMMENT '是否对外路由',
  `public_prefix` varchar(50) DEFAULT NULL COMMENT '对外访问前缀',
  `status` varchar(10) NOT NULL DEFAULT '1200' COMMENT '1200 未生效 1000正常 1300停用 1100已删除',
  `version` varchar(20) DEFAULT NULL,
  `custom_sensitive_headers` tinyint(1) DEFAULT '0',
  `create_user` bigint(20) DEFAULT NULL,
  `update_user` bigint(20) DEFAULT NULL,
  `create_date` datetime DEFAULT CURRENT_TIMESTAMP,
  `update_date` datetime DEFAULT CURRENT_TIMESTAMP ON UPDATE CURRENT_TIMESTAMP,
  `remark` varchar(500) DEFAULT NULL,
  PRIMARY KEY (`route_id`)
) ;

CREATE TABLE `route_app` (
  `route_app_id` bigint(20) NOT NULL AUTO_INCREMENT,
  `app_name` varchar(100) NOT NULL,
  `status` varchar(10) DEFAULT NULL,
  `create_user` bigint(20) DEFAULT NULL,
  `update_user` bigint(20) DEFAULT NULL,
  `create_date` datetime DEFAULT CURRENT_TIMESTAMP,
  `update_date` datetime DEFAULT CURRENT_TIMESTAMP ON UPDATE CURRENT_TIMESTAMP,
  `remark` varchar(500) DEFAULT NULL,
  PRIMARY KEY (`route_app_id`)
) ;

CREATE TABLE `route_gray` (
  `route_gray_id` bigint(20) NOT NULL AUTO_INCREMENT,
  `route_id` bigint(20) NOT NULL,
  `group_id` bigint(20) DEFAULT '-1',
  `gray_route_name` varchar(100) DEFAULT NULL,
  `service_id` varchar(50) NOT NULL,
  `service_instances` varchar(500) DEFAULT NULL,
  `path` varchar(500) NOT NULL,
  `main_version` varchar(50) NOT NULL,
  `gray_version` varchar(50) NOT NULL,
  `rule_type` varchar(20) DEFAULT NULL COMMENT 'WEIGHT_RANDOM/PARAM/HEADER',
  `weight` char(10) DEFAULT NULL,
  `headers` varchar(500) DEFAULT NULL COMMENT 'json对象',
  `params` varchar(500) DEFAULT NULL COMMENT 'json对象',
  `cookies` varchar(500) DEFAULT NULL COMMENT 'json对象',
  `status` varchar(10) NOT NULL DEFAULT '1000' COMMENT '1200 未生效 1000正常 1300停用 1100已删除',
  `create_user` bigint(20) DEFAULT NULL,
  `update_user` bigint(20) DEFAULT NULL,
  `create_date` datetime DEFAULT CURRENT_TIMESTAMP,
  `update_date` datetime DEFAULT CURRENT_TIMESTAMP ON UPDATE CURRENT_TIMESTAMP,
  `remark` varchar(500) DEFAULT NULL,
  PRIMARY KEY (`route_gray_id`)
) ;

CREATE TABLE `route_metrics` (
  `route_metrics_id` bigint(20) NOT NULL AUTO_INCREMENT,
  `route_id` bigint(20) NOT NULL,
  `metrics_name` varchar(100) DEFAULT NULL,
  `all_count` varchar(50) NOT NULL DEFAULT '0',
  `success_count` varchar(5000) DEFAULT '0',
  `error_count` double DEFAULT '0',
  `mean_rate` double DEFAULT '0',
  `mean_time` double DEFAULT '0',
  `min_time` double DEFAULT '0',
  `max_time` double DEFAULT '0',
  `m1_rate` double DEFAULT '0',
  `m5_rate` double DEFAULT '0',
  `m15_rate` double DEFAULT '0',
  `p75_less_time` double DEFAULT '0',
  `p95_less_time` double DEFAULT '0',
  `p99_less_time` double DEFAULT '0',
  `p999_less_time` double DEFAULT '0',
  `create_date` datetime DEFAULT CURRENT_TIMESTAMP,
  PRIMARY KEY (`route_metrics_id`)
) ;

CREATE TABLE `route_rate_limit_policy` (
  `route_rate_limit_policy_id` bigint(20) NOT NULL AUTO_INCREMENT,
  `route_id` bigint(20) DEFAULT NULL,
  `limit` bigint(20) NOT NULL,
  `quota` bigint(20) DEFAULT NULL,
  `refresh_interval` bigint(20) NOT NULL,
  `match_type` varchar(50) NOT NULL,
  `break_on_match` tinyint(1) NOT NULL,
  `limit_scope` varchar(10) DEFAULT 'special' COMMENT '限流作用范围,global全局 special指定的,默认special',
  `matcher` varchar(50) DEFAULT NULL COMMENT '匹配对象',
  `description` varchar(200) DEFAULT NULL COMMENT '''策略描述''',
  `status` varchar(10) DEFAULT NULL,
  `create_user` bigint(20) DEFAULT NULL,
  `update_user` bigint(20) DEFAULT NULL,
  `create_date` datetime DEFAULT CURRENT_TIMESTAMP,
  `update_date` datetime DEFAULT CURRENT_TIMESTAMP ON UPDATE CURRENT_TIMESTAMP,
  `remark` varchar(500) DEFAULT NULL,
  PRIMARY KEY (`route_rate_limit_policy_id`)
) ;

CREATE TABLE `scene` (
  `scene_id` bigint(20) NOT NULL AUTO_INCREMENT,
  `groups_id` bigint(20) DEFAULT NULL,
  `name` varchar(50) NOT NULL,
  `status` varchar(10) NOT NULL,
  `create_user` bigint(20) DEFAULT NULL,
  `update_user` bigint(20) DEFAULT NULL,
  `create_date` datetime DEFAULT CURRENT_TIMESTAMP,
  `update_date` datetime DEFAULT CURRENT_TIMESTAMP ON UPDATE CURRENT_TIMESTAMP,
  `remark` varchar(500) DEFAULT NULL,
  PRIMARY KEY (`scene_id`)
) ;

CREATE TABLE `scene_sql_fragment_rel` (
  `scene_sql_fragment_rel_id` bigint(20) NOT NULL AUTO_INCREMENT,
  `scene_id` bigint(20) NOT NULL,
  `sql_fragment_id` bigint(20) NOT NULL,
  `order_num` int(11) DEFAULT NULL,
  `status` varchar(10) NOT NULL,
  `create_user` bigint(20) DEFAULT NULL,
  `update_user` bigint(20) DEFAULT NULL,
  `create_date` datetime DEFAULT CURRENT_TIMESTAMP,
  `update_date` datetime DEFAULT CURRENT_TIMESTAMP ON UPDATE CURRENT_TIMESTAMP,
  `remark` varchar(500) DEFAULT NULL,
  PRIMARY KEY (`scene_sql_fragment_rel_id`)
) ;

CREATE TABLE `service` (
  `service_id` bigint(20) NOT NULL AUTO_INCREMENT,
  `route_id` bigint(20) DEFAULT NULL COMMENT 'type=1000时不为空',
  `service_group_id` bigint(20) DEFAULT '-1',
  `type` varchar(10) NOT NULL COMMENT '1000接口服务　2000页面服务(暂不支持)',
  `name` varchar(50) NOT NULL,
  `url` varchar(1000) NOT NULL,
  `description` varchar(500) DEFAULT NULL COMMENT '服务描述',
  `status` varchar(10) DEFAULT NULL,
  `create_user` bigint(20) DEFAULT NULL,
  `update_user` bigint(20) DEFAULT NULL,
  `create_date` datetime DEFAULT CURRENT_TIMESTAMP,
  `update_date` datetime DEFAULT CURRENT_TIMESTAMP ON UPDATE CURRENT_TIMESTAMP,
  `remark` varchar(500) DEFAULT NULL,
  `enable_monitor` tinyint(1) DEFAULT '0',
  PRIMARY KEY (`service_id`)
) ;

CREATE TABLE `service_group` (
  `service_group_id` bigint(20) NOT NULL AUTO_INCREMENT,
  `group_name` varchar(100) NOT NULL,
  `status` varchar(10) DEFAULT NULL,
  `create_user` bigint(20) DEFAULT NULL,
  `update_user` bigint(20) DEFAULT NULL,
  `create_date` datetime DEFAULT CURRENT_TIMESTAMP,
  `update_date` datetime DEFAULT CURRENT_TIMESTAMP ON UPDATE CURRENT_TIMESTAMP,
  `remark` varchar(500) DEFAULT NULL,
  PRIMARY KEY (`service_group_id`)
) ;

CREATE TABLE `service_purview` (
  `service_purview_id` bigint(20) NOT NULL AUTO_INCREMENT,
  `service_id` bigint(20) NOT NULL,
  `object_type` varchar(10) NOT NULL COMMENT '授权对象类型:user用户，app应用',
  `object_id` bigint(20) NOT NULL COMMENT '授权对象ID',
  `eff_date` datetime DEFAULT NULL,
  `exp_date` datetime DEFAULT NULL,
  `status` varchar(10) NOT NULL,
  `create_user` bigint(20) DEFAULT NULL,
  `update_user` bigint(20) DEFAULT NULL,
  `create_date` datetime DEFAULT CURRENT_TIMESTAMP,
  `update_date` datetime DEFAULT CURRENT_TIMESTAMP ON UPDATE CURRENT_TIMESTAMP,
  `remark` varchar(500) DEFAULT NULL,
  PRIMARY KEY (`service_purview_id`)
) ;

CREATE TABLE `sql_fragment` (
  `sql_fragment_id` bigint(20) NOT NULL AUTO_INCREMENT,
  `ds_id` bigint(20) NOT NULL,
  `groups_id` bigint(20) DEFAULT NULL,
  `name` varchar(50) NOT NULL,
  `sql_content` varchar(5000) NOT NULL,
  `status` varchar(10) NOT NULL,
  `create_user` bigint(20) DEFAULT NULL,
  `update_user` bigint(20) DEFAULT NULL,
  `create_date` datetime DEFAULT CURRENT_TIMESTAMP,
  `update_date` datetime DEFAULT CURRENT_TIMESTAMP ON UPDATE CURRENT_TIMESTAMP,
  `remark` varchar(500) DEFAULT NULL,
  PRIMARY KEY (`sql_fragment_id`)
) ;

CREATE TABLE `sql_fragment_parameter` (
  `parameter_id` bigint(20) NOT NULL AUTO_INCREMENT,
  `sql_fragment_id` bigint(20) NOT NULL,
  `name` varchar(50) NOT NULL,
  `data_type` varchar(10) NOT NULL DEFAULT 'STRING' COMMENT '数据类型:STRING字符串 NUMBER数字 默认STRING',
  `parameter_index` smallint(6) NOT NULL,
  `default_value` varchar(500) DEFAULT NULL,
  `not_empty` smallint(6) NOT NULL DEFAULT '0' COMMENT '是否允许为空:0 可为空 1不允许为空 默认0',
  `status` varchar(10) NOT NULL,
  `create_user` bigint(20) DEFAULT NULL,
  `update_user` bigint(20) DEFAULT NULL,
  `create_date` datetime DEFAULT CURRENT_TIMESTAMP,
  `update_date` datetime DEFAULT CURRENT_TIMESTAMP ON UPDATE CURRENT_TIMESTAMP,
  `remark` varchar(500) DEFAULT NULL,
  PRIMARY KEY (`parameter_id`)
) ;

CREATE TABLE `sys_dic_code` (
  `dic_code` varchar(50) NOT NULL,
  `dic_code_name` varchar(50) NOT NULL,
  `description` varchar(100) DEFAULT NULL,
  `create_date` datetime DEFAULT CURRENT_TIMESTAMP,
  `is_show` smallint(6) DEFAULT '0',
  PRIMARY KEY (`dic_code`)
)  COMMENT='字典表';

CREATE TABLE `sys_dic_item` (
  `item_code` varchar(50) NOT NULL COMMENT '字典项',
  `item_text` varchar(500) DEFAULT NULL COMMENT '字典值',
  `item_value` varchar(5000) DEFAULT NULL,
  `dic_code` varchar(50) NOT NULL COMMENT '字典分组',
  `description` varchar(100) DEFAULT NULL COMMENT '说明',
  `create_date` datetime DEFAULT CURRENT_TIMESTAMP COMMENT '创建时间',
  `status` varchar(4) DEFAULT '1000' COMMENT '状态：1000正常 2000 删除'
)  COMMENT='字典项';

CREATE TABLE `sys_config` (
  `config_id` bigint(20) NOT NULL AUTO_INCREMENT,
  `key` varchar(100) NOT NULL,
  `value` varchar(2000) DEFAULT NULL,
  `application` varchar(100) DEFAULT NULL,
  `profile` varchar(50) NOT NULL DEFAULT 'default',
  `label` varchar(100) NOT NULL DEFAULT 'master',
  `version` varchar(20) DEFAULT NULL,
  `remark` varchar(500) DEFAULT NULL,
  PRIMARY KEY (`config_id`)
) ;

CREATE TABLE `user` (
  `user_id` bigint(20) NOT NULL AUTO_INCREMENT,
  `open_id` varchar(64) DEFAULT NULL,
  `user_name` varchar(50) NOT NULL,
  `user_type` varchar(10) DEFAULT NULL COMMENT 'DIC_CODE=USER_TYPE',
  `password` varchar(512) DEFAULT NULL,
  `phone` varchar(11) DEFAULT NULL,
  `email` varchar(100) DEFAULT NULL,
  `device_id` varchar(100) DEFAULT NULL,
  `eff_date` datetime DEFAULT NULL,
  `exp_date` datetime DEFAULT NULL,
  `not_update` smallint(6) DEFAULT NULL,
  `secret_key` varchar(64) DEFAULT NULL,
  `avatar` varchar(100) DEFAULT NULL COMMENT '头像',
  `source` varchar(10) DEFAULT '00' COMMENT '用户来源 00 系统创建 01 用户注册 02其他系统接入',
  `description` varchar(500) DEFAULT NULL,
  `status` varchar(10) NOT NULL,
  `create_user` bigint(20) NOT NULL,
  `update_user` bigint(20) DEFAULT NULL,
  `create_date` datetime DEFAULT CURRENT_TIMESTAMP,
  `update_date` datetime DEFAULT CURRENT_TIMESTAMP ON UPDATE CURRENT_TIMESTAMP,
  `remark` varchar(500) DEFAULT NULL,
  PRIMARY KEY (`user_id`)
) ;

CREATE TABLE `user_attr` (
  `user_attr_id` bigint(20) NOT NULL AUTO_INCREMENT,
  `user_id` bigint(20) NOT NULL,
  `attr_code` varchar(50) NOT NULL COMMENT '关联sys_dic_code.dic_code',
  `attr_value` varchar(500) DEFAULT NULL,
  `status` varchar(10) NOT NULL,
  `create_user` bigint(20) DEFAULT NULL,
  `update_user` bigint(20) DEFAULT NULL,
  `create_date` datetime DEFAULT CURRENT_TIMESTAMP,
  `update_date` datetime DEFAULT CURRENT_TIMESTAMP ON UPDATE CURRENT_TIMESTAMP,
  `remark` varchar(500) DEFAULT NULL,
  PRIMARY KEY (`user_attr_id`)
) ;

CREATE TABLE `user_message` (
  `message_id` bigint(20) NOT NULL AUTO_INCREMENT,
  `user_id` bigint(20) NOT NULL,
  `type` varchar(10) NOT NULL,
  `content` text NOT NULL,
  `send_from` varchar(100) DEFAULT NULL,
  `send_to` varchar(100) DEFAULT NULL,
  `status` varchar(10) NOT NULL,
  `create_user` bigint(20) DEFAULT NULL,
  `update_user` bigint(20) DEFAULT NULL,
  `create_date` datetime DEFAULT CURRENT_TIMESTAMP,
  `update_date` datetime DEFAULT CURRENT_TIMESTAMP ON UPDATE CURRENT_TIMESTAMP,
  `title` varchar(100) NOT NULL,
  `remark` varchar(500) DEFAULT NULL,
  PRIMARY KEY (`message_id`)
) ;

CREATE TABLE `user_org_rel` (
  `user_org_rel_id` bigint(20) NOT NULL AUTO_INCREMENT COMMENT '用户组织机构标识',
  `user_id` bigint(20) NOT NULL COMMENT '用户标识',
  `org_id` bigint(20) NOT NULL COMMENT '机构标识',
  `status` varchar(10) NOT NULL,
  `create_user` bigint(20) DEFAULT NULL,
  `update_user` bigint(20) DEFAULT NULL,
  `create_date` datetime DEFAULT CURRENT_TIMESTAMP,
  `update_date` datetime DEFAULT CURRENT_TIMESTAMP ON UPDATE CURRENT_TIMESTAMP,
  `remark` varchar(500) DEFAULT NULL,
  PRIMARY KEY (`user_org_rel_id`)
)  COMMENT='用户组织机构';

CREATE TABLE `user_purview_rel` (
  `user_purview_rel_id` bigint(20) NOT NULL AUTO_INCREMENT,
  `purview_id` bigint(20) NOT NULL,
  `user_id` bigint(20) DEFAULT NULL,
  `eff_date` datetime DEFAULT NULL,
  `exp_date` datetime DEFAULT NULL,
  `status` varchar(10) NOT NULL,
  `create_user` bigint(20) DEFAULT NULL,
  `update_user` bigint(20) DEFAULT NULL,
  `create_date` datetime DEFAULT CURRENT_TIMESTAMP,
  `update_date` datetime DEFAULT CURRENT_TIMESTAMP ON UPDATE CURRENT_TIMESTAMP,
  `remark` varchar(500) DEFAULT NULL,
  PRIMARY KEY (`user_purview_rel_id`)
) ;

CREATE TABLE `user_role_rel` (
  `user_role_rel_id` bigint(20) NOT NULL AUTO_INCREMENT,
  `user_id` bigint(20) NOT NULL,
  `role_id` bigint(20) NOT NULL,
  `eff_date` datetime DEFAULT NULL,
  `exp_date` datetime DEFAULT NULL,
  `not_update` tinyint(1) DEFAULT '0' COMMENT '1不可删除 其他可删除',
  `status` varchar(10) NOT NULL,
  `create_user` bigint(20) DEFAULT NULL,
  `update_user` bigint(20) DEFAULT NULL,
  `create_date` datetime DEFAULT CURRENT_TIMESTAMP,
  `update_date` datetime DEFAULT CURRENT_TIMESTAMP ON UPDATE CURRENT_TIMESTAMP,
  `remark` varchar(500) DEFAULT NULL,
  PRIMARY KEY (`user_role_rel_id`)
) ;

DROP FUNCTION IF EXISTS `getOrgChildrenIds` ;

DELIMITER $$
CREATE DEFINER=`test_user`@`%` FUNCTION `getOrgChildrenIds`(`p_id` bigint) RETURNS varchar(1000) 
BEGIN
    DECLARE childList VARCHAR(1000);
    DECLARE tempChild VARCHAR(1000);

    SET childList = '';
    SET tempChild = CAST(p_id as CHAR);

    WHILE tempChild is not null
        DO
            SET childList = CONCAT(childList, ',', tempChild);
            SELECT GROUP_CONCAT(org_id)
            INTO tempChild
            FROM org
            where p_id <> org_id
              and FIND_IN_SET(parent_id, tempChild) > 0;
        END WHILE;
    set childList = REPLACE(childList, concat(',',p_id, ','), '');
    RETURN childList;
END
$$
DELIMITER ;

INSERT INTO `api` (`api_id`, `api_app_id`, `operation_id`, `name`, `tag`, `http_method`, `path`, `parameter`, `request_body`, `description`, `summary`, `response`, `extensions`, `version`, `status`, `create_user`, `update_user`, `create_date`, `update_date`, `remark`) VALUES ('2','1','purviewForRoleUsingPOST','purviewForRole','permission-manage-controller','POST','/permission/purview',null,'{"content":{"application/json":{"schema":{"type":"object"}}}}',null,null,'{"200":{"description":"OK","content":{"*/*":{"schema":{"$ref":"#/components/schemas/ResponseData"}}}},"201":{"description":"Created"},"401":{"description":"Unauthorized"},"403":{"description":"Forbidden"},"404":{"description":"Not Found"}}','{"x-order":"2147483647"}','default','1000',null,'1','2022-07-01 20:50:22','2022-07-01 21:14:49',null);
INSERT INTO `api` (`api_id`, `api_app_id`, `operation_id`, `name`, `tag`, `http_method`, `path`, `parameter`, `request_body`, `description`, `summary`, `response`, `extensions`, `version`, `status`, `create_user`, `update_user`, `create_date`, `update_date`, `remark`) VALUES ('3','1','qryPermissionUsersUsingGET','qryPermissionUsers','permission-manage-controller','GET','/permission/users','[{"schema":{"type":"string"},"in":"query","name":"component","style":"form","required":false},{"schema":{"type":"string"},"in":"query","name":"createDate","style":"form","required":false},{"schema":{"format":"int64","type":"integer"},"in":"query","name":"createUser","style":"form","required":false},{"schema":{"type":"string"},"in":"query","name":"effDate","style":"form","required":false},{"schema":{"type":"string"},"in":"query","name":"expDate","style":"form","required":false},{"schema":{"type":"string"},"in":"query","name":"filterText","style":"form","required":false},{"schema":{"type":"boolean"},"in":"query","name":"hidden","style":"form","required":false},{"schema":{"type":"string"},"in":"query","name":"icon","style":"form","required":false},{"schema":{"type":"string"},"in":"query","name":"isPermissions","style":"form","required":false},{"schema":{"format":"int32","type":"integer"},"in":"query","name":"orderNum","style":"form","required":false},{"schema":{"format":"int32","type":"integer"},"in":"query","name":"pageNum","style":"form","required":false},{"schema":{"format":"int32","type":"integer"},"in":"query","name":"pageSize","style":"form","required":false},{"schema":{"format":"int64","type":"integer"},"in":"query","name":"parentId","style":"form","required":false},{"schema":{"type":"string"},"in":"query","name":"path","style":"form","required":false},{"schema":{"type":"string"},"in":"query","name":"purviewCode","style":"form","required":false},{"schema":{"format":"int64","type":"integer"},"in":"query","name":"purviewId","style":"form","required":false},{"schema":{"type":"string"},"in":"query","name":"purviewName","style":"form","required":false},{"schema":{"type":"string"},"in":"query","name":"purviewObject","style":"form","required":false},{"schema":{"type":"string"},"in":"query","name":"purviewType","style":"form","required":false},{"schema":{"type":"string"},"in":"query","name":"remark","style":"form","required":false},{"schema":{"type":"string"},"in":"query","name":"status","style":"form","required":false},{"schema":{"type":"string"},"in":"query","name":"updateDate","style":"form","required":false},{"schema":{"format":"int64","type":"integer"},"in":"query","name":"updateUser","style":"form","required":false},{"schema":{"type":"string"},"in":"query","name":"url","style":"form","required":false},{"schema":{"format":"int64","type":"integer"},"in":"query","name":"userId","style":"form","required":false}]',null,null,null,'{"200":{"description":"OK","content":{"*/*":{"schema":{"$ref":"#/components/schemas/ResponseData"}}}},"401":{"description":"Unauthorized"},"403":{"description":"Forbidden"},"404":{"description":"Not Found"}}','{"x-order":"2147483647"}','default','1000',null,'1','2022-07-01 20:50:22','2022-07-01 21:14:49',null);
INSERT INTO `api` (`api_id`, `api_app_id`, `operation_id`, `name`, `tag`, `http_method`, `path`, `parameter`, `request_body`, `description`, `summary`, `response`, `extensions`, `version`, `status`, `create_user`, `update_user`, `create_date`, `update_date`, `remark`) VALUES ('4','1','sendSMSCodeUsingPOST','sendSMSCode','security-controller','POST','/security/sendSMSCode','[{"schema":{"type":"string"},"in":"query","name":"phone","description":"phone","style":"form","required":false}]',null,null,null,'{"200":{"description":"OK","content":{"*/*":{"schema":{"$ref":"#/components/schemas/ResponseData"}}}},"201":{"description":"Created"},"401":{"description":"Unauthorized"},"403":{"description":"Forbidden"},"404":{"description":"Not Found"}}','{"x-order":"2147483647"}','default','1000',null,'1','2022-07-01 20:50:22','2022-07-01 21:14:49',null);
INSERT INTO `api` (`api_id`, `api_app_id`, `operation_id`, `name`, `tag`, `http_method`, `path`, `parameter`, `request_body`, `description`, `summary`, `response`, `extensions`, `version`, `status`, `create_user`, `update_user`, `create_date`, `update_date`, `remark`) VALUES ('5','1','servicesUsingGET','services','tenant-manager-controller','GET','/tenantManager/service','[{"schema":{"type":"string"},"in":"query","name":"createDate","style":"form","required":false},{"schema":{"format":"int64","type":"integer"},"in":"query","name":"createUser","style":"form","required":false},{"schema":{"type":"string"},"in":"query","name":"isAuth","style":"form","required":false},{"schema":{"type":"string"},"in":"query","name":"option","style":"form","required":false},{"schema":{"format":"int32","type":"integer"},"in":"query","name":"pageNum","style":"form","required":false},{"schema":{"format":"int32","type":"integer"},"in":"query","name":"pageSize","style":"form","required":false},{"schema":{"type":"string"},"in":"query","name":"remark","style":"form","required":false},{"schema":{"type":"string"},"in":"query","name":"serviceName","style":"form","required":false},{"schema":{"type":"array","items":{"format":"int64","type":"integer"}},"in":"query","name":"services","style":"pipeDelimited","required":false},{"schema":{"type":"string"},"in":"query","name":"status","style":"form","required":false},{"schema":{"type":"string"},"in":"query","name":"updateDate","style":"form","required":false},{"schema":{"format":"int64","type":"integer"},"in":"query","name":"updateUser","style":"form","required":false},{"schema":{"format":"int64","type":"integer"},"in":"query","name":"userId","style":"form","required":true},{"schema":{"type":"array","items":{"format":"int64","type":"integer"}},"in":"query","name":"userIds","style":"pipeDelimited","required":false}]',null,null,null,'{"200":{"description":"OK","content":{"*/*":{"schema":{"$ref":"#/components/schemas/ResponseData"}}}},"401":{"description":"Unauthorized"},"403":{"description":"Forbidden"},"404":{"description":"Not Found"}}','{"x-order":"2147483647"}','default','1000',null,'1','2022-07-01 20:50:22','2022-07-01 21:14:49',null);
INSERT INTO `api` (`api_id`, `api_app_id`, `operation_id`, `name`, `tag`, `http_method`, `path`, `parameter`, `request_body`, `description`, `summary`, `response`, `extensions`, `version`, `status`, `create_user`, `update_user`, `create_date`, `update_date`, `remark`) VALUES ('6','1','serviceAuthorizationUsingPOST','serviceAuthorization','tenant-manager-controller','POST','/tenantManager/service',null,'{"content":{"application/json":{"schema":{"$ref":"#/components/schemas/TenantServiceReq"}}}}',null,null,'{"200":{"description":"OK","content":{"*/*":{"schema":{"$ref":"#/components/schemas/ResponseData"}}}},"201":{"description":"Created"},"401":{"description":"Unauthorized"},"403":{"description":"Forbidden"},"404":{"description":"Not Found"}}','{"x-order":"2147483647"}','default','1000',null,'1','2022-07-01 20:50:22','2022-07-01 21:14:49',null);
INSERT INTO `api` (`api_id`, `api_app_id`, `operation_id`, `name`, `tag`, `http_method`, `path`, `parameter`, `request_body`, `description`, `summary`, `response`, `extensions`, `version`, `status`, `create_user`, `update_user`, `create_date`, `update_date`, `remark`) VALUES ('7','1','deleteServiceAuthorizationUsingDELETE','deleteServiceAuthorization','tenant-manager-controller','DELETE','/tenantManager/service',null,null,null,null,'{"200":{"description":"OK","content":{"*/*":{"schema":{"$ref":"#/components/schemas/ResponseData"}}}},"401":{"description":"Unauthorized"},"204":{"description":"No Content"},"403":{"description":"Forbidden"}}','{"x-order":"2147483647"}','default','1000',null,'1','2022-07-01 20:50:22','2022-07-01 21:14:49',null);
INSERT INTO `api` (`api_id`, `api_app_id`, `operation_id`, `name`, `tag`, `http_method`, `path`, `parameter`, `request_body`, `description`, `summary`, `response`, `extensions`, `version`, `status`, `create_user`, `update_user`, `create_date`, `update_date`, `remark`) VALUES ('8','1','qryRolePermissionsUsingGET','qryRolePermissions','permission-manage-controller','GET','/permission/rolePermission','[{"schema":{"type":"string"},"in":"query","name":"createDate","style":"form","required":false},{"schema":{"format":"int64","type":"integer"},"in":"query","name":"createUser","style":"form","required":false},{"schema":{"type":"string"},"in":"query","name":"isPermissions","style":"form","required":false},{"schema":{"format":"int32","type":"integer"},"in":"query","name":"pageNum","style":"form","required":false},{"schema":{"format":"int32","type":"integer"},"in":"query","name":"pageSize","style":"form","required":false},{"schema":{"format":"int64","type":"integer"},"in":"query","name":"purviewId","style":"form","required":false},{"schema":{"type":"string"},"in":"query","name":"purviewName","style":"form","required":false},{"schema":{"type":"string"},"in":"query","name":"remark","style":"form","required":false},{"schema":{"format":"int64","type":"integer"},"in":"query","name":"roleId","style":"form","required":false},{"schema":{"type":"string"},"in":"query","name":"status","style":"form","required":false},{"schema":{"type":"string"},"in":"query","name":"updateDate","style":"form","required":false},{"schema":{"format":"int64","type":"integer"},"in":"query","name":"updateUser","style":"form","required":false}]',null,null,null,'{"200":{"description":"OK","content":{"*/*":{"schema":{"$ref":"#/components/schemas/ResponseData«PageInfo«Permission»»"}}}},"401":{"description":"Unauthorized"},"403":{"description":"Forbidden"},"404":{"description":"Not Found"}}','{"x-order":"2147483647"}','default','1000',null,'1','2022-07-01 20:50:22','2022-07-01 21:14:49',null);
INSERT INTO `api` (`api_id`, `api_app_id`, `operation_id`, `name`, `tag`, `http_method`, `path`, `parameter`, `request_body`, `description`, `summary`, `response`, `extensions`, `version`, `status`, `create_user`, `update_user`, `create_date`, `update_date`, `remark`) VALUES ('9','1','loginUsingPOST','login','security-controller','POST','/security/login',null,'{"content":{"application/json":{"schema":{"type":"object"}}}}',null,null,'{"200":{"description":"OK","content":{"*/*":{"schema":{"$ref":"#/components/schemas/ResponseData"}}}},"201":{"description":"Created"},"401":{"description":"Unauthorized"},"403":{"description":"Forbidden"},"404":{"description":"Not Found"}}','{"x-order":"2147483647"}','default','1000',null,'1','2022-07-01 20:50:22','2022-07-01 21:14:49',null);
INSERT INTO `api` (`api_id`, `api_app_id`, `operation_id`, `name`, `tag`, `http_method`, `path`, `parameter`, `request_body`, `description`, `summary`, `response`, `extensions`, `version`, `status`, `create_user`, `update_user`, `create_date`, `update_date`, `remark`) VALUES ('10','1','avatarUsingGET','avatar','用户管理','GET','/userManage/avatar','[{"schema":{"type":"string"},"in":"query","name":"pathName","description":"pathName","style":"form","required":false}]',null,null,null,'{"200":{"description":"OK"},"401":{"description":"Unauthorized"},"403":{"description":"Forbidden"},"404":{"description":"Not Found"}}','{"x-order":"2147483647"}','default','1000',null,'1','2022-07-01 20:50:22','2022-07-01 21:14:49',null);
INSERT INTO `api` (`api_id`, `api_app_id`, `operation_id`, `name`, `tag`, `http_method`, `path`, `parameter`, `request_body`, `description`, `summary`, `response`, `extensions`, `version`, `status`, `create_user`, `update_user`, `create_date`, `update_date`, `remark`) VALUES ('11','1','uploadAvatarUsingPOST','uploadAvatar','用户管理','POST','/userManage/avatar',null,'{"content":{"multipart/form-data":{"schema":{"type":"object","required":["file"],"properties":{"file":{"format":"binary","description":"file","type":"string"}}}}}}',null,null,'{"200":{"description":"OK","content":{"*/*":{"schema":{"$ref":"#/components/schemas/ResponseData«string»"}}}},"201":{"description":"Created"},"401":{"description":"Unauthorized"},"403":{"description":"Forbidden"},"404":{"description":"Not Found"}}','{"x-order":"2147483647"}','default','1000',null,'1','2022-07-01 20:50:22','2022-07-01 21:14:49',null);
INSERT INTO `api` (`api_id`, `api_app_id`, `operation_id`, `name`, `tag`, `http_method`, `path`, `parameter`, `request_body`, `description`, `summary`, `response`, `extensions`, `version`, `status`, `create_user`, `update_user`, `create_date`, `update_date`, `remark`) VALUES ('12','1','getDicListUsingGET','getDicList','base-controller','GET','/common/dic','[{"schema":{"type":"string"},"in":"query","name":"code","description":"code","style":"form","required":false},{"schema":{"type":"boolean"},"in":"query","name":"showAll","description":"showAll","style":"form","required":false}]',null,null,null,'{"200":{"description":"OK","content":{"*/*":{"schema":{"$ref":"#/components/schemas/ResponseData"}}}},"401":{"description":"Unauthorized"},"403":{"description":"Forbidden"},"404":{"description":"Not Found"}}','{"x-order":"2147483647"}','default','1000',null,'1','2022-07-01 20:50:22','2022-07-01 21:14:49',null);
INSERT INTO `api` (`api_id`, `api_app_id`, `operation_id`, `name`, `tag`, `http_method`, `path`, `parameter`, `request_body`, `description`, `summary`, `response`, `extensions`, `version`, `status`, `create_user`, `update_user`, `create_date`, `update_date`, `remark`) VALUES ('14','1','authenticateUsingPOST','authenticate','oauth-controller','POST','/oauth/token',null,'{"content":{"application/json":{"schema":{"$ref":"#/components/schemas/AuthenticationReq"}}}}',null,null,'{"200":{"description":"OK","content":{"*/*":{"schema":{"$ref":"#/components/schemas/ResponseData«AuthenticationRes»"}}}},"201":{"description":"Created"},"401":{"description":"Unauthorized"},"403":{"description":"Forbidden"},"404":{"description":"Not Found"}}','{"x-order":"2147483647"}','default','1000',null,'1','2022-07-01 20:50:22','2022-07-01 21:14:49',null);
INSERT INTO `api` (`api_id`, `api_app_id`, `operation_id`, `name`, `tag`, `http_method`, `path`, `parameter`, `request_body`, `description`, `summary`, `response`, `extensions`, `version`, `status`, `create_user`, `update_user`, `create_date`, `update_date`, `remark`) VALUES ('17','1','sendImageCodeUsingPOST','sendImageCode','security-controller','POST','/security/getImageCode',null,null,null,null,'{"200":{"description":"OK","content":{"*/*":{"schema":{"$ref":"#/components/schemas/ResponseData"}}}},"201":{"description":"Created"},"401":{"description":"Unauthorized"},"403":{"description":"Forbidden"},"404":{"description":"Not Found"}}','{"x-order":"2147483647"}','default','1000',null,'1','2022-07-01 20:50:22','2022-07-01 21:14:49',null);
INSERT INTO `api` (`api_id`, `api_app_id`, `operation_id`, `name`, `tag`, `http_method`, `path`, `parameter`, `request_body`, `description`, `summary`, `response`, `extensions`, `version`, `status`, `create_user`, `update_user`, `create_date`, `update_date`, `remark`) VALUES ('18','1','logoutUsingGET','logout','security-controller','GET','/security/logout',null,null,null,null,'{"200":{"description":"OK","content":{"*/*":{"schema":{"$ref":"#/components/schemas/ResponseData"}}}},"401":{"description":"Unauthorized"},"403":{"description":"Forbidden"},"404":{"description":"Not Found"}}','{"x-order":"2147483647"}','default','1000',null,'1','2022-07-01 20:50:22','2022-07-01 21:14:50',null);
INSERT INTO `api` (`api_id`, `api_app_id`, `operation_id`, `name`, `tag`, `http_method`, `path`, `parameter`, `request_body`, `description`, `summary`, `response`, `extensions`, `version`, `status`, `create_user`, `update_user`, `create_date`, `update_date`, `remark`) VALUES ('19','1','getWxUserAuthInfoUsingGET','getWxUserAuthInfo','user-controller','GET','/user/wx/auth','[{"schema":{"type":"string"},"in":"query","name":"random","description":"random","style":"form","required":false}]',null,null,null,'{"200":{"description":"OK","content":{"*/*":{"schema":{"$ref":"#/components/schemas/ResponseData"}}}},"401":{"description":"Unauthorized"},"403":{"description":"Forbidden"},"404":{"description":"Not Found"}}','{"x-order":"2147483647"}','default','1000',null,'1','2022-07-01 20:50:22','2022-07-01 21:14:50',null);
INSERT INTO `api` (`api_id`, `api_app_id`, `operation_id`, `name`, `tag`, `http_method`, `path`, `parameter`, `request_body`, `description`, `summary`, `response`, `extensions`, `version`, `status`, `create_user`, `update_user`, `create_date`, `update_date`, `remark`) VALUES ('20','1','getUserBaseInfoUsingGET','getUserBaseInfo','user-controller','GET','/user/token','[{"schema":{"type":"string"},"in":"query","name":"token","description":"token","style":"form","required":false},{"schema":{"type":"string"},"in":"query","name":"scope","description":"scope","style":"form","required":false}]',null,null,null,'{"200":{"description":"OK","content":{"*/*":{"schema":{"$ref":"#/components/schemas/ResponseData"}}}},"401":{"description":"Unauthorized"},"403":{"description":"Forbidden"},"404":{"description":"Not Found"}}','{"x-order":"2147483647"}','default','1000',null,'1','2022-07-01 20:50:22','2022-07-01 21:14:50',null);
INSERT INTO `api` (`api_id`, `api_app_id`, `operation_id`, `name`, `tag`, `http_method`, `path`, `parameter`, `request_body`, `description`, `summary`, `response`, `extensions`, `version`, `status`, `create_user`, `update_user`, `create_date`, `update_date`, `remark`) VALUES ('21','1','treeUsingGET','查询机构列表','机构管理','GET','/orgManage/tree','[{"schema":{"type":"string"},"in":"query","name":"createDate","style":"form","required":false},{"schema":{"format":"int64","type":"integer"},"in":"query","name":"createUser","style":"form","required":false},{"schema":{"type":"string"},"in":"query","name":"filterText","style":"form","required":false},{"schema":{"type":"string"},"in":"query","name":"orgType","style":"form","required":false},{"schema":{"format":"int32","type":"integer"},"in":"query","name":"pageNum","style":"form","required":false},{"schema":{"format":"int32","type":"integer"},"in":"query","name":"pageSize","style":"form","required":false},{"schema":{"format":"int64","type":"integer"},"in":"query","name":"parentId","style":"form","required":false},{"schema":{"type":"string"},"in":"query","name":"remark","style":"form","required":false},{"schema":{"type":"string"},"in":"query","name":"status","style":"form","required":false},{"schema":{"type":"string"},"in":"query","name":"updateDate","style":"form","required":false},{"schema":{"format":"int64","type":"integer"},"in":"query","name":"updateUser","style":"form","required":false}]',null,null,null,'{"200":{"description":"OK","content":{"*/*":{"schema":{"$ref":"#/components/schemas/ResponseData«List«Tree«long»»»"}}}},"401":{"description":"Unauthorized"},"403":{"description":"Forbidden"},"404":{"description":"Not Found"}}','{"x-order":"2147483647"}','default','1000',null,'1','2022-07-01 20:50:22','2022-07-01 21:14:50',null);
INSERT INTO `api` (`api_id`, `api_app_id`, `operation_id`, `name`, `tag`, `http_method`, `path`, `parameter`, `request_body`, `description`, `summary`, `response`, `extensions`, `version`, `status`, `create_user`, `update_user`, `create_date`, `update_date`, `remark`) VALUES ('22','1','detailUsingGET_1','detail','用户管理','GET','/userManage/{userId}','[{"schema":{"format":"int64","type":"integer"},"in":"path","name":"userId","description":"userId","style":"simple","required":true}]',null,null,null,'{"200":{"description":"OK","content":{"*/*":{"schema":{"$ref":"#/components/schemas/ResponseData"}}}},"401":{"description":"Unauthorized"},"403":{"description":"Forbidden"},"404":{"description":"Not Found"}}','{"x-order":"2147483647"}','default','1000',null,'1','2022-07-01 20:50:22','2022-07-01 21:14:50',null);
INSERT INTO `api` (`api_id`, `api_app_id`, `operation_id`, `name`, `tag`, `http_method`, `path`, `parameter`, `request_body`, `description`, `summary`, `response`, `extensions`, `version`, `status`, `create_user`, `update_user`, `create_date`, `update_date`, `remark`) VALUES ('23','1','resetPwdUsingPATCH','resetPwd','用户管理','PATH','/userManage/resetPwd',null,'{"content":{"application/json":{"schema":{"$ref":"#/components/schemas/ResetPwdReq"}}}}',null,null,'{"200":{"description":"OK","content":{"*/*":{"schema":{"$ref":"#/components/schemas/ResponseData«Void»"}}}},"401":{"description":"Unauthorized"},"204":{"description":"No Content"},"403":{"description":"Forbidden"}}','{"x-order":"2147483647"}','default','1000',null,'1','2022-07-01 20:50:22','2022-07-01 21:14:50',null);
INSERT INTO `api` (`api_id`, `api_app_id`, `operation_id`, `name`, `tag`, `http_method`, `path`, `parameter`, `request_body`, `description`, `summary`, `response`, `extensions`, `version`, `status`, `create_user`, `update_user`, `create_date`, `update_date`, `remark`) VALUES ('24','1','qryUserRolesUsingGET','qryUserRoles','用户管理','GET','/userManage/roles','[{"schema":{"type":"string"},"in":"query","name":"avatar","style":"form","required":false},{"schema":{"type":"string"},"in":"query","name":"createDate","style":"form","required":false},{"schema":{"format":"int64","type":"integer"},"in":"query","name":"createUser","style":"form","required":false},{"schema":{"type":"string"},"in":"query","name":"description","style":"form","required":false},{"schema":{"type":"string"},"in":"query","name":"effDate","style":"form","required":false},{"schema":{"type":"string"},"in":"query","name":"email","style":"form","required":false},{"schema":{"type":"string"},"in":"query","name":"expDate","style":"form","required":false},{"schema":{"type":"string"},"in":"query","name":"filterText","style":"form","required":false},{"schema":{"type":"string"},"in":"query","name":"isAuthorized","style":"form","required":false},{"schema":{"format":"int32","type":"integer"},"in":"query","name":"notUpdate","style":"form","required":false},{"schema":{"type":"string"},"in":"query","name":"openId","style":"form","required":false},{"schema":{"format":"int64","type":"integer"},"in":"query","name":"orgId","style":"form","required":false},{"schema":{"format":"int32","type":"integer"},"in":"query","name":"pageNum","style":"form","required":false},{"schema":{"format":"int32","type":"integer"},"in":"query","name":"pageSize","style":"form","required":false},{"schema":{"type":"string"},"in":"query","name":"password","style":"form","required":false},{"schema":{"type":"string"},"in":"query","name":"phone","style":"form","required":false},{"schema":{"type":"string"},"in":"query","name":"remark","style":"form","required":false},{"schema":{"type":"string"},"in":"query","name":"secretKey","style":"form","required":false},{"schema":{"type":"string"},"in":"query","name":"status","style":"form","required":false},{"schema":{"type":"string"},"in":"query","name":"updateDate","style":"form","required":false},{"schema":{"format":"int64","type":"integer"},"in":"query","name":"updateUser","style":"form","required":false},{"schema":{"format":"int64","type":"integer"},"in":"query","name":"userId","style":"form","required":true},{"schema":{"type":"string"},"in":"query","name":"userName","style":"form","required":false},{"schema":{"type":"string"},"in":"query","name":"userType","style":"form","required":false}]',null,null,null,'{"200":{"description":"OK","content":{"*/*":{"schema":{"$ref":"#/components/schemas/ResponseData"}}}},"401":{"description":"Unauthorized"},"403":{"description":"Forbidden"},"404":{"description":"Not Found"}}','{"x-order":"2147483647"}','default','1000',null,'1','2022-07-01 20:50:22','2022-07-01 21:14:50',null);
INSERT INTO `api` (`api_id`, `api_app_id`, `operation_id`, `name`, `tag`, `http_method`, `path`, `parameter`, `request_body`, `description`, `summary`, `response`, `extensions`, `version`, `status`, `create_user`, `update_user`, `create_date`, `update_date`, `remark`) VALUES ('25','1','addOrUpdateUserRolesUsingPOST','addOrUpdateUserRoles','用户管理','POST','/userManage/roles',null,'{"content":{"application/json":{"schema":{"type":"object"}}}}',null,null,'{"200":{"description":"OK","content":{"*/*":{"schema":{"$ref":"#/components/schemas/ResponseData"}}}},"201":{"description":"Created"},"401":{"description":"Unauthorized"},"403":{"description":"Forbidden"},"404":{"description":"Not Found"}}','{"x-order":"2147483647"}','default','1000',null,'1','2022-07-01 20:50:22','2022-07-01 21:14:50',null);
INSERT INTO `api` (`api_id`, `api_app_id`, `operation_id`, `name`, `tag`, `http_method`, `path`, `parameter`, `request_body`, `description`, `summary`, `response`, `extensions`, `version`, `status`, `create_user`, `update_user`, `create_date`, `update_date`, `remark`) VALUES ('26','1','qryPermissionListUsingGET','qryPermissionList','permission-manage-controller','GET','/permission','[{"schema":{"type":"string"},"in":"query","name":"component","style":"form","required":false},{"schema":{"type":"string"},"in":"query","name":"createDate","style":"form","required":false},{"schema":{"format":"int64","type":"integer"},"in":"query","name":"createUser","style":"form","required":false},{"schema":{"type":"string"},"in":"query","name":"effDate","style":"form","required":false},{"schema":{"type":"string"},"in":"query","name":"expDate","style":"form","required":false},{"schema":{"type":"string"},"in":"query","name":"filterText","style":"form","required":false},{"schema":{"type":"boolean"},"in":"query","name":"hidden","style":"form","required":false},{"schema":{"type":"string"},"in":"query","name":"icon","style":"form","required":false},{"schema":{"type":"string"},"in":"query","name":"isPermissions","style":"form","required":false},{"schema":{"format":"int32","type":"integer"},"in":"query","name":"orderNum","style":"form","required":false},{"schema":{"format":"int32","type":"integer"},"in":"query","name":"pageNum","style":"form","required":false},{"schema":{"format":"int32","type":"integer"},"in":"query","name":"pageSize","style":"form","required":false},{"schema":{"format":"int64","type":"integer"},"in":"query","name":"parentId","style":"form","required":false},{"schema":{"type":"string"},"in":"query","name":"path","style":"form","required":false},{"schema":{"type":"string"},"in":"query","name":"purviewCode","style":"form","required":false},{"schema":{"format":"int64","type":"integer"},"in":"query","name":"purviewId","style":"form","required":false},{"schema":{"type":"string"},"in":"query","name":"purviewName","style":"form","required":false},{"schema":{"type":"string"},"in":"query","name":"purviewObject","style":"form","required":false},{"schema":{"type":"string"},"in":"query","name":"purviewType","style":"form","required":false},{"schema":{"type":"string"},"in":"query","name":"remark","style":"form","required":false},{"schema":{"type":"string"},"in":"query","name":"status","style":"form","required":false},{"schema":{"type":"string"},"in":"query","name":"updateDate","style":"form","required":false},{"schema":{"format":"int64","type":"integer"},"in":"query","name":"updateUser","style":"form","required":false},{"schema":{"type":"string"},"in":"query","name":"url","style":"form","required":false},{"schema":{"format":"int64","type":"integer"},"in":"query","name":"userId","style":"form","required":false}]',null,null,null,'{"200":{"description":"OK","content":{"*/*":{"schema":{"$ref":"#/components/schemas/ResponseData"}}}},"401":{"description":"Unauthorized"},"403":{"description":"Forbidden"},"404":{"description":"Not Found"}}','{"x-order":"2147483647"}','default','1000',null,'1','2022-07-01 20:50:22','2022-07-01 21:14:50',null);
INSERT INTO `api` (`api_id`, `api_app_id`, `operation_id`, `name`, `tag`, `http_method`, `path`, `parameter`, `request_body`, `description`, `summary`, `response`, `extensions`, `version`, `status`, `create_user`, `update_user`, `create_date`, `update_date`, `remark`) VALUES ('27','1','addPermissionUsingPOST','addPermission','permission-manage-controller','POST','/permission',null,'{"content":{"application/json":{"schema":{"$ref":"#/components/schemas/Permission"}}}}',null,null,'{"200":{"description":"OK","content":{"*/*":{"schema":{"$ref":"#/components/schemas/ResponseData"}}}},"201":{"description":"Created"},"401":{"description":"Unauthorized"},"403":{"description":"Forbidden"},"404":{"description":"Not Found"}}','{"x-order":"2147483647"}','default','1000',null,'1','2022-07-01 20:50:22','2022-07-01 21:14:50',null);
INSERT INTO `api` (`api_id`, `api_app_id`, `operation_id`, `name`, `tag`, `http_method`, `path`, `parameter`, `request_body`, `description`, `summary`, `response`, `extensions`, `version`, `status`, `create_user`, `update_user`, `create_date`, `update_date`, `remark`) VALUES ('29','1','redirectUsingGET','redirect','user-controller','GET','/user/wx/redirect','[{"schema":{"type":"string"},"in":"query","name":"code","description":"code","style":"form","required":false},{"schema":{"type":"string"},"in":"query","name":"state","description":"state","style":"form","required":false}]',null,null,null,'{"200":{"description":"OK","content":{"*/*":{"schema":{"$ref":"#/components/schemas/ResponseData"}}}},"401":{"description":"Unauthorized"},"403":{"description":"Forbidden"},"404":{"description":"Not Found"}}','{"x-order":"2147483647"}','default','1000',null,'1','2022-07-01 20:50:22','2022-07-01 21:14:50',null);
INSERT INTO `api` (`api_id`, `api_app_id`, `operation_id`, `name`, `tag`, `http_method`, `path`, `parameter`, `request_body`, `description`, `summary`, `response`, `extensions`, `version`, `status`, `create_user`, `update_user`, `create_date`, `update_date`, `remark`) VALUES ('30','1','qryUserPermissionsUsingGET','qryUserPermissions','用户管理','GET','/userManage/permissions','[{"schema":{"type":"string"},"in":"query","name":"component","style":"form","required":false},{"schema":{"type":"string"},"in":"query","name":"createDate","style":"form","required":false},{"schema":{"format":"int64","type":"integer"},"in":"query","name":"createUser","style":"form","required":false},{"schema":{"type":"string"},"in":"query","name":"effDate","style":"form","required":false},{"schema":{"type":"string"},"in":"query","name":"expDate","style":"form","required":false},{"schema":{"type":"string"},"in":"query","name":"filterText","style":"form","required":false},{"schema":{"type":"boolean"},"in":"query","name":"hidden","style":"form","required":false},{"schema":{"type":"string"},"in":"query","name":"icon","style":"form","required":false},{"schema":{"type":"string"},"in":"query","name":"isPermissions","style":"form","required":false},{"schema":{"format":"int32","type":"integer"},"in":"query","name":"orderNum","style":"form","required":false},{"schema":{"format":"int32","type":"integer"},"in":"query","name":"pageNum","style":"form","required":false},{"schema":{"format":"int32","type":"integer"},"in":"query","name":"pageSize","style":"form","required":false},{"schema":{"format":"int64","type":"integer"},"in":"query","name":"parentId","style":"form","required":false},{"schema":{"type":"string"},"in":"query","name":"path","style":"form","required":false},{"schema":{"type":"string"},"in":"query","name":"purviewCode","style":"form","required":false},{"schema":{"format":"int64","type":"integer"},"in":"query","name":"purviewId","style":"form","required":false},{"schema":{"type":"string"},"in":"query","name":"purviewName","style":"form","required":false},{"schema":{"type":"string"},"in":"query","name":"purviewObject","style":"form","required":false},{"schema":{"type":"string"},"in":"query","name":"purviewType","style":"form","required":false},{"schema":{"type":"string"},"in":"query","name":"remark","style":"form","required":false},{"schema":{"type":"string"},"in":"query","name":"status","style":"form","required":false},{"schema":{"type":"string"},"in":"query","name":"updateDate","style":"form","required":false},{"schema":{"format":"int64","type":"integer"},"in":"query","name":"updateUser","style":"form","required":false},{"schema":{"type":"string"},"in":"query","name":"url","style":"form","required":false},{"schema":{"format":"int64","type":"integer"},"in":"query","name":"userId","style":"form","required":false}]',null,null,null,'{"200":{"description":"OK","content":{"*/*":{"schema":{"$ref":"#/components/schemas/ResponseData"}}}},"401":{"description":"Unauthorized"},"403":{"description":"Forbidden"},"404":{"description":"Not Found"}}','{"x-order":"2147483647"}','default','1000',null,'1','2022-07-01 20:50:22','2022-07-01 21:14:50',null);
INSERT INTO `api` (`api_id`, `api_app_id`, `operation_id`, `name`, `tag`, `http_method`, `path`, `parameter`, `request_body`, `description`, `summary`, `response`, `extensions`, `version`, `status`, `create_user`, `update_user`, `create_date`, `update_date`, `remark`) VALUES ('31','1','addOrUpdateUserPermissionsUsingPOST','addOrUpdateUserPermissions','用户管理','POST','/userManage/permissions',null,'{"content":{"application/json":{"schema":{"type":"object"}}}}',null,null,'{"200":{"description":"OK","content":{"*/*":{"schema":{"$ref":"#/components/schemas/ResponseData"}}}},"201":{"description":"Created"},"401":{"description":"Unauthorized"},"403":{"description":"Forbidden"},"404":{"description":"Not Found"}}','{"x-order":"2147483647"}','default','1000',null,'1','2022-07-01 20:50:22','2022-07-01 21:14:50',null);
INSERT INTO `api` (`api_id`, `api_app_id`, `operation_id`, `name`, `tag`, `http_method`, `path`, `parameter`, `request_body`, `description`, `summary`, `response`, `extensions`, `version`, `status`, `create_user`, `update_user`, `create_date`, `update_date`, `remark`) VALUES ('32','1','detailUsingGET','查询机构详情','机构管理','GET','/orgManage/{orgId}','[{"schema":{"format":"int64","type":"integer"},"in":"path","name":"orgId","description":"orgId","style":"simple","required":true}]',null,null,null,'{"200":{"description":"OK","content":{"*/*":{"schema":{"$ref":"#/components/schemas/ResponseData«OrgDetailRes»"}}}},"401":{"description":"Unauthorized"},"403":{"description":"Forbidden"},"404":{"description":"Not Found"}}','{"x-order":"2147483647"}','default','1000',null,'1','2022-07-01 20:50:22','2022-07-01 21:14:50',null);
INSERT INTO `api` (`api_id`, `api_app_id`, `operation_id`, `name`, `tag`, `http_method`, `path`, `parameter`, `request_body`, `description`, `summary`, `response`, `extensions`, `version`, `status`, `create_user`, `update_user`, `create_date`, `update_date`, `remark`) VALUES ('33','1','listUsingGET','查询机构列表','机构管理','GET','/orgManage','[{"schema":{"type":"string"},"in":"query","name":"createDate","style":"form","required":false},{"schema":{"format":"int64","type":"integer"},"in":"query","name":"createUser","style":"form","required":false},{"schema":{"type":"string"},"in":"query","name":"filterText","style":"form","required":false},{"schema":{"type":"string"},"in":"query","name":"orgType","style":"form","required":false},{"schema":{"format":"int32","type":"integer"},"in":"query","name":"pageNum","style":"form","required":false},{"schema":{"format":"int32","type":"integer"},"in":"query","name":"pageSize","style":"form","required":false},{"schema":{"format":"int64","type":"integer"},"in":"query","name":"parentId","style":"form","required":false},{"schema":{"type":"string"},"in":"query","name":"remark","style":"form","required":false},{"schema":{"type":"string"},"in":"query","name":"status","style":"form","required":false},{"schema":{"type":"string"},"in":"query","name":"updateDate","style":"form","required":false},{"schema":{"format":"int64","type":"integer"},"in":"query","name":"updateUser","style":"form","required":false}]',null,null,null,'{"200":{"description":"OK","content":{"*/*":{"schema":{"$ref":"#/components/schemas/ResponseData«PageInfo«OrgListRes»»"}}}},"401":{"description":"Unauthorized"},"403":{"description":"Forbidden"},"404":{"description":"Not Found"}}','{"x-order":"2147483647"}','default','1000',null,'1','2022-07-01 20:50:22','2022-07-01 21:14:50',null);
INSERT INTO `api` (`api_id`, `api_app_id`, `operation_id`, `name`, `tag`, `http_method`, `path`, `parameter`, `request_body`, `description`, `summary`, `response`, `extensions`, `version`, `status`, `create_user`, `update_user`, `create_date`, `update_date`, `remark`) VALUES ('34','1','addUsingPOST','新增机构','机构管理','POST','/orgManage',null,'{"content":{"application/json":{"schema":{"$ref":"#/components/schemas/OrgAddReq"}}}}',null,null,'{"200":{"description":"OK","content":{"*/*":{"schema":{"$ref":"#/components/schemas/ResponseData«Void»"}}}},"201":{"description":"Created"},"401":{"description":"Unauthorized"},"403":{"description":"Forbidden"},"404":{"description":"Not Found"}}','{"x-order":"2147483647"}','default','1000',null,'1','2022-07-01 20:50:22','2022-07-01 21:14:50',null);
INSERT INTO `api` (`api_id`, `api_app_id`, `operation_id`, `name`, `tag`, `http_method`, `path`, `parameter`, `request_body`, `description`, `summary`, `response`, `extensions`, `version`, `status`, `create_user`, `update_user`, `create_date`, `update_date`, `remark`) VALUES ('35','1','updateUsingPATCH','更新机构','机构管理','PATH','/orgManage',null,'{"content":{"application/json":{"schema":{"$ref":"#/components/schemas/OrgUpdateReq"}}}}',null,null,'{"200":{"description":"OK","content":{"*/*":{"schema":{"$ref":"#/components/schemas/ResponseData«Void»"}}}},"401":{"description":"Unauthorized"},"204":{"description":"No Content"},"403":{"description":"Forbidden"}}','{"x-order":"2147483647"}','default','1000',null,'1','2022-07-01 20:50:22','2022-07-01 21:14:50',null);
INSERT INTO `api` (`api_id`, `api_app_id`, `operation_id`, `name`, `tag`, `http_method`, `path`, `parameter`, `request_body`, `description`, `summary`, `response`, `extensions`, `version`, `status`, `create_user`, `update_user`, `create_date`, `update_date`, `remark`) VALUES ('36','1','deleteUsingDELETE','删除机构','机构管理','DELETE','/orgManage','[{"schema":{"type":"string"},"in":"path","name":"orgIds","description":"orgIds","style":"simple","required":true}]',null,null,null,'{"200":{"description":"OK","content":{"*/*":{"schema":{"$ref":"#/components/schemas/ResponseData«Void»"}}}},"401":{"description":"Unauthorized"},"204":{"description":"No Content"},"403":{"description":"Forbidden"}}','{"x-order":"2147483647"}','default','1000',null,'1','2022-07-01 20:50:22','2022-07-01 21:14:50',null);
INSERT INTO `api` (`api_id`, `api_app_id`, `operation_id`, `name`, `tag`, `http_method`, `path`, `parameter`, `request_body`, `description`, `summary`, `response`, `extensions`, `version`, `status`, `create_user`, `update_user`, `create_date`, `update_date`, `remark`) VALUES ('37','1','deleteRoleUsingDELETE','deleteRole','role-manage-controller','DELETE','/role/{roleId}','[{"schema":{"format":"int64","type":"integer"},"in":"path","name":"roleId","description":"roleId","style":"simple","required":true}]',null,null,null,'{"200":{"description":"OK","content":{"*/*":{"schema":{"$ref":"#/components/schemas/ResponseData"}}}},"401":{"description":"Unauthorized"},"204":{"description":"No Content"},"403":{"description":"Forbidden"}}','{"x-order":"2147483647"}','default','1000',null,'1','2022-07-01 20:50:22','2022-07-01 21:14:50',null);
INSERT INTO `api` (`api_id`, `api_app_id`, `operation_id`, `name`, `tag`, `http_method`, `path`, `parameter`, `request_body`, `description`, `summary`, `response`, `extensions`, `version`, `status`, `create_user`, `update_user`, `create_date`, `update_date`, `remark`) VALUES ('39','1','userListUsingGET','查询用户列表','用户管理','GET','/userManage','[{"schema":{"type":"string"},"in":"query","name":"avatar","style":"form","required":false},{"schema":{"type":"string"},"in":"query","name":"createDate","style":"form","required":false},{"schema":{"format":"int64","type":"integer"},"in":"query","name":"createUser","style":"form","required":false},{"schema":{"type":"string"},"in":"query","name":"description","style":"form","required":false},{"schema":{"type":"string"},"in":"query","name":"effDate","style":"form","required":false},{"schema":{"type":"string"},"in":"query","name":"email","style":"form","required":false},{"schema":{"type":"string"},"in":"query","name":"expDate","style":"form","required":false},{"schema":{"type":"string"},"in":"query","name":"filterText","style":"form","required":false},{"schema":{"type":"string"},"in":"query","name":"isAuthorized","style":"form","required":false},{"schema":{"format":"int32","type":"integer"},"in":"query","name":"notUpdate","style":"form","required":false},{"schema":{"type":"string"},"in":"query","name":"openId","style":"form","required":false},{"schema":{"format":"int64","type":"integer"},"in":"query","name":"orgId","style":"form","required":false},{"schema":{"format":"int32","type":"integer"},"in":"query","name":"pageNum","style":"form","required":false},{"schema":{"format":"int32","type":"integer"},"in":"query","name":"pageSize","style":"form","required":false},{"schema":{"type":"string"},"in":"query","name":"password","style":"form","required":false},{"schema":{"type":"string"},"in":"query","name":"phone","style":"form","required":false},{"schema":{"type":"string"},"in":"query","name":"remark","style":"form","required":false},{"schema":{"type":"string"},"in":"query","name":"secretKey","style":"form","required":false},{"schema":{"type":"string"},"in":"query","name":"status","style":"form","required":false},{"schema":{"type":"string"},"in":"query","name":"updateDate","style":"form","required":false},{"schema":{"format":"int64","type":"integer"},"in":"query","name":"updateUser","style":"form","required":false},{"schema":{"format":"int64","type":"integer"},"in":"query","name":"userId","style":"form","required":true},{"schema":{"type":"string"},"in":"query","name":"userName","style":"form","required":false},{"schema":{"type":"string"},"in":"query","name":"userType","style":"form","required":false}]',null,null,null,'{"200":{"description":"OK","content":{"*/*":{"schema":{"$ref":"#/components/schemas/ResponseData"}}}},"401":{"description":"Unauthorized"},"403":{"description":"Forbidden"},"404":{"description":"Not Found"}}','{"version":"2.0.1","x-order":"2147483647"}','2.0.1','1200',null,'1','2022-07-01 20:50:22','2022-07-01 23:10:21',null);
INSERT INTO `api` (`api_id`, `api_app_id`, `operation_id`, `name`, `tag`, `http_method`, `path`, `parameter`, `request_body`, `description`, `summary`, `response`, `extensions`, `version`, `status`, `create_user`, `update_user`, `create_date`, `update_date`, `remark`) VALUES ('40','1','addUserUsingPOST','addUser','用户管理','POST','/userManage',null,'{"content":{"application/json":{"schema":{"$ref":"#/components/schemas/User"}}}}',null,null,'{"200":{"description":"OK","content":{"*/*":{"schema":{"$ref":"#/components/schemas/ResponseData«Void»"}}}},"201":{"description":"Created"},"401":{"description":"Unauthorized"},"403":{"description":"Forbidden"},"404":{"description":"Not Found"}}','{"x-order":"2147483647"}','default','1000',null,'1','2022-07-01 20:50:22','2022-07-01 21:14:50',null);
INSERT INTO `api` (`api_id`, `api_app_id`, `operation_id`, `name`, `tag`, `http_method`, `path`, `parameter`, `request_body`, `description`, `summary`, `response`, `extensions`, `version`, `status`, `create_user`, `update_user`, `create_date`, `update_date`, `remark`) VALUES ('41','1','updateUserUsingPATCH','updateUser','用户管理','PATH','/userManage',null,'{"content":{"application/json":{"schema":{"$ref":"#/components/schemas/User"}}}}',null,null,'{"200":{"description":"OK","content":{"*/*":{"schema":{"$ref":"#/components/schemas/ResponseData"}}}},"401":{"description":"Unauthorized"},"204":{"description":"No Content"},"403":{"description":"Forbidden"}}','{"x-order":"2147483647"}','default','1000',null,'1','2022-07-01 20:50:22','2022-07-01 21:14:50',null);
INSERT INTO `api` (`api_id`, `api_app_id`, `operation_id`, `name`, `tag`, `http_method`, `path`, `parameter`, `request_body`, `description`, `summary`, `response`, `extensions`, `version`, `status`, `create_user`, `update_user`, `create_date`, `update_date`, `remark`) VALUES ('42','1','qryPermissionDetailUsingGET','qryPermissionDetail','permission-manage-controller','GET','/permission/{purviewId}','[{"schema":{"format":"int64","type":"integer"},"in":"path","name":"purviewId","description":"purviewId","style":"simple","required":true}]',null,null,null,'{"200":{"description":"OK","content":{"*/*":{"schema":{"$ref":"#/components/schemas/ResponseData"}}}},"401":{"description":"Unauthorized"},"403":{"description":"Forbidden"},"404":{"description":"Not Found"}}','{"x-order":"2147483647"}','default','1000',null,'1','2022-07-01 20:50:22','2022-07-01 21:14:50',null);
INSERT INTO `api` (`api_id`, `api_app_id`, `operation_id`, `name`, `tag`, `http_method`, `path`, `parameter`, `request_body`, `description`, `summary`, `response`, `extensions`, `version`, `status`, `create_user`, `update_user`, `create_date`, `update_date`, `remark`) VALUES ('43','1','deletePermissionUsingDELETE','deletePermission','permission-manage-controller','DELETE','/permission/{purviewId}','[{"schema":{"format":"int64","type":"integer"},"in":"path","name":"purviewId","description":"purviewId","style":"simple","required":true}]',null,null,null,'{"200":{"description":"OK","content":{"*/*":{"schema":{"$ref":"#/components/schemas/ResponseData"}}}},"401":{"description":"Unauthorized"},"204":{"description":"No Content"},"403":{"description":"Forbidden"}}','{"x-order":"2147483647"}','default','1000',null,'1','2022-07-01 20:50:22','2022-07-01 21:14:50',null);
INSERT INTO `api` (`api_id`, `api_app_id`, `operation_id`, `name`, `tag`, `http_method`, `path`, `parameter`, `request_body`, `description`, `summary`, `response`, `extensions`, `version`, `status`, `create_user`, `update_user`, `create_date`, `update_date`, `remark`) VALUES ('44','1','qryPermissionRolesUsingGET','qryPermissionRoles','permission-manage-controller','GET','/permission/roles','[{"schema":{"type":"string"},"in":"query","name":"component","style":"form","required":false},{"schema":{"type":"string"},"in":"query","name":"createDate","style":"form","required":false},{"schema":{"format":"int64","type":"integer"},"in":"query","name":"createUser","style":"form","required":false},{"schema":{"type":"string"},"in":"query","name":"effDate","style":"form","required":false},{"schema":{"type":"string"},"in":"query","name":"expDate","style":"form","required":false},{"schema":{"type":"string"},"in":"query","name":"filterText","style":"form","required":false},{"schema":{"type":"boolean"},"in":"query","name":"hidden","style":"form","required":false},{"schema":{"type":"string"},"in":"query","name":"icon","style":"form","required":false},{"schema":{"type":"string"},"in":"query","name":"isPermissions","style":"form","required":false},{"schema":{"format":"int32","type":"integer"},"in":"query","name":"orderNum","style":"form","required":false},{"schema":{"format":"int32","type":"integer"},"in":"query","name":"pageNum","style":"form","required":false},{"schema":{"format":"int32","type":"integer"},"in":"query","name":"pageSize","style":"form","required":false},{"schema":{"format":"int64","type":"integer"},"in":"query","name":"parentId","style":"form","required":false},{"schema":{"type":"string"},"in":"query","name":"path","style":"form","required":false},{"schema":{"type":"string"},"in":"query","name":"purviewCode","style":"form","required":false},{"schema":{"format":"int64","type":"integer"},"in":"query","name":"purviewId","style":"form","required":false},{"schema":{"type":"string"},"in":"query","name":"purviewName","style":"form","required":false},{"schema":{"type":"string"},"in":"query","name":"purviewObject","style":"form","required":false},{"schema":{"type":"string"},"in":"query","name":"purviewType","style":"form","required":false},{"schema":{"type":"string"},"in":"query","name":"remark","style":"form","required":false},{"schema":{"type":"string"},"in":"query","name":"status","style":"form","required":false},{"schema":{"type":"string"},"in":"query","name":"updateDate","style":"form","required":false},{"schema":{"format":"int64","type":"integer"},"in":"query","name":"updateUser","style":"form","required":false},{"schema":{"type":"string"},"in":"query","name":"url","style":"form","required":false},{"schema":{"format":"int64","type":"integer"},"in":"query","name":"userId","style":"form","required":false}]',null,null,null,'{"200":{"description":"OK","content":{"*/*":{"schema":{"$ref":"#/components/schemas/ResponseData"}}}},"401":{"description":"Unauthorized"},"403":{"description":"Forbidden"},"404":{"description":"Not Found"}}','{"x-order":"2147483647"}','default','1000',null,'1','2022-07-01 20:50:22','2022-07-01 21:14:50',null);
INSERT INTO `api` (`api_id`, `api_app_id`, `operation_id`, `name`, `tag`, `http_method`, `path`, `parameter`, `request_body`, `description`, `summary`, `response`, `extensions`, `version`, `status`, `create_user`, `update_user`, `create_date`, `update_date`, `remark`) VALUES ('45','1','roleListUsingGET','roleList','role-manage-controller','GET','/role','[{"schema":{"type":"string"},"in":"query","name":"createDate","style":"form","required":false},{"schema":{"format":"int64","type":"integer"},"in":"query","name":"createUser","style":"form","required":false},{"schema":{"format":"int32","type":"integer"},"in":"query","name":"notUpdate","style":"form","required":false},{"schema":{"format":"int32","type":"integer"},"in":"query","name":"pageNum","style":"form","required":false},{"schema":{"format":"int32","type":"integer"},"in":"query","name":"pageSize","style":"form","required":false},{"schema":{"type":"string"},"in":"query","name":"permissions[0].component","style":"form","required":false},{"schema":{"type":"string"},"in":"query","name":"permissions[0].createDate","style":"form","required":false},{"schema":{"format":"int64","type":"integer"},"in":"query","name":"permissions[0].createUser","style":"form","required":false},{"schema":{"type":"string"},"in":"query","name":"permissions[0].effDate","style":"form","required":false},{"schema":{"type":"string"},"in":"query","name":"permissions[0].expDate","style":"form","required":false},{"schema":{"type":"string"},"in":"query","name":"permissions[0].filterText","style":"form","required":false},{"schema":{"type":"boolean"},"in":"query","name":"permissions[0].hidden","style":"form","required":false},{"schema":{"type":"string"},"in":"query","name":"permissions[0].icon","style":"form","required":false},{"schema":{"type":"string"},"in":"query","name":"permissions[0].isPermissions","style":"form","required":false},{"schema":{"format":"int32","type":"integer"},"in":"query","name":"permissions[0].orderNum","style":"form","required":false},{"schema":{"format":"int32","type":"integer"},"in":"query","name":"permissions[0].pageNum","style":"form","required":false},{"schema":{"format":"int32","type":"integer"},"in":"query","name":"permissions[0].pageSize","style":"form","required":false},{"schema":{"format":"int64","type":"integer"},"in":"query","name":"permissions[0].parentId","style":"form","required":false},{"schema":{"type":"string"},"in":"query","name":"permissions[0].path","style":"form","required":false},{"schema":{"type":"string"},"in":"query","name":"permissions[0].purviewCode","style":"form","required":false},{"schema":{"format":"int64","type":"integer"},"in":"query","name":"permissions[0].purviewId","style":"form","required":false},{"schema":{"type":"string"},"in":"query","name":"permissions[0].purviewName","style":"form","required":false},{"schema":{"type":"string"},"in":"query","name":"permissions[0].purviewObject","style":"form","required":false},{"schema":{"type":"string"},"in":"query","name":"permissions[0].purviewType","style":"form","required":false},{"schema":{"type":"string"},"in":"query","name":"permissions[0].remark","style":"form","required":false},{"schema":{"type":"string"},"in":"query","name":"permissions[0].status","style":"form","required":false},{"schema":{"type":"string"},"in":"query","name":"permissions[0].updateDate","style":"form","required":false},{"schema":{"format":"int64","type":"integer"},"in":"query","name":"permissions[0].updateUser","style":"form","required":false},{"schema":{"type":"string"},"in":"query","name":"permissions[0].url","style":"form","required":false},{"schema":{"format":"int64","type":"integer"},"in":"query","name":"permissions[0].userId","style":"form","required":false},{"schema":{"type":"string"},"in":"query","name":"remark","style":"form","required":false},{"schema":{"type":"string"},"in":"query","name":"roleCode","style":"form","required":false},{"schema":{"format":"int64","type":"integer"},"in":"query","name":"roleId","style":"form","required":false},{"schema":{"type":"string"},"in":"query","name":"roleName","style":"form","required":false},{"schema":{"type":"string"},"in":"query","name":"status","style":"form","required":false},{"schema":{"type":"string"},"in":"query","name":"updateDate","style":"form","required":false},{"schema":{"format":"int64","type":"integer"},"in":"query","name":"updateUser","style":"form","required":false}]',null,null,null,'{"200":{"description":"OK","content":{"*/*":{"schema":{"$ref":"#/components/schemas/ResponseData"}}}},"401":{"description":"Unauthorized"},"403":{"description":"Forbidden"},"404":{"description":"Not Found"}}','{"x-order":"2147483647"}','default','1000',null,'1','2022-07-01 20:50:22','2022-07-01 21:14:50',null);
INSERT INTO `api` (`api_id`, `api_app_id`, `operation_id`, `name`, `tag`, `http_method`, `path`, `parameter`, `request_body`, `description`, `summary`, `response`, `extensions`, `version`, `status`, `create_user`, `update_user`, `create_date`, `update_date`, `remark`) VALUES ('46','1','addRoleUsingPOST','addRole','role-manage-controller','POST','/role',null,'{"content":{"application/json":{"schema":{"$ref":"#/components/schemas/Role"}}}}',null,null,'{"200":{"description":"OK","content":{"*/*":{"schema":{"$ref":"#/components/schemas/ResponseData"}}}},"201":{"description":"Created"},"401":{"description":"Unauthorized"},"403":{"description":"Forbidden"},"404":{"description":"Not Found"}}','{"x-order":"2147483647"}','default','1000',null,'1','2022-07-01 20:50:22','2022-07-01 21:14:50',null);
INSERT INTO `api` (`api_id`, `api_app_id`, `operation_id`, `name`, `tag`, `http_method`, `path`, `parameter`, `request_body`, `description`, `summary`, `response`, `extensions`, `version`, `status`, `create_user`, `update_user`, `create_date`, `update_date`, `remark`) VALUES ('47','1','updateRoleUsingPATCH','updateRole','role-manage-controller','PATH','/role',null,'{"content":{"application/json":{"schema":{"$ref":"#/components/schemas/Role"}}}}',null,null,'{"200":{"description":"OK","content":{"*/*":{"schema":{"$ref":"#/components/schemas/ResponseData"}}}},"401":{"description":"Unauthorized"},"204":{"description":"No Content"},"403":{"description":"Forbidden"}}','{"x-order":"2147483647"}','default','1000',null,'1','2022-07-01 20:50:22','2022-07-01 21:14:50',null);
INSERT INTO `api` (`api_id`, `api_app_id`, `operation_id`, `name`, `tag`, `http_method`, `path`, `parameter`, `request_body`, `description`, `summary`, `response`, `extensions`, `version`, `status`, `create_user`, `update_user`, `create_date`, `update_date`, `remark`) VALUES ('48','1','qryPermissionTreeUsingGET','qryPermissionTree','permission-manage-controller','GET','/permission/tree','[{"schema":{"type":"string"},"in":"query","name":"component","style":"form","required":false},{"schema":{"type":"string"},"in":"query","name":"createDate","style":"form","required":false},{"schema":{"format":"int64","type":"integer"},"in":"query","name":"createUser","style":"form","required":false},{"schema":{"type":"string"},"in":"query","name":"effDate","style":"form","required":false},{"schema":{"type":"string"},"in":"query","name":"expDate","style":"form","required":false},{"schema":{"type":"string"},"in":"query","name":"filterText","style":"form","required":false},{"schema":{"type":"boolean"},"in":"query","name":"hidden","style":"form","required":false},{"schema":{"type":"string"},"in":"query","name":"icon","style":"form","required":false},{"schema":{"type":"string"},"in":"query","name":"isPermissions","style":"form","required":false},{"schema":{"format":"int32","type":"integer"},"in":"query","name":"orderNum","style":"form","required":false},{"schema":{"format":"int32","type":"integer"},"in":"query","name":"pageNum","style":"form","required":false},{"schema":{"format":"int32","type":"integer"},"in":"query","name":"pageSize","style":"form","required":false},{"schema":{"format":"int64","type":"integer"},"in":"query","name":"parentId","style":"form","required":false},{"schema":{"type":"string"},"in":"query","name":"path","style":"form","required":false},{"schema":{"type":"string"},"in":"query","name":"purviewCode","style":"form","required":false},{"schema":{"format":"int64","type":"integer"},"in":"query","name":"purviewId","style":"form","required":false},{"schema":{"type":"string"},"in":"query","name":"purviewName","style":"form","required":false},{"schema":{"type":"string"},"in":"query","name":"purviewObject","style":"form","required":false},{"schema":{"type":"string"},"in":"query","name":"purviewType","style":"form","required":false},{"schema":{"type":"string"},"in":"query","name":"remark","style":"form","required":false},{"schema":{"type":"string"},"in":"query","name":"status","style":"form","required":false},{"schema":{"type":"string"},"in":"query","name":"updateDate","style":"form","required":false},{"schema":{"format":"int64","type":"integer"},"in":"query","name":"updateUser","style":"form","required":false},{"schema":{"type":"string"},"in":"query","name":"url","style":"form","required":false},{"schema":{"format":"int64","type":"integer"},"in":"query","name":"userId","style":"form","required":false}]',null,null,null,'{"200":{"description":"OK","content":{"*/*":{"schema":{"$ref":"#/components/schemas/ResponseData"}}}},"401":{"description":"Unauthorized"},"403":{"description":"Forbidden"},"404":{"description":"Not Found"}}','{"x-order":"2147483647"}','default','1000',null,'1','2022-07-01 20:50:22','2022-07-01 21:14:50',null);
INSERT INTO `api` (`api_id`, `api_app_id`, `operation_id`, `name`, `tag`, `http_method`, `path`, `parameter`, `request_body`, `description`, `summary`, `response`, `extensions`, `version`, `status`, `create_user`, `update_user`, `create_date`, `update_date`, `remark`) VALUES ('49','1','updateUserInfoUsingPATCH','updateUserInfo','user-controller','PATH','/user',null,'{"content":{"application/json":{"schema":{"$ref":"#/components/schemas/User"}}}}',null,null,'{"200":{"description":"OK","content":{"*/*":{"schema":{"$ref":"#/components/schemas/ResponseData"}}}},"401":{"description":"Unauthorized"},"204":{"description":"No Content"},"403":{"description":"Forbidden"}}','{"x-order":"2147483647"}','default','1000',null,'1','2022-07-01 20:50:22','2022-07-01 21:14:50',null);
INSERT INTO `api` (`api_id`, `api_app_id`, `operation_id`, `name`, `tag`, `http_method`, `path`, `parameter`, `request_body`, `description`, `summary`, `response`, `extensions`, `version`, `status`, `create_user`, `update_user`, `create_date`, `update_date`, `remark`) VALUES ('50','1','refreshUsingGET','refresh','client-controller','GET','/endpoint/refresh',null,null,null,null,'{"200":{"description":"OK","content":{"*/*":{"schema":{"$ref":"#/components/schemas/ResponseData«Void»"}}}},"401":{"description":"Unauthorized"},"403":{"description":"Forbidden"},"404":{"description":"Not Found"}}','{"x-order":"2147483647"}','default','1000',null,'1','2022-07-01 20:50:22','2022-07-01 21:14:50',null);
INSERT INTO `api` (`api_id`, `api_app_id`, `operation_id`, `name`, `tag`, `http_method`, `path`, `parameter`, `request_body`, `description`, `summary`, `response`, `extensions`, `version`, `status`, `create_user`, `update_user`, `create_date`, `update_date`, `remark`) VALUES ('52','1','getWxAuthQrCodeUsingGET','getWxAuthQrCode','user-controller','GET','/user/wx/authQrCode','[{"schema":{"type":"string"},"in":"query","name":"random","description":"random","style":"form","required":false}]',null,null,null,'{"200":{"description":"OK"},"401":{"description":"Unauthorized"},"403":{"description":"Forbidden"},"404":{"description":"Not Found"}}','{"x-order":"2147483647"}','default','1000',null,'1','2022-07-01 20:50:22','2022-07-01 21:14:50',null);
INSERT INTO `api` (`api_id`, `api_app_id`, `operation_id`, `name`, `tag`, `http_method`, `path`, `parameter`, `request_body`, `description`, `summary`, `response`, `extensions`, `version`, `status`, `create_user`, `update_user`, `create_date`, `update_date`, `remark`) VALUES ('53','1','installServiceUsingGET','installService','install-controller','GET','/service/install','[{"schema":{"format":"int64","type":"integer"},"in":"query","name":"serviceId","description":"serviceId","style":"form","required":false},{"schema":{"type":"string"},"in":"query","name":"version","description":"version","style":"form","required":false}]',null,null,null,'{"200":{"description":"OK"},"401":{"description":"Unauthorized"},"403":{"description":"Forbidden"},"404":{"description":"Not Found"}}','{"x-order":"2147483647"}','default','1000',null,'1','2022-07-01 20:50:22','2022-07-01 21:14:50',null);
INSERT INTO `api` (`api_id`, `api_app_id`, `operation_id`, `name`, `tag`, `http_method`, `path`, `parameter`, `request_body`, `description`, `summary`, `response`, `extensions`, `version`, `status`, `create_user`, `update_user`, `create_date`, `update_date`, `remark`) VALUES ('54','1','userListUsingGET','查询用户列表','用户管理','GET','/userManage','[{"schema":{"type":"string"},"in":"query","name":"avatar","style":"form","required":false},{"schema":{"type":"string"},"in":"query","name":"createDate","style":"form","required":false},{"schema":{"format":"int64","type":"integer"},"in":"query","name":"createUser","style":"form","required":false},{"schema":{"type":"string"},"in":"query","name":"description","style":"form","required":false},{"schema":{"type":"string"},"in":"query","name":"effDate","style":"form","required":false},{"schema":{"type":"string"},"in":"query","name":"email","style":"form","required":false},{"schema":{"type":"string"},"in":"query","name":"expDate","style":"form","required":false},{"schema":{"type":"string"},"in":"query","name":"filterText","style":"form","required":false},{"schema":{"type":"string"},"in":"query","name":"isAuthorized","style":"form","required":false},{"schema":{"format":"int32","type":"integer"},"in":"query","name":"notUpdate","style":"form","required":false},{"schema":{"type":"string"},"in":"query","name":"openId","style":"form","required":false},{"schema":{"format":"int64","type":"integer"},"in":"query","name":"orgId","style":"form","required":false},{"schema":{"format":"int32","type":"integer"},"in":"query","name":"pageNum","style":"form","required":false},{"schema":{"format":"int32","type":"integer"},"in":"query","name":"pageSize","style":"form","required":false},{"schema":{"type":"string"},"in":"query","name":"password","style":"form","required":false},{"schema":{"type":"string"},"in":"query","name":"phone","style":"form","required":false},{"schema":{"type":"string"},"in":"query","name":"remark","style":"form","required":false},{"schema":{"type":"string"},"in":"query","name":"secretKey","style":"form","required":false},{"schema":{"type":"string"},"in":"query","name":"status","style":"form","required":false},{"schema":{"type":"string"},"in":"query","name":"updateDate","style":"form","required":false},{"schema":{"format":"int64","type":"integer"},"in":"query","name":"updateUser","style":"form","required":false},{"schema":{"format":"int64","type":"integer"},"in":"query","name":"userId","style":"form","required":true},{"schema":{"type":"string"},"in":"query","name":"userName","style":"form","required":false},{"schema":{"type":"string"},"in":"query","name":"userType","style":"form","required":false}]',null,null,null,'{"200":{"description":"OK","content":{"*/*":{"schema":{"$ref":"#/components/schemas/ResponseData"}}}},"401":{"description":"Unauthorized"},"403":{"description":"Forbidden"},"404":{"description":"Not Found"}}','{"version":"2.0.2","x-order":"2147483647"}','2.0.2','1000',null,null,'2022-07-01 23:19:21','2022-07-01 23:19:21',null);
INSERT INTO `api` (`api_id`, `api_app_id`, `operation_id`, `name`, `tag`, `http_method`, `path`, `parameter`, `request_body`, `description`, `summary`, `response`, `extensions`, `version`, `status`, `create_user`, `update_user`, `create_date`, `update_date`, `remark`) VALUES ('145','4','appUsingGET','app','eureka-api','GET','/eureka-web/apps/{name}','[{"schema":{"type":"string"},"in":"path","name":"name","description":"name","style":"simple","required":true}]',null,null,null,'{"200":{"description":"OK","content":{"*/*":{"schema":{"$ref":"#/components/schemas/ResponseData"}}}},"401":{"description":"Unauthorized"},"403":{"description":"Forbidden"},"404":{"description":"Not Found"}}',null,'default','1000',null,null,'2022-07-02 14:11:51','2022-07-03 12:57:06',null);
INSERT INTO `api` (`api_id`, `api_app_id`, `operation_id`, `name`, `tag`, `http_method`, `path`, `parameter`, `request_body`, `description`, `summary`, `response`, `extensions`, `version`, `status`, `create_user`, `update_user`, `create_date`, `update_date`, `remark`) VALUES ('146','4','refreshUsingPOST','refresh','gray-route-manager','POST','/grayRoute/refresh',null,null,null,null,'{"200":{"description":"OK","content":{"*/*":{"schema":{"$ref":"#/components/schemas/ResponseData"}}}},"201":{"description":"Created"},"401":{"description":"Unauthorized"},"403":{"description":"Forbidden"},"404":{"description":"Not Found"}}',null,'default','1200',null,null,'2022-07-02 14:11:51','2022-07-02 14:11:51',null);
INSERT INTO `api` (`api_id`, `api_app_id`, `operation_id`, `name`, `tag`, `http_method`, `path`, `parameter`, `request_body`, `description`, `summary`, `response`, `extensions`, `version`, `status`, `create_user`, `update_user`, `create_date`, `update_date`, `remark`) VALUES ('147','4','refreshByRouteIdUsingPOST','refreshByRouteId','route-rate-limit-manager','POST','/rateLimit/refresh/{routeId}','[{"schema":{"format":"int64","type":"integer"},"in":"path","name":"routeId","description":"routeId","style":"simple","required":true}]',null,null,null,'{"200":{"description":"OK","content":{"*/*":{"schema":{"$ref":"#/components/schemas/ResponseData"}}}},"201":{"description":"Created"},"401":{"description":"Unauthorized"},"403":{"description":"Forbidden"},"404":{"description":"Not Found"}}',null,'default','1200',null,null,'2022-07-02 14:11:51','2022-07-02 14:11:51',null);
INSERT INTO `api` (`api_id`, `api_app_id`, `operation_id`, `name`, `tag`, `http_method`, `path`, `parameter`, `request_body`, `description`, `summary`, `response`, `extensions`, `version`, `status`, `create_user`, `update_user`, `create_date`, `update_date`, `remark`) VALUES ('149','4','appsUsingGET','apps','eureka-api','GET','/eureka-web/apps',null,null,null,null,'{"200":{"description":"OK","content":{"*/*":{"schema":{"$ref":"#/components/schemas/ResponseData"}}}},"401":{"description":"Unauthorized"},"403":{"description":"Forbidden"},"404":{"description":"Not Found"}}',null,'default','1200',null,null,'2022-07-02 14:11:51','2022-07-02 14:11:51',null);
INSERT INTO `api` (`api_id`, `api_app_id`, `operation_id`, `name`, `tag`, `http_method`, `path`, `parameter`, `request_body`, `description`, `summary`, `response`, `extensions`, `version`, `status`, `create_user`, `update_user`, `create_date`, `update_date`, `remark`) VALUES ('150','4','formalUsingPATCH','formal','gray-route-manager','PATH','/grayRoute/formal/{routeGrayId}','[{"schema":{"format":"int64","type":"integer"},"in":"path","name":"routeGrayId","description":"routeGrayId","style":"simple","required":true}]',null,null,null,'{"200":{"description":"OK","content":{"*/*":{"schema":{"$ref":"#/components/schemas/ResponseData"}}}},"401":{"description":"Unauthorized"},"204":{"description":"No Content"},"403":{"description":"Forbidden"}}',null,'default','1200',null,null,'2022-07-02 14:11:51','2022-07-02 14:11:51',null);
INSERT INTO `api` (`api_id`, `api_app_id`, `operation_id`, `name`, `tag`, `http_method`, `path`, `parameter`, `request_body`, `description`, `summary`, `response`, `extensions`, `version`, `status`, `create_user`, `update_user`, `create_date`, `update_date`, `remark`) VALUES ('151','4','onlineUsingPATCH','online','gray-route-manager','PATH','/grayRoute/online/{routeGrayId}','[{"schema":{"format":"int64","type":"integer"},"in":"path","name":"routeGrayId","description":"routeGrayId","style":"simple","required":true}]',null,null,null,'{"200":{"description":"OK","content":{"*/*":{"schema":{"$ref":"#/components/schemas/ResponseData"}}}},"401":{"description":"Unauthorized"},"204":{"description":"No Content"},"403":{"description":"Forbidden"}}',null,'default','1200',null,null,'2022-07-02 14:11:51','2022-07-02 14:11:51',null);
INSERT INTO `api` (`api_id`, `api_app_id`, `operation_id`, `name`, `tag`, `http_method`, `path`, `parameter`, `request_body`, `description`, `summary`, `response`, `extensions`, `version`, `status`, `create_user`, `update_user`, `create_date`, `update_date`, `remark`) VALUES ('152','4','instancesUsingGET','instances','service-instance-manager','GET','/service-info/inst',null,null,null,null,'{"200":{"description":"OK","content":{"*/*":{"schema":{"$ref":"#/components/schemas/ResponseData"}}}},"401":{"description":"Unauthorized"},"403":{"description":"Forbidden"},"404":{"description":"Not Found"}}',null,'default','1200',null,null,'2022-07-02 14:11:51','2022-07-02 14:11:51',null);
INSERT INTO `api` (`api_id`, `api_app_id`, `operation_id`, `name`, `tag`, `http_method`, `path`, `parameter`, `request_body`, `description`, `summary`, `response`, `extensions`, `version`, `status`, `create_user`, `update_user`, `create_date`, `update_date`, `remark`) VALUES ('153','4','deleteUsingDELETE','delete','gray-route-manager','DELETE','/grayRoute/{grayRouteId}','[{"schema":{"format":"int64","type":"integer"},"in":"path","name":"grayRouteId","description":"grayRouteId","style":"simple","required":true}]',null,null,null,'{"200":{"description":"OK","content":{"*/*":{"schema":{"$ref":"#/components/schemas/ResponseData"}}}},"401":{"description":"Unauthorized"},"204":{"description":"No Content"},"403":{"description":"Forbidden"}}',null,'default','1200',null,null,'2022-07-02 14:11:51','2022-07-02 14:11:51',null);
INSERT INTO `api` (`api_id`, `api_app_id`, `operation_id`, `name`, `tag`, `http_method`, `path`, `parameter`, `request_body`, `description`, `summary`, `response`, `extensions`, `version`, `status`, `create_user`, `update_user`, `create_date`, `update_date`, `remark`) VALUES ('154','4','listUsingGET_3','list','service-instance-manager','GET','/service-info',null,null,null,null,'{"200":{"description":"OK","content":{"*/*":{"schema":{"$ref":"#/components/schemas/ResponseData"}}}},"401":{"description":"Unauthorized"},"403":{"description":"Forbidden"},"404":{"description":"Not Found"}}',null,'default','1200',null,null,'2022-07-02 14:11:51','2022-07-02 14:11:51',null);
INSERT INTO `api` (`api_id`, `api_app_id`, `operation_id`, `name`, `tag`, `http_method`, `path`, `parameter`, `request_body`, `description`, `summary`, `response`, `extensions`, `version`, `status`, `create_user`, `update_user`, `create_date`, `update_date`, `remark`) VALUES ('155','4','queryMetadataUsingGET','queryMetadata','service-instance-manager','GET','/service-info/inst/{serviceId}/metadata',null,null,null,null,'{"200":{"description":"OK","content":{"*/*":{"schema":{"$ref":"#/components/schemas/ResponseData"}}}},"401":{"description":"Unauthorized"},"403":{"description":"Forbidden"},"404":{"description":"Not Found"}}',null,'default','1200',null,null,'2022-07-02 14:11:51','2022-07-02 14:11:51',null);
INSERT INTO `api` (`api_id`, `api_app_id`, `operation_id`, `name`, `tag`, `http_method`, `path`, `parameter`, `request_body`, `description`, `summary`, `response`, `extensions`, `version`, `status`, `create_user`, `update_user`, `create_date`, `update_date`, `remark`) VALUES ('156','4','updateMetadataUsingPOST','updateMetadata','service-instance-manager','POST','/service-info/inst/{serviceId}/metadata','[{"schema":{"type":"string"},"in":"path","name":"serviceId","description":"serviceId","style":"simple","required":true}]','{"content":{"application/json":{"schema":{"$ref":"#/components/schemas/MetadataUpdateReq"}}}}',null,null,'{"200":{"description":"OK","content":{"*/*":{"schema":{"$ref":"#/components/schemas/ResponseData"}}}},"201":{"description":"Created"},"401":{"description":"Unauthorized"},"403":{"description":"Forbidden"},"404":{"description":"Not Found"}}',null,'default','1200',null,null,'2022-07-02 14:11:51','2022-07-02 14:11:51',null);
INSERT INTO `api` (`api_id`, `api_app_id`, `operation_id`, `name`, `tag`, `http_method`, `path`, `parameter`, `request_body`, `description`, `summary`, `response`, `extensions`, `version`, `status`, `create_user`, `update_user`, `create_date`, `update_date`, `remark`) VALUES ('157','4','getDicListUsingGET','getDicList','base-controller','GET','/common/dic','[{"schema":{"type":"string"},"in":"query","name":"code","description":"code","style":"form","required":false},{"schema":{"type":"boolean"},"in":"query","name":"showAll","description":"showAll","style":"form","required":false}]',null,null,null,'{"200":{"description":"OK","content":{"*/*":{"schema":{"$ref":"#/components/schemas/ResponseData"}}}},"401":{"description":"Unauthorized"},"403":{"description":"Forbidden"},"404":{"description":"Not Found"}}',null,'default','1200',null,null,'2022-07-02 14:11:51','2022-07-02 14:11:51',null);
INSERT INTO `api` (`api_id`, `api_app_id`, `operation_id`, `name`, `tag`, `http_method`, `path`, `parameter`, `request_body`, `description`, `summary`, `response`, `extensions`, `version`, `status`, `create_user`, `update_user`, `create_date`, `update_date`, `remark`) VALUES ('161','4','listUsingGET_1','list','route-manager','GET','/route','[{"schema":{"type":"string"},"in":"query","name":"createDate","style":"form","required":false},{"schema":{"format":"int64","type":"integer"},"in":"query","name":"createUser","style":"form","required":false},{"schema":{"type":"boolean"},"in":"query","name":"customSensitiveHeaders","style":"form","required":false},{"schema":{"type":"string"},"in":"query","name":"filterText","style":"form","required":false},{"schema":{"format":"int32","type":"integer"},"in":"query","name":"groupId","style":"form","required":true},{"schema":{"format":"int32","type":"integer"},"in":"query","name":"pageNum","style":"form","required":false},{"schema":{"format":"int32","type":"integer"},"in":"query","name":"pageSize","style":"form","required":false},{"schema":{"type":"string"},"in":"query","name":"path","style":"form","required":false},{"schema":{"type":"string"},"in":"query","name":"prefix","style":"form","required":false},{"schema":{"type":"string"},"in":"query","name":"remark","style":"form","required":false},{"schema":{"type":"boolean"},"in":"query","name":"retryable","style":"form","required":false},{"schema":{"format":"int64","type":"integer"},"in":"query","name":"routeId","style":"form","required":true},{"schema":{"type":"string"},"in":"query","name":"routeName","style":"form","required":false},{"schema":{"uniqueItems":true,"type":"array","items":{"type":"string"}},"in":"query","name":"sensitiveHeaders","style":"pipeDelimited","required":false},{"schema":{"type":"string"},"in":"query","name":"serviceId","style":"form","required":false},{"schema":{"type":"string"},"in":"query","name":"status","style":"form","required":false},{"schema":{"type":"boolean"},"in":"query","name":"stripPrefix","style":"form","required":false},{"schema":{"type":"string"},"in":"query","name":"type","style":"form","required":false},{"schema":{"type":"string"},"in":"query","name":"updateDate","style":"form","required":false},{"schema":{"format":"int64","type":"integer"},"in":"query","name":"updateUser","style":"form","required":false},{"schema":{"type":"string"},"in":"query","name":"url","style":"form","required":false},{"schema":{"type":"string"},"in":"query","name":"version","style":"form","required":false}]',null,null,null,'{"200":{"description":"OK","content":{"*/*":{"schema":{"$ref":"#/components/schemas/ResponseData"}}}},"401":{"description":"Unauthorized"},"403":{"description":"Forbidden"},"404":{"description":"Not Found"}}',null,'default','1200',null,null,'2022-07-02 14:11:51','2022-07-02 14:11:51',null);
INSERT INTO `api` (`api_id`, `api_app_id`, `operation_id`, `name`, `tag`, `http_method`, `path`, `parameter`, `request_body`, `description`, `summary`, `response`, `extensions`, `version`, `status`, `create_user`, `update_user`, `create_date`, `update_date`, `remark`) VALUES ('162','4','addUsingPOST_1','add','route-manager','POST','/route',null,'{"content":{"application/json":{"schema":{"$ref":"#/components/schemas/RouteReq"}}}}',null,null,'{"200":{"description":"OK","content":{"*/*":{"schema":{"$ref":"#/components/schemas/ResponseData"}}}},"201":{"description":"Created"},"401":{"description":"Unauthorized"},"403":{"description":"Forbidden"},"404":{"description":"Not Found"}}',null,'default','1200',null,null,'2022-07-02 14:11:51','2022-07-02 14:11:51',null);
INSERT INTO `api` (`api_id`, `api_app_id`, `operation_id`, `name`, `tag`, `http_method`, `path`, `parameter`, `request_body`, `description`, `summary`, `response`, `extensions`, `version`, `status`, `create_user`, `update_user`, `create_date`, `update_date`, `remark`) VALUES ('163','4','updateUsingPATCH_1','update','route-manager','PATH','/route',null,'{"content":{"application/json":{"schema":{"$ref":"#/components/schemas/RouteReq"}}}}',null,null,'{"200":{"description":"OK","content":{"*/*":{"schema":{"$ref":"#/components/schemas/ResponseData"}}}},"401":{"description":"Unauthorized"},"204":{"description":"No Content"},"403":{"description":"Forbidden"}}',null,'default','1200',null,null,'2022-07-02 14:11:51','2022-07-02 14:11:51',null);
INSERT INTO `api` (`api_id`, `api_app_id`, `operation_id`, `name`, `tag`, `http_method`, `path`, `parameter`, `request_body`, `description`, `summary`, `response`, `extensions`, `version`, `status`, `create_user`, `update_user`, `create_date`, `update_date`, `remark`) VALUES ('164','4','onlineUsingPATCH_1','online','route-manager','PATH','/route/online/{routeId}','[{"schema":{"format":"int64","type":"integer"},"in":"path","name":"routeId","description":"routeId","style":"simple","required":true}]',null,null,null,'{"200":{"description":"OK","content":{"*/*":{"schema":{"$ref":"#/components/schemas/ResponseData"}}}},"401":{"description":"Unauthorized"},"204":{"description":"No Content"},"403":{"description":"Forbidden"}}',null,'default','1200',null,null,'2022-07-02 14:11:51','2022-07-02 14:11:51',null);
INSERT INTO `api` (`api_id`, `api_app_id`, `operation_id`, `name`, `tag`, `http_method`, `path`, `parameter`, `request_body`, `description`, `summary`, `response`, `extensions`, `version`, `status`, `create_user`, `update_user`, `create_date`, `update_date`, `remark`) VALUES ('165','4','refreshUsingPOST_2','refresh','route-rate-limit-manager','POST','/rateLimit/refresh',null,null,null,null,'{"200":{"description":"OK","content":{"*/*":{"schema":{"$ref":"#/components/schemas/ResponseData"}}}},"201":{"description":"Created"},"401":{"description":"Unauthorized"},"403":{"description":"Forbidden"},"404":{"description":"Not Found"}}',null,'default','1200',null,null,'2022-07-02 14:11:51','2022-07-02 14:11:51',null);
INSERT INTO `api` (`api_id`, `api_app_id`, `operation_id`, `name`, `tag`, `http_method`, `path`, `parameter`, `request_body`, `description`, `summary`, `response`, `extensions`, `version`, `status`, `create_user`, `update_user`, `create_date`, `update_date`, `remark`) VALUES ('166','4','heartbeatUsingPUT','heartbeat','eureka-api','PUT','/eureka-web/apps/{name}/{instanceId}','[{"schema":{"type":"string"},"in":"path","name":"name","description":"name","style":"simple","required":true},{"schema":{"type":"string"},"in":"path","name":"instanceId","description":"instanceId","style":"simple","required":true}]',null,null,null,'{"200":{"description":"OK","content":{"*/*":{"schema":{"$ref":"#/components/schemas/ResponseData"}}}},"201":{"description":"Created"},"401":{"description":"Unauthorized"},"403":{"description":"Forbidden"},"404":{"description":"Not Found"}}',null,'default','1200',null,null,'2022-07-02 14:11:51','2022-07-02 14:11:51',null);
INSERT INTO `api` (`api_id`, `api_app_id`, `operation_id`, `name`, `tag`, `http_method`, `path`, `parameter`, `request_body`, `description`, `summary`, `response`, `extensions`, `version`, `status`, `create_user`, `update_user`, `create_date`, `update_date`, `remark`) VALUES ('168','4','serviceInfoUsingGET','serviceInfo','service-instance-manager','GET','/service-info/inst/{serviceId}','[{"schema":{"type":"string"},"in":"path","name":"serviceId","description":"serviceId","style":"simple","required":true}]',null,null,null,'{"200":{"description":"OK","content":{"*/*":{"schema":{"$ref":"#/components/schemas/ResponseData"}}}},"401":{"description":"Unauthorized"},"403":{"description":"Forbidden"},"404":{"description":"Not Found"}}',null,'default','1200',null,null,'2022-07-02 14:11:51','2022-07-02 14:11:51',null);
INSERT INTO `api` (`api_id`, `api_app_id`, `operation_id`, `name`, `tag`, `http_method`, `path`, `parameter`, `request_body`, `description`, `summary`, `response`, `extensions`, `version`, `status`, `create_user`, `update_user`, `create_date`, `update_date`, `remark`) VALUES ('169','4','listUsingGET_4','list','service-manager','GET','/service-manager','[{"schema":{"type":"string"},"in":"query","name":"createDate","style":"form","required":false},{"schema":{"format":"int64","type":"integer"},"in":"query","name":"createUser","style":"form","required":false},{"schema":{"type":"string"},"in":"query","name":"name","style":"form","required":false},{"schema":{"format":"int32","type":"integer"},"in":"query","name":"pageNum","style":"form","required":false},{"schema":{"format":"int32","type":"integer"},"in":"query","name":"pageSize","style":"form","required":false},{"schema":{"type":"string"},"in":"query","name":"remark","style":"form","required":false},{"schema":{"format":"int64","type":"integer"},"in":"query","name":"routeId","style":"form","required":false},{"schema":{"format":"int64","type":"integer"},"in":"query","name":"serviceId","style":"form","required":false},{"schema":{"type":"string"},"in":"query","name":"status","style":"form","required":false},{"schema":{"type":"string"},"in":"query","name":"type","style":"form","required":false},{"schema":{"type":"string"},"in":"query","name":"updateDate","style":"form","required":false},{"schema":{"format":"int64","type":"integer"},"in":"query","name":"updateUser","style":"form","required":false},{"schema":{"type":"string"},"in":"query","name":"url","style":"form","required":false}]',null,null,null,'{"200":{"description":"OK","content":{"*/*":{"schema":{"$ref":"#/components/schemas/ResponseData"}}}},"401":{"description":"Unauthorized"},"403":{"description":"Forbidden"},"404":{"description":"Not Found"}}',null,'default','1200',null,null,'2022-07-02 14:11:51','2022-07-02 14:11:51',null);
INSERT INTO `api` (`api_id`, `api_app_id`, `operation_id`, `name`, `tag`, `http_method`, `path`, `parameter`, `request_body`, `description`, `summary`, `response`, `extensions`, `version`, `status`, `create_user`, `update_user`, `create_date`, `update_date`, `remark`) VALUES ('170','4','updateStatusUsingPUT','updateStatus','eureka-api','PUT','/eureka-web/apps/{name}/{instanceId}/status','[{"schema":{"type":"string"},"in":"path","name":"name","description":"name","style":"simple","required":true},{"schema":{"type":"string"},"in":"path","name":"instanceId","description":"instanceId","style":"simple","required":true},{"schema":{"type":"string"},"in":"query","name":"value","description":"value","style":"form","required":false}]',null,null,null,'{"200":{"description":"OK","content":{"*/*":{"schema":{"$ref":"#/components/schemas/ResponseData"}}}},"201":{"description":"Created"},"401":{"description":"Unauthorized"},"403":{"description":"Forbidden"},"404":{"description":"Not Found"}}',null,'default','1200',null,null,'2022-07-02 14:11:51','2022-07-02 14:11:51',null);
INSERT INTO `api` (`api_id`, `api_app_id`, `operation_id`, `name`, `tag`, `http_method`, `path`, `parameter`, `request_body`, `description`, `summary`, `response`, `extensions`, `version`, `status`, `create_user`, `update_user`, `create_date`, `update_date`, `remark`) VALUES ('172','4','refreshUsingPOST_1','refresh','route-manager','POST','/route/refresh',null,null,null,null,'{"200":{"description":"OK","content":{"*/*":{"schema":{"$ref":"#/components/schemas/ResponseData"}}}},"201":{"description":"Created"},"401":{"description":"Unauthorized"},"403":{"description":"Forbidden"},"404":{"description":"Not Found"}}',null,'default','1200',null,null,'2022-07-02 14:11:51','2022-07-02 14:11:51',null);
INSERT INTO `api` (`api_id`, `api_app_id`, `operation_id`, `name`, `tag`, `http_method`, `path`, `parameter`, `request_body`, `description`, `summary`, `response`, `extensions`, `version`, `status`, `create_user`, `update_user`, `create_date`, `update_date`, `remark`) VALUES ('173','4','offlineUsingPATCH','offline','gray-route-manager','PATH','/grayRoute/offline/{routeGrayId}','[{"schema":{"format":"int64","type":"integer"},"in":"path","name":"routeGrayId","description":"routeGrayId","style":"simple","required":true}]',null,null,null,'{"200":{"description":"OK","content":{"*/*":{"schema":{"$ref":"#/components/schemas/ResponseData"}}}},"401":{"description":"Unauthorized"},"204":{"description":"No Content"},"403":{"description":"Forbidden"}}',null,'default','1200',null,null,'2022-07-02 14:11:51','2022-07-02 14:11:51',null);
INSERT INTO `api` (`api_id`, `api_app_id`, `operation_id`, `name`, `tag`, `http_method`, `path`, `parameter`, `request_body`, `description`, `summary`, `response`, `extensions`, `version`, `status`, `create_user`, `update_user`, `create_date`, `update_date`, `remark`) VALUES ('174','4','offlineUsingPATCH_1','offline','route-manager','PATH','/route/offline/{routeId}','[{"schema":{"format":"int64","type":"integer"},"in":"path","name":"routeId","description":"routeId","style":"simple","required":true}]',null,null,null,'{"200":{"description":"OK","content":{"*/*":{"schema":{"$ref":"#/components/schemas/ResponseData"}}}},"401":{"description":"Unauthorized"},"204":{"description":"No Content"},"403":{"description":"Forbidden"}}',null,'default','1200',null,null,'2022-07-02 14:11:51','2022-07-02 14:11:51',null);
INSERT INTO `api` (`api_id`, `api_app_id`, `operation_id`, `name`, `tag`, `http_method`, `path`, `parameter`, `request_body`, `description`, `summary`, `response`, `extensions`, `version`, `status`, `create_user`, `update_user`, `create_date`, `update_date`, `remark`) VALUES ('175','4','detailUsingGET_1','detail','route-manager','GET','/route/{routeId}','[{"schema":{"format":"int64","type":"integer"},"in":"path","name":"routeId","description":"routeId","style":"simple","required":true}]',null,null,null,'{"200":{"description":"OK","content":{"*/*":{"schema":{"$ref":"#/components/schemas/ResponseData"}}}},"401":{"description":"Unauthorized"},"403":{"description":"Forbidden"},"404":{"description":"Not Found"}}',null,'default','1200',null,null,'2022-07-02 14:11:51','2022-07-02 14:11:51',null);
INSERT INTO `api` (`api_id`, `api_app_id`, `operation_id`, `name`, `tag`, `http_method`, `path`, `parameter`, `request_body`, `description`, `summary`, `response`, `extensions`, `version`, `status`, `create_user`, `update_user`, `create_date`, `update_date`, `remark`) VALUES ('176','4','deleteUsingDELETE_1','delete','route-manager','DELETE','/route/{routeId}','[{"schema":{"format":"int64","type":"integer"},"in":"path","name":"routeId","description":"routeId","style":"simple","required":true}]',null,null,null,'{"200":{"description":"OK","content":{"*/*":{"schema":{"$ref":"#/components/schemas/ResponseData"}}}},"401":{"description":"Unauthorized"},"204":{"description":"No Content"},"403":{"description":"Forbidden"}}',null,'default','1200',null,null,'2022-07-02 14:11:51','2022-07-02 14:11:51',null);
INSERT INTO `api` (`api_id`, `api_app_id`, `operation_id`, `name`, `tag`, `http_method`, `path`, `parameter`, `request_body`, `description`, `summary`, `response`, `extensions`, `version`, `status`, `create_user`, `update_user`, `create_date`, `update_date`, `remark`) VALUES ('177','4','listUsingGET','list','gray-route-manager','GET','/grayRoute','[{"schema":{"type":"object"},"in":"query","name":"cookies","style":"form","required":false},{"schema":{"type":"string"},"in":"query","name":"cookiesString","style":"form","required":false},{"schema":{"type":"string"},"in":"query","name":"createDate","style":"form","required":false},{"schema":{"format":"int64","type":"integer"},"in":"query","name":"createUser","style":"form","required":false},{"schema":{"type":"string"},"in":"query","name":"filterText","style":"form","required":false},{"schema":{"type":"string"},"in":"query","name":"grayRouteName","style":"form","required":false},{"schema":{"type":"string"},"in":"query","name":"grayVersion","style":"form","required":true},{"schema":{"format":"int64","type":"integer"},"in":"query","name":"groupId","style":"form","required":false},{"schema":{"type":"object"},"in":"query","name":"headers","style":"form","required":false},{"schema":{"type":"string"},"in":"query","name":"headersString","style":"form","required":false},{"schema":{"type":"string"},"in":"query","name":"mainVersion","style":"form","required":true},{"schema":{"format":"int32","type":"integer"},"in":"query","name":"pageNum","style":"form","required":false},{"schema":{"format":"int32","type":"integer"},"in":"query","name":"pageSize","style":"form","required":false},{"schema":{"type":"object"},"in":"query","name":"params","style":"form","required":false},{"schema":{"type":"string"},"in":"query","name":"paramsString","style":"form","required":false},{"schema":{"type":"string"},"in":"query","name":"path","style":"form","required":true},{"schema":{"type":"string"},"in":"query","name":"remark","style":"form","required":false},{"schema":{"format":"int64","type":"integer"},"in":"query","name":"routeGrayId","style":"form","required":false},{"schema":{"format":"int64","type":"integer"},"in":"query","name":"routeId","style":"form","required":true},{"schema":{"type":"string"},"in":"query","name":"ruleType","style":"form","required":true},{"schema":{"type":"string"},"in":"query","name":"serviceId","style":"form","required":true},{"schema":{"uniqueItems":true,"type":"array","items":{"type":"string"}},"in":"query","name":"serviceInstances","style":"pipeDelimited","required":true},{"schema":{"type":"string"},"in":"query","name":"status","style":"form","required":false},{"schema":{"type":"string"},"in":"query","name":"updateDate","style":"form","required":false},{"schema":{"format":"int64","type":"integer"},"in":"query","name":"updateUser","style":"form","required":false},{"schema":{"format":"double","type":"number"},"in":"query","name":"weight","style":"form","required":false}]',null,null,null,'{"200":{"description":"OK","content":{"*/*":{"schema":{"$ref":"#/components/schemas/ResponseData"}}}},"401":{"description":"Unauthorized"},"403":{"description":"Forbidden"},"404":{"description":"Not Found"}}',null,'default','1200',null,null,'2022-07-02 14:11:51','2022-07-02 14:11:51',null);
INSERT INTO `api` (`api_id`, `api_app_id`, `operation_id`, `name`, `tag`, `http_method`, `path`, `parameter`, `request_body`, `description`, `summary`, `response`, `extensions`, `version`, `status`, `create_user`, `update_user`, `create_date`, `update_date`, `remark`) VALUES ('178','4','addUsingPOST','add','gray-route-manager','POST','/grayRoute',null,'{"content":{"application/json":{"schema":{"$ref":"#/components/schemas/GrayRouteReq"}}}}',null,null,'{"200":{"description":"OK","content":{"*/*":{"schema":{"$ref":"#/components/schemas/ResponseData"}}}},"201":{"description":"Created"},"401":{"description":"Unauthorized"},"403":{"description":"Forbidden"},"404":{"description":"Not Found"}}',null,'default','1200',null,null,'2022-07-02 14:11:51','2022-07-02 14:11:51',null);
INSERT INTO `api` (`api_id`, `api_app_id`, `operation_id`, `name`, `tag`, `http_method`, `path`, `parameter`, `request_body`, `description`, `summary`, `response`, `extensions`, `version`, `status`, `create_user`, `update_user`, `create_date`, `update_date`, `remark`) VALUES ('179','4','updateUsingPATCH','update','gray-route-manager','PATH','/grayRoute',null,'{"content":{"application/json":{"schema":{"$ref":"#/components/schemas/GrayRouteReq"}}}}',null,null,'{"200":{"description":"OK","content":{"*/*":{"schema":{"$ref":"#/components/schemas/ResponseData"}}}},"401":{"description":"Unauthorized"},"204":{"description":"No Content"},"403":{"description":"Forbidden"}}',null,'default','1200',null,null,'2022-07-02 14:11:51','2022-07-02 14:11:51',null);
INSERT INTO `api` (`api_id`, `api_app_id`, `operation_id`, `name`, `tag`, `http_method`, `path`, `parameter`, `request_body`, `description`, `summary`, `response`, `extensions`, `version`, `status`, `create_user`, `update_user`, `create_date`, `update_date`, `remark`) VALUES ('180','4','detailUsingGET','detail','gray-route-manager','GET','/grayRoute/{routeGrayId}','[{"schema":{"format":"int64","type":"integer"},"in":"path","name":"routeGrayId","description":"routeGrayId","style":"simple","required":true}]',null,null,null,'{"200":{"description":"OK","content":{"*/*":{"schema":{"$ref":"#/components/schemas/ResponseData"}}}},"401":{"description":"Unauthorized"},"403":{"description":"Forbidden"},"404":{"description":"Not Found"}}',null,'default','1200',null,null,'2022-07-02 14:11:51','2022-07-02 14:11:51',null);
INSERT INTO `api` (`api_id`, `api_app_id`, `operation_id`, `name`, `tag`, `http_method`, `path`, `parameter`, `request_body`, `description`, `summary`, `response`, `extensions`, `version`, `status`, `create_user`, `update_user`, `create_date`, `update_date`, `remark`) VALUES ('181','4','refreshUsingGET','refresh','client-controller','GET','/endpoint/refresh',null,null,null,null,'{"200":{"description":"OK","content":{"*/*":{"schema":{"$ref":"#/components/schemas/ResponseData«Void»"}}}},"401":{"description":"Unauthorized"},"403":{"description":"Forbidden"},"404":{"description":"Not Found"}}',null,'default','1200',null,null,'2022-07-02 14:11:51','2022-07-02 14:11:51',null);
INSERT INTO `api` (`api_id`, `api_app_id`, `operation_id`, `name`, `tag`, `http_method`, `path`, `parameter`, `request_body`, `description`, `summary`, `response`, `extensions`, `version`, `status`, `create_user`, `update_user`, `create_date`, `update_date`, `remark`) VALUES ('182','4','downUsingGET','down','service-instance-manager','GET','/service-info/inst/{serviceId}/down',null,null,null,null,'{"200":{"description":"OK","content":{"*/*":{"schema":{"$ref":"#/components/schemas/ResponseData"}}}},"401":{"description":"Unauthorized"},"403":{"description":"Forbidden"},"404":{"description":"Not Found"}}',null,'default','1200',null,null,'2022-07-02 14:11:51','2022-07-02 14:11:51',null);
INSERT INTO `api` (`api_id`, `api_app_id`, `operation_id`, `name`, `tag`, `http_method`, `path`, `parameter`, `request_body`, `description`, `summary`, `response`, `extensions`, `version`, `status`, `create_user`, `update_user`, `create_date`, `update_date`, `remark`) VALUES ('183','4','upUsingGET','up','service-instance-manager','GET','/service-info/inst/{serviceId}/up','[{"schema":{"type":"string"},"in":"path","name":"serviceId","description":"serviceId","style":"simple","required":true}]',null,null,null,'{"200":{"description":"OK","content":{"*/*":{"schema":{"$ref":"#/components/schemas/ResponseData"}}}},"401":{"description":"Unauthorized"},"403":{"description":"Forbidden"},"404":{"description":"Not Found"}}',null,'default','1200',null,null,'2022-07-02 14:11:51','2022-07-02 14:11:51',null);
INSERT INTO `api` (`api_id`, `api_app_id`, `operation_id`, `name`, `tag`, `http_method`, `path`, `parameter`, `request_body`, `description`, `summary`, `response`, `extensions`, `version`, `status`, `create_user`, `update_user`, `create_date`, `update_date`, `remark`) VALUES ('185','4','copyUsingPOST','copy','gray-route-manager','POST','/grayRoute/copy','[{"schema":{"format":"int64","type":"integer"},"in":"query","name":"routeGrayId","description":"routeGrayId","style":"form","required":false}]',null,null,null,'{"200":{"description":"OK","content":{"*/*":{"schema":{"$ref":"#/components/schemas/ResponseData"}}}},"201":{"description":"Created"},"401":{"description":"Unauthorized"},"403":{"description":"Forbidden"},"404":{"description":"Not Found"}}',null,'default','1200',null,null,'2022-07-02 14:11:51','2022-07-02 14:11:51',null);
INSERT INTO `api` (`api_id`, `api_app_id`, `operation_id`, `name`, `tag`, `http_method`, `path`, `parameter`, `request_body`, `description`, `summary`, `response`, `extensions`, `version`, `status`, `create_user`, `update_user`, `create_date`, `update_date`, `remark`) VALUES ('186','4','listUsingGET_2','list','route-rate-limit-manager','GET','/rateLimit','[{"schema":{"type":"boolean"},"in":"query","name":"breakOnMatch","style":"form","required":false},{"schema":{"type":"string"},"in":"query","name":"createDate","style":"form","required":false},{"schema":{"format":"int64","type":"integer"},"in":"query","name":"createUser","style":"form","required":false},{"schema":{"format":"int64","type":"integer"},"in":"query","name":"limit","style":"form","required":true},{"schema":{"type":"string"},"in":"query","name":"matchType","style":"form","required":true},{"schema":{"type":"string"},"in":"query","name":"matcher","style":"form","required":false},{"schema":{"format":"int32","type":"integer"},"in":"query","name":"pageNum","style":"form","required":false},{"schema":{"format":"int32","type":"integer"},"in":"query","name":"pageSize","style":"form","required":false},{"schema":{"format":"int64","type":"integer"},"in":"query","name":"quota","style":"form","required":false},{"schema":{"format":"int64","type":"integer"},"in":"query","name":"refreshInterval","style":"form","required":true},{"schema":{"type":"string"},"in":"query","name":"remark","style":"form","required":false},{"schema":{"format":"int64","type":"integer"},"in":"query","name":"routeId","style":"form","required":true},{"schema":{"format":"int64","type":"integer"},"in":"query","name":"routeRateLimitPolicyId","style":"form","required":true},{"schema":{"type":"string"},"in":"query","name":"status","style":"form","required":false},{"schema":{"type":"string"},"in":"query","name":"updateDate","style":"form","required":false},{"schema":{"format":"int64","type":"integer"},"in":"query","name":"updateUser","style":"form","required":false}]',null,null,null,'{"200":{"description":"OK","content":{"*/*":{"schema":{"$ref":"#/components/schemas/ResponseData"}}}},"401":{"description":"Unauthorized"},"403":{"description":"Forbidden"},"404":{"description":"Not Found"}}',null,'default','1200',null,null,'2022-07-02 14:11:51','2022-07-02 14:11:51',null);
INSERT INTO `api` (`api_id`, `api_app_id`, `operation_id`, `name`, `tag`, `http_method`, `path`, `parameter`, `request_body`, `description`, `summary`, `response`, `extensions`, `version`, `status`, `create_user`, `update_user`, `create_date`, `update_date`, `remark`) VALUES ('187','4','addUsingPOST_2','add','route-rate-limit-manager','POST','/rateLimit',null,'{"content":{"application/json":{"schema":{"$ref":"#/components/schemas/RouteRateLimitReq"}}}}',null,null,'{"200":{"description":"OK","content":{"*/*":{"schema":{"$ref":"#/components/schemas/ResponseData"}}}},"201":{"description":"Created"},"401":{"description":"Unauthorized"},"403":{"description":"Forbidden"},"404":{"description":"Not Found"}}',null,'default','1200',null,null,'2022-07-02 14:11:51','2022-07-02 14:11:51',null);
INSERT INTO `api` (`api_id`, `api_app_id`, `operation_id`, `name`, `tag`, `http_method`, `path`, `parameter`, `request_body`, `description`, `summary`, `response`, `extensions`, `version`, `status`, `create_user`, `update_user`, `create_date`, `update_date`, `remark`) VALUES ('188','4','updateUsingPATCH_2','update','route-rate-limit-manager','PATH','/rateLimit',null,'{"content":{"application/json":{"schema":{"$ref":"#/components/schemas/RouteRateLimitReq"}}}}',null,null,'{"200":{"description":"OK","content":{"*/*":{"schema":{"$ref":"#/components/schemas/ResponseData"}}}},"401":{"description":"Unauthorized"},"204":{"description":"No Content"},"403":{"description":"Forbidden"}}',null,'default','1200',null,null,'2022-07-02 14:11:51','2022-07-02 14:11:51',null);
INSERT INTO `api` (`api_id`, `api_app_id`, `operation_id`, `name`, `tag`, `http_method`, `path`, `parameter`, `request_body`, `description`, `summary`, `response`, `extensions`, `version`, `status`, `create_user`, `update_user`, `create_date`, `update_date`, `remark`) VALUES ('189','4','deleteUsingDELETE_2','delete','route-rate-limit-manager','DELETE','/rateLimit','[{"schema":{"format":"int64","type":"integer"},"in":"query","name":"routeRateLimitPolicyId","description":"routeRateLimitPolicyId","style":"form","required":false}]',null,null,null,'{"200":{"description":"OK","content":{"*/*":{"schema":{"$ref":"#/components/schemas/ResponseData"}}}},"401":{"description":"Unauthorized"},"204":{"description":"No Content"},"403":{"description":"Forbidden"}}',null,'default','1200',null,null,'2022-07-02 14:11:51','2022-07-02 14:11:51',null);

INSERT INTO `api_app` (`api_app_id`, `name`, `code`, `description`, `openapi_json`, `status`, `create_user`, `update_user`, `create_date`, `update_date`, `remark`) VALUES ('1','用户中心','sim-auth-server','用户中心','{"openapi":"3.0.3","info":{"title":"用户中心","description":"用户中心"},"servers":[{"url":"http://127.0.0.1:8011","description":"Inferred Url"}],"tags":[{"name":"base-controller","extensions":{"x-order":"2147483647"}},{"name":"client-controller","extensions":{"x-order":"2147483647"}},{"name":"install-controller","extensions":{"x-order":"2147483647"}},{"name":"oauth-controller","extensions":{"x-order":"2147483647"}},{"name":"permission-manage-controller","extensions":{"x-order":"2147483647"}},{"name":"role-manage-controller","extensions":{"x-order":"2147483647"}},{"name":"security-controller","extensions":{"x-order":"2147483647"}},{"name":"tenant-manager-controller","extensions":{"x-order":"2147483647"}},{"name":"user-controller","extensions":{"x-order":"2147483647"}},{"name":"机构管理","extensions":{"x-order":"2147483647"}},{"name":"测试","extensions":{"x-order":"2147483647"}},{"name":"用户管理","extensions":{"x-order":"2147483647"}}],"paths":{"/common/dic":{"get":{"tags":["base-controller"],"summary":"getDicList","operationId":"getDicListUsingGET","parameters":[{"name":"code","in":"query","description":"code","required":false,"style":"form","schema":{"type":"string"}},{"name":"showAll","in":"query","description":"showAll","required":false,"style":"form","schema":{"type":"boolean"}}],"responses":{"200":{"description":"OK","content":{"*/*":{"schema":{"$ref":"#/components/schemas/ResponseData"}}}},"401":{"description":"Unauthorized"},"403":{"description":"Forbidden"},"404":{"description":"Not Found"}},"extensions":{"x-order":"2147483647"}}},"/endpoint/refresh":{"get":{"tags":["client-controller"],"summary":"refresh","operationId":"refreshUsingGET","responses":{"200":{"description":"OK","content":{"*/*":{"schema":{"$ref":"#/components/schemas/ResponseData«Void»"}}}},"401":{"description":"Unauthorized"},"403":{"description":"Forbidden"},"404":{"description":"Not Found"}},"extensions":{"x-order":"2147483647"}}},"/service/install":{"get":{"tags":["install-controller"],"summary":"installService","operationId":"installServiceUsingGET","parameters":[{"name":"serviceId","in":"query","description":"serviceId","required":false,"style":"form","schema":{"type":"integer","format":"int64"}},{"name":"version","in":"query","description":"version","required":false,"style":"form","schema":{"type":"string"}}],"responses":{"200":{"description":"OK"},"401":{"description":"Unauthorized"},"403":{"description":"Forbidden"},"404":{"description":"Not Found"}},"extensions":{"x-order":"2147483647"}}},"/oauth/token":{"post":{"tags":["oauth-controller"],"summary":"authenticate","operationId":"authenticateUsingPOST","requestBody":{"content":{"application/json":{"schema":{"$ref":"#/components/schemas/AuthenticationReq"}}}},"responses":{"200":{"description":"OK","content":{"*/*":{"schema":{"$ref":"#/components/schemas/ResponseData«AuthenticationRes»"}}}},"201":{"description":"Created"},"401":{"description":"Unauthorized"},"403":{"description":"Forbidden"},"404":{"description":"Not Found"}},"extensions":{"x-order":"2147483647"}}},"/orgManage":{"get":{"tags":["机构管理"],"summary":"查询机构列表","operationId":"listUsingGET","parameters":[{"name":"createDate","in":"query","required":false,"style":"form","schema":{"type":"string"}},{"name":"createUser","in":"query","required":false,"style":"form","schema":{"type":"integer","format":"int64"}},{"name":"filterText","in":"query","required":false,"style":"form","schema":{"type":"string"}},{"name":"orgType","in":"query","required":false,"style":"form","schema":{"type":"string"}},{"name":"pageNum","in":"query","required":false,"style":"form","schema":{"type":"integer","format":"int32"}},{"name":"pageSize","in":"query","required":false,"style":"form","schema":{"type":"integer","format":"int32"}},{"name":"parentId","in":"query","required":false,"style":"form","schema":{"type":"integer","format":"int64"}},{"name":"remark","in":"query","required":false,"style":"form","schema":{"type":"string"}},{"name":"status","in":"query","required":false,"style":"form","schema":{"type":"string"}},{"name":"updateDate","in":"query","required":false,"style":"form","schema":{"type":"string"}},{"name":"updateUser","in":"query","required":false,"style":"form","schema":{"type":"integer","format":"int64"}}],"responses":{"200":{"description":"OK","content":{"*/*":{"schema":{"$ref":"#/components/schemas/ResponseData«PageInfo«OrgListRes»»"}}}},"401":{"description":"Unauthorized"},"403":{"description":"Forbidden"},"404":{"description":"Not Found"}},"extensions":{"x-order":"2147483647"}},"post":{"tags":["机构管理"],"summary":"新增机构","operationId":"addUsingPOST","requestBody":{"content":{"application/json":{"schema":{"$ref":"#/components/schemas/OrgAddReq"}}}},"responses":{"200":{"description":"OK","content":{"*/*":{"schema":{"$ref":"#/components/schemas/ResponseData«Void»"}}}},"201":{"description":"Created"},"401":{"description":"Unauthorized"},"403":{"description":"Forbidden"},"404":{"description":"Not Found"}},"extensions":{"x-order":"2147483647"}},"delete":{"tags":["机构管理"],"summary":"删除机构","operationId":"deleteUsingDELETE","parameters":[{"name":"orgIds","in":"path","description":"orgIds","required":true,"style":"simple","schema":{"type":"string"}}],"responses":{"200":{"description":"OK","content":{"*/*":{"schema":{"$ref":"#/components/schemas/ResponseData«Void»"}}}},"204":{"description":"No Content"},"401":{"description":"Unauthorized"},"403":{"description":"Forbidden"}},"extensions":{"x-order":"2147483647"}},"patch":{"tags":["机构管理"],"summary":"更新机构","operationId":"updateUsingPATCH","requestBody":{"content":{"application/json":{"schema":{"$ref":"#/components/schemas/OrgUpdateReq"}}}},"responses":{"200":{"description":"OK","content":{"*/*":{"schema":{"$ref":"#/components/schemas/ResponseData«Void»"}}}},"204":{"description":"No Content"},"401":{"description":"Unauthorized"},"403":{"description":"Forbidden"}},"extensions":{"x-order":"2147483647"}}},"/orgManage/tree":{"get":{"tags":["机构管理"],"summary":"查询机构列表","operationId":"treeUsingGET","parameters":[{"name":"createDate","in":"query","required":false,"style":"form","schema":{"type":"string"}},{"name":"createUser","in":"query","required":false,"style":"form","schema":{"type":"integer","format":"int64"}},{"name":"filterText","in":"query","required":false,"style":"form","schema":{"type":"string"}},{"name":"orgType","in":"query","required":false,"style":"form","schema":{"type":"string"}},{"name":"pageNum","in":"query","required":false,"style":"form","schema":{"type":"integer","format":"int32"}},{"name":"pageSize","in":"query","required":false,"style":"form","schema":{"type":"integer","format":"int32"}},{"name":"parentId","in":"query","required":false,"style":"form","schema":{"type":"integer","format":"int64"}},{"name":"remark","in":"query","required":false,"style":"form","schema":{"type":"string"}},{"name":"status","in":"query","required":false,"style":"form","schema":{"type":"string"}},{"name":"updateDate","in":"query","required":false,"style":"form","schema":{"type":"string"}},{"name":"updateUser","in":"query","required":false,"style":"form","schema":{"type":"integer","format":"int64"}}],"responses":{"200":{"description":"OK","content":{"*/*":{"schema":{"$ref":"#/components/schemas/ResponseData«List«Tree«long»»»"}}}},"401":{"description":"Unauthorized"},"403":{"description":"Forbidden"},"404":{"description":"Not Found"}},"extensions":{"x-order":"2147483647"}}},"/orgManage/{orgId}":{"get":{"tags":["机构管理"],"summary":"查询机构详情","operationId":"detailUsingGET","parameters":[{"name":"orgId","in":"path","description":"orgId","required":true,"style":"simple","schema":{"type":"integer","format":"int64"}}],"responses":{"200":{"description":"OK","content":{"*/*":{"schema":{"$ref":"#/components/schemas/ResponseData«OrgDetailRes»"}}}},"401":{"description":"Unauthorized"},"403":{"description":"Forbidden"},"404":{"description":"Not Found"}},"extensions":{"x-order":"2147483647"}}},"/permission":{"get":{"tags":["permission-manage-controller"],"summary":"qryPermissionList","operationId":"qryPermissionListUsingGET","parameters":[{"name":"component","in":"query","required":false,"style":"form","schema":{"type":"string"}},{"name":"createDate","in":"query","required":false,"style":"form","schema":{"type":"string"}},{"name":"createUser","in":"query","required":false,"style":"form","schema":{"type":"integer","format":"int64"}},{"name":"effDate","in":"query","required":false,"style":"form","schema":{"type":"string"}},{"name":"expDate","in":"query","required":false,"style":"form","schema":{"type":"string"}},{"name":"filterText","in":"query","required":false,"style":"form","schema":{"type":"string"}},{"name":"hidden","in":"query","required":false,"style":"form","schema":{"type":"boolean"}},{"name":"icon","in":"query","required":false,"style":"form","schema":{"type":"string"}},{"name":"isPermissions","in":"query","required":false,"style":"form","schema":{"type":"string"}},{"name":"orderNum","in":"query","required":false,"style":"form","schema":{"type":"integer","format":"int32"}},{"name":"pageNum","in":"query","required":false,"style":"form","schema":{"type":"integer","format":"int32"}},{"name":"pageSize","in":"query","required":false,"style":"form","schema":{"type":"integer","format":"int32"}},{"name":"parentId","in":"query","required":false,"style":"form","schema":{"type":"integer","format":"int64"}},{"name":"path","in":"query","required":false,"style":"form","schema":{"type":"string"}},{"name":"purviewCode","in":"query","required":false,"style":"form","schema":{"type":"string"}},{"name":"purviewId","in":"query","required":false,"style":"form","schema":{"type":"integer","format":"int64"}},{"name":"purviewName","in":"query","required":false,"style":"form","schema":{"type":"string"}},{"name":"purviewObject","in":"query","required":false,"style":"form","schema":{"type":"string"}},{"name":"purviewType","in":"query","required":false,"style":"form","schema":{"type":"string"}},{"name":"remark","in":"query","required":false,"style":"form","schema":{"type":"string"}},{"name":"status","in":"query","required":false,"style":"form","schema":{"type":"string"}},{"name":"updateDate","in":"query","required":false,"style":"form","schema":{"type":"string"}},{"name":"updateUser","in":"query","required":false,"style":"form","schema":{"type":"integer","format":"int64"}},{"name":"url","in":"query","required":false,"style":"form","schema":{"type":"string"}},{"name":"userId","in":"query","required":false,"style":"form","schema":{"type":"integer","format":"int64"}}],"responses":{"200":{"description":"OK","content":{"*/*":{"schema":{"$ref":"#/components/schemas/ResponseData"}}}},"401":{"description":"Unauthorized"},"403":{"description":"Forbidden"},"404":{"description":"Not Found"}},"extensions":{"x-order":"2147483647"}},"post":{"tags":["permission-manage-controller"],"summary":"addPermission","operationId":"addPermissionUsingPOST","requestBody":{"content":{"application/json":{"schema":{"$ref":"#/components/schemas/Permission"}}}},"responses":{"200":{"description":"OK","content":{"*/*":{"schema":{"$ref":"#/components/schemas/ResponseData"}}}},"201":{"description":"Created"},"401":{"description":"Unauthorized"},"403":{"description":"Forbidden"},"404":{"description":"Not Found"}},"extensions":{"x-order":"2147483647"}}},"/permission/purview":{"post":{"tags":["permission-manage-controller"],"summary":"purviewForRole","operationId":"purviewForRoleUsingPOST","requestBody":{"content":{"application/json":{"schema":{"type":"object"}}}},"responses":{"200":{"description":"OK","content":{"*/*":{"schema":{"$ref":"#/components/schemas/ResponseData"}}}},"201":{"description":"Created"},"401":{"description":"Unauthorized"},"403":{"description":"Forbidden"},"404":{"description":"Not Found"}},"extensions":{"x-order":"2147483647"}}},"/permission/rolePermission":{"get":{"tags":["permission-manage-controller"],"summary":"qryRolePermissions","operationId":"qryRolePermissionsUsingGET","parameters":[{"name":"createDate","in":"query","required":false,"style":"form","schema":{"type":"string"}},{"name":"createUser","in":"query","required":false,"style":"form","schema":{"type":"integer","format":"int64"}},{"name":"isPermissions","in":"query","required":false,"style":"form","schema":{"type":"string"}},{"name":"pageNum","in":"query","required":false,"style":"form","schema":{"type":"integer","format":"int32"}},{"name":"pageSize","in":"query","required":false,"style":"form","schema":{"type":"integer","format":"int32"}},{"name":"purviewId","in":"query","required":false,"style":"form","schema":{"type":"integer","format":"int64"}},{"name":"purviewName","in":"query","required":false,"style":"form","schema":{"type":"string"}},{"name":"remark","in":"query","required":false,"style":"form","schema":{"type":"string"}},{"name":"roleId","in":"query","required":false,"style":"form","schema":{"type":"integer","format":"int64"}},{"name":"status","in":"query","required":false,"style":"form","schema":{"type":"string"}},{"name":"updateDate","in":"query","required":false,"style":"form","schema":{"type":"string"}},{"name":"updateUser","in":"query","required":false,"style":"form","schema":{"type":"integer","format":"int64"}}],"responses":{"200":{"description":"OK","content":{"*/*":{"schema":{"$ref":"#/components/schemas/ResponseData«PageInfo«Permission»»"}}}},"401":{"description":"Unauthorized"},"403":{"description":"Forbidden"},"404":{"description":"Not Found"}},"extensions":{"x-order":"2147483647"}}},"/permission/roles":{"get":{"tags":["permission-manage-controller"],"summary":"qryPermissionRoles","operationId":"qryPermissionRolesUsingGET","parameters":[{"name":"component","in":"query","required":false,"style":"form","schema":{"type":"string"}},{"name":"createDate","in":"query","required":false,"style":"form","schema":{"type":"string"}},{"name":"createUser","in":"query","required":false,"style":"form","schema":{"type":"integer","format":"int64"}},{"name":"effDate","in":"query","required":false,"style":"form","schema":{"type":"string"}},{"name":"expDate","in":"query","required":false,"style":"form","schema":{"type":"string"}},{"name":"filterText","in":"query","required":false,"style":"form","schema":{"type":"string"}},{"name":"hidden","in":"query","required":false,"style":"form","schema":{"type":"boolean"}},{"name":"icon","in":"query","required":false,"style":"form","schema":{"type":"string"}},{"name":"isPermissions","in":"query","required":false,"style":"form","schema":{"type":"string"}},{"name":"orderNum","in":"query","required":false,"style":"form","schema":{"type":"integer","format":"int32"}},{"name":"pageNum","in":"query","required":false,"style":"form","schema":{"type":"integer","format":"int32"}},{"name":"pageSize","in":"query","required":false,"style":"form","schema":{"type":"integer","format":"int32"}},{"name":"parentId","in":"query","required":false,"style":"form","schema":{"type":"integer","format":"int64"}},{"name":"path","in":"query","required":false,"style":"form","schema":{"type":"string"}},{"name":"purviewCode","in":"query","required":false,"style":"form","schema":{"type":"string"}},{"name":"purviewId","in":"query","required":false,"style":"form","schema":{"type":"integer","format":"int64"}},{"name":"purviewName","in":"query","required":false,"style":"form","schema":{"type":"string"}},{"name":"purviewObject","in":"query","required":false,"style":"form","schema":{"type":"string"}},{"name":"purviewType","in":"query","required":false,"style":"form","schema":{"type":"string"}},{"name":"remark","in":"query","required":false,"style":"form","schema":{"type":"string"}},{"name":"status","in":"query","required":false,"style":"form","schema":{"type":"string"}},{"name":"updateDate","in":"query","required":false,"style":"form","schema":{"type":"string"}},{"name":"updateUser","in":"query","required":false,"style":"form","schema":{"type":"integer","format":"int64"}},{"name":"url","in":"query","required":false,"style":"form","schema":{"type":"string"}},{"name":"userId","in":"query","required":false,"style":"form","schema":{"type":"integer","format":"int64"}}],"responses":{"200":{"description":"OK","content":{"*/*":{"schema":{"$ref":"#/components/schemas/ResponseData"}}}},"401":{"description":"Unauthorized"},"403":{"description":"Forbidden"},"404":{"description":"Not Found"}},"extensions":{"x-order":"2147483647"}}},"/permission/tree":{"get":{"tags":["permission-manage-controller"],"summary":"qryPermissionTree","operationId":"qryPermissionTreeUsingGET","parameters":[{"name":"component","in":"query","required":false,"style":"form","schema":{"type":"string"}},{"name":"createDate","in":"query","required":false,"style":"form","schema":{"type":"string"}},{"name":"createUser","in":"query","required":false,"style":"form","schema":{"type":"integer","format":"int64"}},{"name":"effDate","in":"query","required":false,"style":"form","schema":{"type":"string"}},{"name":"expDate","in":"query","required":false,"style":"form","schema":{"type":"string"}},{"name":"filterText","in":"query","required":false,"style":"form","schema":{"type":"string"}},{"name":"hidden","in":"query","required":false,"style":"form","schema":{"type":"boolean"}},{"name":"icon","in":"query","required":false,"style":"form","schema":{"type":"string"}},{"name":"isPermissions","in":"query","required":false,"style":"form","schema":{"type":"string"}},{"name":"orderNum","in":"query","required":false,"style":"form","schema":{"type":"integer","format":"int32"}},{"name":"pageNum","in":"query","required":false,"style":"form","schema":{"type":"integer","format":"int32"}},{"name":"pageSize","in":"query","required":false,"style":"form","schema":{"type":"integer","format":"int32"}},{"name":"parentId","in":"query","required":false,"style":"form","schema":{"type":"integer","format":"int64"}},{"name":"path","in":"query","required":false,"style":"form","schema":{"type":"string"}},{"name":"purviewCode","in":"query","required":false,"style":"form","schema":{"type":"string"}},{"name":"purviewId","in":"query","required":false,"style":"form","schema":{"type":"integer","format":"int64"}},{"name":"purviewName","in":"query","required":false,"style":"form","schema":{"type":"string"}},{"name":"purviewObject","in":"query","required":false,"style":"form","schema":{"type":"string"}},{"name":"purviewType","in":"query","required":false,"style":"form","schema":{"type":"string"}},{"name":"remark","in":"query","required":false,"style":"form","schema":{"type":"string"}},{"name":"status","in":"query","required":false,"style":"form","schema":{"type":"string"}},{"name":"updateDate","in":"query","required":false,"style":"form","schema":{"type":"string"}},{"name":"updateUser","in":"query","required":false,"style":"form","schema":{"type":"integer","format":"int64"}},{"name":"url","in":"query","required":false,"style":"form","schema":{"type":"string"}},{"name":"userId","in":"query","required":false,"style":"form","schema":{"type":"integer","format":"int64"}}],"responses":{"200":{"description":"OK","content":{"*/*":{"schema":{"$ref":"#/components/schemas/ResponseData"}}}},"401":{"description":"Unauthorized"},"403":{"description":"Forbidden"},"404":{"description":"Not Found"}},"extensions":{"x-order":"2147483647"}}},"/permission/users":{"get":{"tags":["permission-manage-controller"],"summary":"qryPermissionUsers","operationId":"qryPermissionUsersUsingGET","parameters":[{"name":"component","in":"query","required":false,"style":"form","schema":{"type":"string"}},{"name":"createDate","in":"query","required":false,"style":"form","schema":{"type":"string"}},{"name":"createUser","in":"query","required":false,"style":"form","schema":{"type":"integer","format":"int64"}},{"name":"effDate","in":"query","required":false,"style":"form","schema":{"type":"string"}},{"name":"expDate","in":"query","required":false,"style":"form","schema":{"type":"string"}},{"name":"filterText","in":"query","required":false,"style":"form","schema":{"type":"string"}},{"name":"hidden","in":"query","required":false,"style":"form","schema":{"type":"boolean"}},{"name":"icon","in":"query","required":false,"style":"form","schema":{"type":"string"}},{"name":"isPermissions","in":"query","required":false,"style":"form","schema":{"type":"string"}},{"name":"orderNum","in":"query","required":false,"style":"form","schema":{"type":"integer","format":"int32"}},{"name":"pageNum","in":"query","required":false,"style":"form","schema":{"type":"integer","format":"int32"}},{"name":"pageSize","in":"query","required":false,"style":"form","schema":{"type":"integer","format":"int32"}},{"name":"parentId","in":"query","required":false,"style":"form","schema":{"type":"integer","format":"int64"}},{"name":"path","in":"query","required":false,"style":"form","schema":{"type":"string"}},{"name":"purviewCode","in":"query","required":false,"style":"form","schema":{"type":"string"}},{"name":"purviewId","in":"query","required":false,"style":"form","schema":{"type":"integer","format":"int64"}},{"name":"purviewName","in":"query","required":false,"style":"form","schema":{"type":"string"}},{"name":"purviewObject","in":"query","required":false,"style":"form","schema":{"type":"string"}},{"name":"purviewType","in":"query","required":false,"style":"form","schema":{"type":"string"}},{"name":"remark","in":"query","required":false,"style":"form","schema":{"type":"string"}},{"name":"status","in":"query","required":false,"style":"form","schema":{"type":"string"}},{"name":"updateDate","in":"query","required":false,"style":"form","schema":{"type":"string"}},{"name":"updateUser","in":"query","required":false,"style":"form","schema":{"type":"integer","format":"int64"}},{"name":"url","in":"query","required":false,"style":"form","schema":{"type":"string"}},{"name":"userId","in":"query","required":false,"style":"form","schema":{"type":"integer","format":"int64"}}],"responses":{"200":{"description":"OK","content":{"*/*":{"schema":{"$ref":"#/components/schemas/ResponseData"}}}},"401":{"description":"Unauthorized"},"403":{"description":"Forbidden"},"404":{"description":"Not Found"}},"extensions":{"x-order":"2147483647"}}},"/permission/{purviewId}":{"get":{"tags":["permission-manage-controller"],"summary":"qryPermissionDetail","operationId":"qryPermissionDetailUsingGET","parameters":[{"name":"purviewId","in":"path","description":"purviewId","required":true,"style":"simple","schema":{"type":"integer","format":"int64"}}],"responses":{"200":{"description":"OK","content":{"*/*":{"schema":{"$ref":"#/components/schemas/ResponseData"}}}},"401":{"description":"Unauthorized"},"403":{"description":"Forbidden"},"404":{"description":"Not Found"}},"extensions":{"x-order":"2147483647"}},"delete":{"tags":["permission-manage-controller"],"summary":"deletePermission","operationId":"deletePermissionUsingDELETE","parameters":[{"name":"purviewId","in":"path","description":"purviewId","required":true,"style":"simple","schema":{"type":"integer","format":"int64"}}],"responses":{"200":{"description":"OK","content":{"*/*":{"schema":{"$ref":"#/components/schemas/ResponseData"}}}},"204":{"description":"No Content"},"401":{"description":"Unauthorized"},"403":{"description":"Forbidden"}},"extensions":{"x-order":"2147483647"}}},"/role":{"get":{"tags":["role-manage-controller"],"summary":"roleList","operationId":"roleListUsingGET","parameters":[{"name":"createDate","in":"query","required":false,"style":"form","schema":{"type":"string"}},{"name":"createUser","in":"query","required":false,"style":"form","schema":{"type":"integer","format":"int64"}},{"name":"notUpdate","in":"query","required":false,"style":"form","schema":{"type":"integer","format":"int32"}},{"name":"pageNum","in":"query","required":false,"style":"form","schema":{"type":"integer","format":"int32"}},{"name":"pageSize","in":"query","required":false,"style":"form","schema":{"type":"integer","format":"int32"}},{"name":"permissions[0].component","in":"query","required":false,"style":"form","schema":{"type":"string"}},{"name":"permissions[0].createDate","in":"query","required":false,"style":"form","schema":{"type":"string"}},{"name":"permissions[0].createUser","in":"query","required":false,"style":"form","schema":{"type":"integer","format":"int64"}},{"name":"permissions[0].effDate","in":"query","required":false,"style":"form","schema":{"type":"string"}},{"name":"permissions[0].expDate","in":"query","required":false,"style":"form","schema":{"type":"string"}},{"name":"permissions[0].filterText","in":"query","required":false,"style":"form","schema":{"type":"string"}},{"name":"permissions[0].hidden","in":"query","required":false,"style":"form","schema":{"type":"boolean"}},{"name":"permissions[0].icon","in":"query","required":false,"style":"form","schema":{"type":"string"}},{"name":"permissions[0].isPermissions","in":"query","required":false,"style":"form","schema":{"type":"string"}},{"name":"permissions[0].orderNum","in":"query","required":false,"style":"form","schema":{"type":"integer","format":"int32"}},{"name":"permissions[0].pageNum","in":"query","required":false,"style":"form","schema":{"type":"integer","format":"int32"}},{"name":"permissions[0].pageSize","in":"query","required":false,"style":"form","schema":{"type":"integer","format":"int32"}},{"name":"permissions[0].parentId","in":"query","required":false,"style":"form","schema":{"type":"integer","format":"int64"}},{"name":"permissions[0].path","in":"query","required":false,"style":"form","schema":{"type":"string"}},{"name":"permissions[0].purviewCode","in":"query","required":false,"style":"form","schema":{"type":"string"}},{"name":"permissions[0].purviewId","in":"query","required":false,"style":"form","schema":{"type":"integer","format":"int64"}},{"name":"permissions[0].purviewName","in":"query","required":false,"style":"form","schema":{"type":"string"}},{"name":"permissions[0].purviewObject","in":"query","required":false,"style":"form","schema":{"type":"string"}},{"name":"permissions[0].purviewType","in":"query","required":false,"style":"form","schema":{"type":"string"}},{"name":"permissions[0].remark","in":"query","required":false,"style":"form","schema":{"type":"string"}},{"name":"permissions[0].status","in":"query","required":false,"style":"form","schema":{"type":"string"}},{"name":"permissions[0].updateDate","in":"query","required":false,"style":"form","schema":{"type":"string"}},{"name":"permissions[0].updateUser","in":"query","required":false,"style":"form","schema":{"type":"integer","format":"int64"}},{"name":"permissions[0].url","in":"query","required":false,"style":"form","schema":{"type":"string"}},{"name":"permissions[0].userId","in":"query","required":false,"style":"form","schema":{"type":"integer","format":"int64"}},{"name":"remark","in":"query","required":false,"style":"form","schema":{"type":"string"}},{"name":"roleCode","in":"query","required":false,"style":"form","schema":{"type":"string"}},{"name":"roleId","in":"query","required":false,"style":"form","schema":{"type":"integer","format":"int64"}},{"name":"roleName","in":"query","required":false,"style":"form","schema":{"type":"string"}},{"name":"status","in":"query","required":false,"style":"form","schema":{"type":"string"}},{"name":"updateDate","in":"query","required":false,"style":"form","schema":{"type":"string"}},{"name":"updateUser","in":"query","required":false,"style":"form","schema":{"type":"integer","format":"int64"}}],"responses":{"200":{"description":"OK","content":{"*/*":{"schema":{"$ref":"#/components/schemas/ResponseData"}}}},"401":{"description":"Unauthorized"},"403":{"description":"Forbidden"},"404":{"description":"Not Found"}},"extensions":{"x-order":"2147483647"}},"post":{"tags":["role-manage-controller"],"summary":"addRole","operationId":"addRoleUsingPOST","requestBody":{"content":{"application/json":{"schema":{"$ref":"#/components/schemas/Role"}}}},"responses":{"200":{"description":"OK","content":{"*/*":{"schema":{"$ref":"#/components/schemas/ResponseData"}}}},"201":{"description":"Created"},"401":{"description":"Unauthorized"},"403":{"description":"Forbidden"},"404":{"description":"Not Found"}},"extensions":{"x-order":"2147483647"}},"patch":{"tags":["role-manage-controller"],"summary":"updateRole","operationId":"updateRoleUsingPATCH","requestBody":{"content":{"application/json":{"schema":{"$ref":"#/components/schemas/Role"}}}},"responses":{"200":{"description":"OK","content":{"*/*":{"schema":{"$ref":"#/components/schemas/ResponseData"}}}},"204":{"description":"No Content"},"401":{"description":"Unauthorized"},"403":{"description":"Forbidden"}},"extensions":{"x-order":"2147483647"}}},"/role/{roleId}":{"delete":{"tags":["role-manage-controller"],"summary":"deleteRole","operationId":"deleteRoleUsingDELETE","parameters":[{"name":"roleId","in":"path","description":"roleId","required":true,"style":"simple","schema":{"type":"integer","format":"int64"}}],"responses":{"200":{"description":"OK","content":{"*/*":{"schema":{"$ref":"#/components/schemas/ResponseData"}}}},"204":{"description":"No Content"},"401":{"description":"Unauthorized"},"403":{"description":"Forbidden"}},"extensions":{"x-order":"2147483647"}}},"/security/getImageCode":{"post":{"tags":["security-controller"],"summary":"sendImageCode","operationId":"sendImageCodeUsingPOST","responses":{"200":{"description":"OK","content":{"*/*":{"schema":{"$ref":"#/components/schemas/ResponseData"}}}},"201":{"description":"Created"},"401":{"description":"Unauthorized"},"403":{"description":"Forbidden"},"404":{"description":"Not Found"}},"extensions":{"x-order":"2147483647"}}},"/security/login":{"post":{"tags":["security-controller"],"summary":"login","operationId":"loginUsingPOST","requestBody":{"content":{"application/json":{"schema":{"type":"object"}}}},"responses":{"200":{"description":"OK","content":{"*/*":{"schema":{"$ref":"#/components/schemas/ResponseData"}}}},"201":{"description":"Created"},"401":{"description":"Unauthorized"},"403":{"description":"Forbidden"},"404":{"description":"Not Found"}},"extensions":{"x-order":"2147483647"}}},"/security/logout":{"get":{"tags":["security-controller"],"summary":"logout","operationId":"logoutUsingGET","responses":{"200":{"description":"OK","content":{"*/*":{"schema":{"$ref":"#/components/schemas/ResponseData"}}}},"401":{"description":"Unauthorized"},"403":{"description":"Forbidden"},"404":{"description":"Not Found"}},"extensions":{"x-order":"2147483647"}}},"/security/sendSMSCode":{"post":{"tags":["security-controller"],"summary":"sendSMSCode","operationId":"sendSMSCodeUsingPOST","parameters":[{"name":"phone","in":"query","description":"phone","required":false,"style":"form","schema":{"type":"string"}}],"responses":{"200":{"description":"OK","content":{"*/*":{"schema":{"$ref":"#/components/schemas/ResponseData"}}}},"201":{"description":"Created"},"401":{"description":"Unauthorized"},"403":{"description":"Forbidden"},"404":{"description":"Not Found"}},"extensions":{"x-order":"2147483647"}}},"/tenantManager/service":{"get":{"tags":["tenant-manager-controller"],"summary":"services","operationId":"servicesUsingGET","parameters":[{"name":"createDate","in":"query","required":false,"style":"form","schema":{"type":"string"}},{"name":"createUser","in":"query","required":false,"style":"form","schema":{"type":"integer","format":"int64"}},{"name":"isAuth","in":"query","required":false,"style":"form","schema":{"type":"string"}},{"name":"option","in":"query","required":false,"style":"form","schema":{"type":"string"}},{"name":"pageNum","in":"query","required":false,"style":"form","schema":{"type":"integer","format":"int32"}},{"name":"pageSize","in":"query","required":false,"style":"form","schema":{"type":"integer","format":"int32"}},{"name":"remark","in":"query","required":false,"style":"form","schema":{"type":"string"}},{"name":"serviceName","in":"query","required":false,"style":"form","schema":{"type":"string"}},{"name":"services","in":"query","required":false,"style":"pipeDelimited","schema":{"type":"array","items":{"type":"integer","format":"int64"}}},{"name":"status","in":"query","required":false,"style":"form","schema":{"type":"string"}},{"name":"updateDate","in":"query","required":false,"style":"form","schema":{"type":"string"}},{"name":"updateUser","in":"query","required":false,"style":"form","schema":{"type":"integer","format":"int64"}},{"name":"userId","in":"query","required":true,"style":"form","schema":{"type":"integer","format":"int64"}},{"name":"userIds","in":"query","required":false,"style":"pipeDelimited","schema":{"type":"array","items":{"type":"integer","format":"int64"}}}],"responses":{"200":{"description":"OK","content":{"*/*":{"schema":{"$ref":"#/components/schemas/ResponseData"}}}},"401":{"description":"Unauthorized"},"403":{"description":"Forbidden"},"404":{"description":"Not Found"}},"extensions":{"x-order":"2147483647"}},"post":{"tags":["tenant-manager-controller"],"summary":"serviceAuthorization","operationId":"serviceAuthorizationUsingPOST","requestBody":{"content":{"application/json":{"schema":{"$ref":"#/components/schemas/TenantServiceReq"}}}},"responses":{"200":{"description":"OK","content":{"*/*":{"schema":{"$ref":"#/components/schemas/ResponseData"}}}},"201":{"description":"Created"},"401":{"description":"Unauthorized"},"403":{"description":"Forbidden"},"404":{"description":"Not Found"}},"extensions":{"x-order":"2147483647"}},"delete":{"tags":["tenant-manager-controller"],"summary":"deleteServiceAuthorization","operationId":"deleteServiceAuthorizationUsingDELETE","responses":{"200":{"description":"OK","content":{"*/*":{"schema":{"$ref":"#/components/schemas/ResponseData"}}}},"204":{"description":"No Content"},"401":{"description":"Unauthorized"},"403":{"description":"Forbidden"}},"extensions":{"x-order":"2147483647"}}},"/daaaaa/aaa":{"post":{"tags":["测试"],"summary":"哈哈哈哈哈哈12","operationId":"test1UsingPOST","parameters":[{"name":"token","in":"header","description":"token","required":true,"schema":{"type":"string"}}],"requestBody":{"content":{"application/json":{"schema":{"$ref":"#/components/schemas/AAA"}}}},"responses":{"200":{"description":"OK","content":{"*/*":{"schema":{"$ref":"#/components/schemas/ResponseData«string»"}}}},"201":{"description":"Created"},"401":{"description":"Unauthorized"},"403":{"description":"Forbidden"},"404":{"description":"Not Found"}},"extensions":{"x-order":"2147483647"}}},"/daaaaa/cccc":{"post":{"tags":["测试"],"summary":"test2","operationId":"test2UsingPOST","requestBody":{"content":{"application/json":{"schema":{"type":"object"}}}},"responses":{"200":{"description":"OK","content":{"*/*":{"schema":{"type":"string"}}}},"201":{"description":"Created"},"401":{"description":"Unauthorized"},"403":{"description":"Forbidden"},"404":{"description":"Not Found"}},"extensions":{"version":"2.0.0","x-order":"2147483647"}}},"/daaaaa/ddddd":{"get":{"tags":["测试"],"summary":"测试4","operationId":"test4UsingGET","parameters":[{"name":"apiInfo","in":"query","description":"测试测试","required":true,"style":"form","schema":{"type":"string"}}],"responses":{"200":{"description":"OK","content":{"*/*":{"schema":{"type":"string"}}}},"401":{"description":"Unauthorized"},"403":{"description":"Forbidden"},"404":{"description":"Not Found"}},"extensions":{"version":"2.0.0","x-order":"2147483647"}},"post":{"tags":["测试"],"summary":"测试3","operationId":"test3UsingPOST","requestBody":{"content":{"application/json":{"schema":{"type":"array","items":{"$ref":"#/components/schemas/AAA"}}}}},"responses":{"200":{"description":"OK","content":{"*/*":{"schema":{"type":"string"}}}},"201":{"description":"Created"},"401":{"description":"Unauthorized"},"403":{"description":"Forbidden"},"404":{"description":"Not Found"}},"extensions":{"version":"2.0.0","x-order":"2147483647"}}},"/daaaaa/upload":{"post":{"tags":["测试"],"summary":"上传文件","operationId":"test4UsingPOST","requestBody":{"content":{"application/json":{"schema":{"type":"string","format":"binary"}},"application/octet-stream":{"schema":{"type":"string","format":"binary"}}}},"responses":{"200":{"description":"OK","content":{"*/*":{"schema":{"type":"string"}}}},"201":{"description":"Created"},"401":{"description":"Unauthorized"},"403":{"description":"Forbidden"},"404":{"description":"Not Found"}},"extensions":{"version":"2.0.0","x-order":"2147483647"}}},"/a/aaa":{"post":{"tags":["测试"],"summary":"哈哈哈哈哈哈","operationId":"test1UsingPOST_1","parameters":[{"name":"token","in":"query","description":"token","required":false,"style":"form","schema":{"type":"string"}}],"requestBody":{"content":{"application/json":{"schema":{"$ref":"#/components/schemas/BaseBean"}}}},"responses":{"200":{"description":"OK","content":{"*/*":{"schema":{"$ref":"#/components/schemas/ResponseData"}}}},"201":{"description":"Created"},"401":{"description":"Unauthorized"},"403":{"description":"Forbidden"},"404":{"description":"Not Found"}},"extensions":{"x-order":"2147483647"}}},"/a/bb":{"get":{"tags":["测试"],"summary":"测试get","description":"啊啊啊啊","operationId":"test2UsingGET","parameters":[{"name":"token","in":"query","description":"token","required":false,"style":"form","schema":{"type":"string"}}],"requestBody":{"content":{"application/json":{"schema":{"$ref":"#/components/schemas/BaseBean"}}}},"responses":{"200":{"description":"OK","content":{"*/*":{"schema":{"type":"string"}}}},"401":{"description":"Unauthorized"},"403":{"description":"Forbidden"},"404":{"description":"Not Found"}},"extensions":{"x-order":"2147483647"}}},"/user":{"patch":{"tags":["user-controller"],"summary":"updateUserInfo","operationId":"updateUserInfoUsingPATCH","requestBody":{"content":{"application/json":{"schema":{"$ref":"#/components/schemas/User"}}}},"responses":{"200":{"description":"OK","content":{"*/*":{"schema":{"$ref":"#/components/schemas/ResponseData"}}}},"204":{"description":"No Content"},"401":{"description":"Unauthorized"},"403":{"description":"Forbidden"}},"extensions":{"x-order":"2147483647"}}},"/user/token":{"get":{"tags":["user-controller"],"summary":"getUserBaseInfo","operationId":"getUserBaseInfoUsingGET","parameters":[{"name":"token","in":"query","description":"token","required":false,"style":"form","schema":{"type":"string"}},{"name":"scope","in":"query","description":"scope","required":false,"style":"form","schema":{"type":"string"}}],"responses":{"200":{"description":"OK","content":{"*/*":{"schema":{"$ref":"#/components/schemas/ResponseData"}}}},"401":{"description":"Unauthorized"},"403":{"description":"Forbidden"},"404":{"description":"Not Found"}},"extensions":{"x-order":"2147483647"}}},"/user/wx/auth":{"get":{"tags":["user-controller"],"summary":"getWxUserAuthInfo","operationId":"getWxUserAuthInfoUsingGET","parameters":[{"name":"random","in":"query","description":"random","required":false,"style":"form","schema":{"type":"string"}}],"responses":{"200":{"description":"OK","content":{"*/*":{"schema":{"$ref":"#/components/schemas/ResponseData"}}}},"401":{"description":"Unauthorized"},"403":{"description":"Forbidden"},"404":{"description":"Not Found"}},"extensions":{"x-order":"2147483647"}}},"/user/wx/authQrCode":{"get":{"tags":["user-controller"],"summary":"getWxAuthQrCode","operationId":"getWxAuthQrCodeUsingGET","parameters":[{"name":"random","in":"query","description":"random","required":false,"style":"form","schema":{"type":"string"}}],"responses":{"200":{"description":"OK"},"401":{"description":"Unauthorized"},"403":{"description":"Forbidden"},"404":{"description":"Not Found"}},"extensions":{"x-order":"2147483647"}}},"/user/wx/redirect":{"get":{"tags":["user-controller"],"summary":"redirect","operationId":"redirectUsingGET","parameters":[{"name":"code","in":"query","description":"code","required":false,"style":"form","schema":{"type":"string"}},{"name":"state","in":"query","description":"state","required":false,"style":"form","schema":{"type":"string"}}],"responses":{"200":{"description":"OK","content":{"*/*":{"schema":{"$ref":"#/components/schemas/ResponseData"}}}},"401":{"description":"Unauthorized"},"403":{"description":"Forbidden"},"404":{"description":"Not Found"}},"extensions":{"x-order":"2147483647"}}},"/userManage":{"get":{"tags":["用户管理"],"summary":"查询用户列表","operationId":"userListUsingGET","parameters":[{"name":"avatar","in":"query","required":false,"style":"form","schema":{"type":"string"}},{"name":"createDate","in":"query","required":false,"style":"form","schema":{"type":"string"}},{"name":"createUser","in":"query","required":false,"style":"form","schema":{"type":"integer","format":"int64"}},{"name":"description","in":"query","required":false,"style":"form","schema":{"type":"string"}},{"name":"effDate","in":"query","required":false,"style":"form","schema":{"type":"string"}},{"name":"email","in":"query","required":false,"style":"form","schema":{"type":"string"}},{"name":"expDate","in":"query","required":false,"style":"form","schema":{"type":"string"}},{"name":"filterText","in":"query","required":false,"style":"form","schema":{"type":"string"}},{"name":"isAuthorized","in":"query","required":false,"style":"form","schema":{"type":"string"}},{"name":"notUpdate","in":"query","required":false,"style":"form","schema":{"type":"integer","format":"int32"}},{"name":"openId","in":"query","required":false,"style":"form","schema":{"type":"string"}},{"name":"orgId","in":"query","required":false,"style":"form","schema":{"type":"integer","format":"int64"}},{"name":"pageNum","in":"query","required":false,"style":"form","schema":{"type":"integer","format":"int32"}},{"name":"pageSize","in":"query","required":false,"style":"form","schema":{"type":"integer","format":"int32"}},{"name":"password","in":"query","required":false,"style":"form","schema":{"type":"string"}},{"name":"phone","in":"query","required":false,"style":"form","schema":{"type":"string"}},{"name":"remark","in":"query","required":false,"style":"form","schema":{"type":"string"}},{"name":"secretKey","in":"query","required":false,"style":"form","schema":{"type":"string"}},{"name":"status","in":"query","required":false,"style":"form","schema":{"type":"string"}},{"name":"updateDate","in":"query","required":false,"style":"form","schema":{"type":"string"}},{"name":"updateUser","in":"query","required":false,"style":"form","schema":{"type":"integer","format":"int64"}},{"name":"userId","in":"query","required":true,"style":"form","schema":{"type":"integer","format":"int64"}},{"name":"userName","in":"query","required":false,"style":"form","schema":{"type":"string"}},{"name":"userType","in":"query","required":false,"style":"form","schema":{"type":"string"}}],"responses":{"200":{"description":"OK","content":{"*/*":{"schema":{"$ref":"#/components/schemas/ResponseData"}}}},"401":{"description":"Unauthorized"},"403":{"description":"Forbidden"},"404":{"description":"Not Found"}},"extensions":{"x-order":"2147483647"}},"post":{"tags":["用户管理"],"summary":"addUser","operationId":"addUserUsingPOST","requestBody":{"content":{"application/json":{"schema":{"$ref":"#/components/schemas/User"}}}},"responses":{"200":{"description":"OK","content":{"*/*":{"schema":{"$ref":"#/components/schemas/ResponseData«Void»"}}}},"201":{"description":"Created"},"401":{"description":"Unauthorized"},"403":{"description":"Forbidden"},"404":{"description":"Not Found"}},"extensions":{"x-order":"2147483647"}},"patch":{"tags":["用户管理"],"summary":"updateUser","operationId":"updateUserUsingPATCH","requestBody":{"content":{"application/json":{"schema":{"$ref":"#/components/schemas/User"}}}},"responses":{"200":{"description":"OK","content":{"*/*":{"schema":{"$ref":"#/components/schemas/ResponseData"}}}},"204":{"description":"No Content"},"401":{"description":"Unauthorized"},"403":{"description":"Forbidden"}},"extensions":{"x-order":"2147483647"}}},"/userManage/avatar":{"get":{"tags":["用户管理"],"summary":"avatar","operationId":"avatarUsingGET","parameters":[{"name":"pathName","in":"query","description":"pathName","required":false,"style":"form","schema":{"type":"string"}}],"responses":{"200":{"description":"OK"},"401":{"description":"Unauthorized"},"403":{"description":"Forbidden"},"404":{"description":"Not Found"}},"extensions":{"x-order":"2147483647"}},"post":{"tags":["用户管理"],"summary":"uploadAvatar","operationId":"uploadAvatarUsingPOST","requestBody":{"content":{"multipart/form-data":{"schema":{"required":["file"],"type":"object","properties":{"file":{"type":"string","description":"file","format":"binary"}}}}}},"responses":{"200":{"description":"OK","content":{"*/*":{"schema":{"$ref":"#/components/schemas/ResponseData«string»"}}}},"201":{"description":"Created"},"401":{"description":"Unauthorized"},"403":{"description":"Forbidden"},"404":{"description":"Not Found"}},"extensions":{"x-order":"2147483647"}}},"/userManage/permissions":{"get":{"tags":["用户管理"],"summary":"qryUserPermissions","operationId":"qryUserPermissionsUsingGET","parameters":[{"name":"component","in":"query","required":false,"style":"form","schema":{"type":"string"}},{"name":"createDate","in":"query","required":false,"style":"form","schema":{"type":"string"}},{"name":"createUser","in":"query","required":false,"style":"form","schema":{"type":"integer","format":"int64"}},{"name":"effDate","in":"query","required":false,"style":"form","schema":{"type":"string"}},{"name":"expDate","in":"query","required":false,"style":"form","schema":{"type":"string"}},{"name":"filterText","in":"query","required":false,"style":"form","schema":{"type":"string"}},{"name":"hidden","in":"query","required":false,"style":"form","schema":{"type":"boolean"}},{"name":"icon","in":"query","required":false,"style":"form","schema":{"type":"string"}},{"name":"isPermissions","in":"query","required":false,"style":"form","schema":{"type":"string"}},{"name":"orderNum","in":"query","required":false,"style":"form","schema":{"type":"integer","format":"int32"}},{"name":"pageNum","in":"query","required":false,"style":"form","schema":{"type":"integer","format":"int32"}},{"name":"pageSize","in":"query","required":false,"style":"form","schema":{"type":"integer","format":"int32"}},{"name":"parentId","in":"query","required":false,"style":"form","schema":{"type":"integer","format":"int64"}},{"name":"path","in":"query","required":false,"style":"form","schema":{"type":"string"}},{"name":"purviewCode","in":"query","required":false,"style":"form","schema":{"type":"string"}},{"name":"purviewId","in":"query","required":false,"style":"form","schema":{"type":"integer","format":"int64"}},{"name":"purviewName","in":"query","required":false,"style":"form","schema":{"type":"string"}},{"name":"purviewObject","in":"query","required":false,"style":"form","schema":{"type":"string"}},{"name":"purviewType","in":"query","required":false,"style":"form","schema":{"type":"string"}},{"name":"remark","in":"query","required":false,"style":"form","schema":{"type":"string"}},{"name":"status","in":"query","required":false,"style":"form","schema":{"type":"string"}},{"name":"updateDate","in":"query","required":false,"style":"form","schema":{"type":"string"}},{"name":"updateUser","in":"query","required":false,"style":"form","schema":{"type":"integer","format":"int64"}},{"name":"url","in":"query","required":false,"style":"form","schema":{"type":"string"}},{"name":"userId","in":"query","required":false,"style":"form","schema":{"type":"integer","format":"int64"}}],"responses":{"200":{"description":"OK","content":{"*/*":{"schema":{"$ref":"#/components/schemas/ResponseData"}}}},"401":{"description":"Unauthorized"},"403":{"description":"Forbidden"},"404":{"description":"Not Found"}},"extensions":{"x-order":"2147483647"}},"post":{"tags":["用户管理"],"summary":"addOrUpdateUserPermissions","operationId":"addOrUpdateUserPermissionsUsingPOST","requestBody":{"content":{"application/json":{"schema":{"type":"object"}}}},"responses":{"200":{"description":"OK","content":{"*/*":{"schema":{"$ref":"#/components/schemas/ResponseData"}}}},"201":{"description":"Created"},"401":{"description":"Unauthorized"},"403":{"description":"Forbidden"},"404":{"description":"Not Found"}},"extensions":{"x-order":"2147483647"}}},"/userManage/resetPwd":{"patch":{"tags":["用户管理"],"summary":"resetPwd","operationId":"resetPwdUsingPATCH","requestBody":{"content":{"application/json":{"schema":{"$ref":"#/components/schemas/ResetPwdReq"}}}},"responses":{"200":{"description":"OK","content":{"*/*":{"schema":{"$ref":"#/components/schemas/ResponseData«Void»"}}}},"204":{"description":"No Content"},"401":{"description":"Unauthorized"},"403":{"description":"Forbidden"}},"extensions":{"x-order":"2147483647"}}},"/userManage/roles":{"get":{"tags":["用户管理"],"summary":"qryUserRoles","operationId":"qryUserRolesUsingGET","parameters":[{"name":"avatar","in":"query","required":false,"style":"form","schema":{"type":"string"}},{"name":"createDate","in":"query","required":false,"style":"form","schema":{"type":"string"}},{"name":"createUser","in":"query","required":false,"style":"form","schema":{"type":"integer","format":"int64"}},{"name":"description","in":"query","required":false,"style":"form","schema":{"type":"string"}},{"name":"effDate","in":"query","required":false,"style":"form","schema":{"type":"string"}},{"name":"email","in":"query","required":false,"style":"form","schema":{"type":"string"}},{"name":"expDate","in":"query","required":false,"style":"form","schema":{"type":"string"}},{"name":"filterText","in":"query","required":false,"style":"form","schema":{"type":"string"}},{"name":"isAuthorized","in":"query","required":false,"style":"form","schema":{"type":"string"}},{"name":"notUpdate","in":"query","required":false,"style":"form","schema":{"type":"integer","format":"int32"}},{"name":"openId","in":"query","required":false,"style":"form","schema":{"type":"string"}},{"name":"orgId","in":"query","required":false,"style":"form","schema":{"type":"integer","format":"int64"}},{"name":"pageNum","in":"query","required":false,"style":"form","schema":{"type":"integer","format":"int32"}},{"name":"pageSize","in":"query","required":false,"style":"form","schema":{"type":"integer","format":"int32"}},{"name":"password","in":"query","required":false,"style":"form","schema":{"type":"string"}},{"name":"phone","in":"query","required":false,"style":"form","schema":{"type":"string"}},{"name":"remark","in":"query","required":false,"style":"form","schema":{"type":"string"}},{"name":"secretKey","in":"query","required":false,"style":"form","schema":{"type":"string"}},{"name":"status","in":"query","required":false,"style":"form","schema":{"type":"string"}},{"name":"updateDate","in":"query","required":false,"style":"form","schema":{"type":"string"}},{"name":"updateUser","in":"query","required":false,"style":"form","schema":{"type":"integer","format":"int64"}},{"name":"userId","in":"query","required":true,"style":"form","schema":{"type":"integer","format":"int64"}},{"name":"userName","in":"query","required":false,"style":"form","schema":{"type":"string"}},{"name":"userType","in":"query","required":false,"style":"form","schema":{"type":"string"}}],"responses":{"200":{"description":"OK","content":{"*/*":{"schema":{"$ref":"#/components/schemas/ResponseData"}}}},"401":{"description":"Unauthorized"},"403":{"description":"Forbidden"},"404":{"description":"Not Found"}},"extensions":{"x-order":"2147483647"}},"post":{"tags":["用户管理"],"summary":"addOrUpdateUserRoles","operationId":"addOrUpdateUserRolesUsingPOST","requestBody":{"content":{"application/json":{"schema":{"type":"object"}}}},"responses":{"200":{"description":"OK","content":{"*/*":{"schema":{"$ref":"#/components/schemas/ResponseData"}}}},"201":{"description":"Created"},"401":{"description":"Unauthorized"},"403":{"description":"Forbidden"},"404":{"description":"Not Found"}},"extensions":{"x-order":"2147483647"}}},"/userManage/{userId}":{"get":{"tags":["用户管理"],"summary":"detail","operationId":"detailUsingGET_1","parameters":[{"name":"userId","in":"path","description":"userId","required":true,"style":"simple","schema":{"type":"integer","format":"int64"}}],"responses":{"200":{"description":"OK","content":{"*/*":{"schema":{"$ref":"#/components/schemas/ResponseData"}}}},"401":{"description":"Unauthorized"},"403":{"description":"Forbidden"},"404":{"description":"Not Found"}},"extensions":{"x-order":"2147483647"}}}},"components":{"schemas":{"AAA":{"title":"AAA","type":"object","properties":{"a":{"type":"integer","description":"测试字段1","format":"int64","example":123},"baseBean":{"$ref":"#/components/schemas/BaseBean"},"bbb":{"type":"array","items":{"$ref":"#/components/schemas/BBB"}},"cccc":{"type":"array","items":{"type":"object"}},"hhh":{"$ref":"#/components/schemas/BBB"},"map":{"type":"object","additionalProperties":{"$ref":"#/components/schemas/BBB"}},"yourName":{"type":"string","description":"测试字段2","example":"哈哈哈哈"}}},"AuthenticationReq":{"title":"AuthenticationReq","type":"object","properties":{"openId":{"type":"string"},"secretKey":{"type":"string"}}},"AuthenticationRes":{"title":"AuthenticationRes","type":"object","properties":{"expireDate":{"type":"string"},"token":{"type":"string"}}},"BBB":{"title":"BBB","type":"object","properties":{"aaaaaaaaa":{"type":"object"},"age":{"type":"integer","format":"int32"},"name":{"type":"string","description":"名称","example":"勇敢牛牛"},"sex":{"type":"object"}}},"BaseBean":{"title":"BaseBean","type":"object","properties":{"createDate":{"type":"string"},"createUser":{"type":"integer","format":"int64"},"remark":{"type":"string"},"status":{"type":"string"},"updateDate":{"type":"string"},"updateUser":{"type":"integer","format":"int64"}}},"CharSequence":{"title":"CharSequence","type":"object"},"Comparable«object»":{"title":"Comparable«object»","type":"object"},"OrgAddReq":{"title":"OrgAddReq","required":["parentId"],"type":"object","properties":{"attrs":{"type":"array","items":{"$ref":"#/components/schemas/OrgAttr"}},"createDate":{"type":"string"},"createUser":{"type":"integer","format":"int64"},"description":{"type":"string"},"orgCode":{"type":"string"},"orgName":{"type":"string"},"orgType":{"type":"string"},"parentId":{"type":"integer","format":"int64"},"remark":{"type":"string"},"status":{"type":"string"},"updateDate":{"type":"string"},"updateUser":{"type":"integer","format":"int64"}}},"OrgAttr":{"title":"OrgAttr","type":"object"},"OrgDetailRes":{"title":"OrgDetailRes","type":"object","properties":{"createDate":{"type":"string"},"createUser":{"type":"integer","format":"int64"},"pageNum":{"type":"integer","format":"int32"},"pageSize":{"type":"integer","format":"int32"},"remark":{"type":"string"},"status":{"type":"string"},"updateDate":{"type":"string"},"updateUser":{"type":"integer","format":"int64"}}},"OrgListRes":{"title":"OrgListRes","type":"object","properties":{"attrs":{"type":"array","items":{"$ref":"#/components/schemas/OrgAttr"}},"description":{"type":"string"},"orgCode":{"type":"string"},"orgId":{"type":"integer","format":"int64"},"orgName":{"type":"string"},"orgType":{"type":"string"},"parentId":{"type":"integer","format":"int64"},"status":{"type":"string"}}},"OrgUpdateReq":{"title":"OrgUpdateReq","required":["orgId"],"type":"object","properties":{"attrs":{"type":"array","items":{"$ref":"#/components/schemas/OrgAttr"}},"createDate":{"type":"string"},"createUser":{"type":"integer","format":"int64"},"description":{"type":"string"},"orgCode":{"type":"string"},"orgId":{"type":"integer","format":"int64"},"orgName":{"type":"string"},"orgType":{"type":"string"},"parentId":{"type":"integer","format":"int64"},"remark":{"type":"string"},"status":{"type":"string"},"updateDate":{"type":"string"},"updateUser":{"type":"integer","format":"int64"}}},"PageInfo«OrgListRes»":{"title":"PageInfo«OrgListRes»","type":"object","properties":{"endRow":{"type":"integer","format":"int32"},"hasNextPage":{"type":"boolean"},"hasPreviousPage":{"type":"boolean"},"isFirstPage":{"type":"boolean"},"isLastPage":{"type":"boolean"},"list":{"type":"array","items":{"$ref":"#/components/schemas/OrgListRes"}},"navigateFirstPage":{"type":"integer","format":"int32"},"navigateLastPage":{"type":"integer","format":"int32"},"navigatePages":{"type":"integer","format":"int32"},"navigatepageNums":{"type":"array","items":{"type":"integer","format":"int32"}},"nextPage":{"type":"integer","format":"int32"},"pageNum":{"type":"integer","format":"int32"},"pageSize":{"type":"integer","format":"int32"},"pages":{"type":"integer","format":"int32"},"prePage":{"type":"integer","format":"int32"},"size":{"type":"integer","format":"int32"},"startRow":{"type":"integer","format":"int32"},"total":{"type":"integer","format":"int64"}}},"PageInfo«Permission»":{"title":"PageInfo«Permission»","type":"object","properties":{"endRow":{"type":"integer","format":"int32"},"hasNextPage":{"type":"boolean"},"hasPreviousPage":{"type":"boolean"},"isFirstPage":{"type":"boolean"},"isLastPage":{"type":"boolean"},"list":{"type":"array","items":{"$ref":"#/components/schemas/Permission"}},"navigateFirstPage":{"type":"integer","format":"int32"},"navigateLastPage":{"type":"integer","format":"int32"},"navigatePages":{"type":"integer","format":"int32"},"navigatepageNums":{"type":"array","items":{"type":"integer","format":"int32"}},"nextPage":{"type":"integer","format":"int32"},"pageNum":{"type":"integer","format":"int32"},"pageSize":{"type":"integer","format":"int32"},"pages":{"type":"integer","format":"int32"},"prePage":{"type":"integer","format":"int32"},"size":{"type":"integer","format":"int32"},"startRow":{"type":"integer","format":"int32"},"total":{"type":"integer","format":"int64"}}},"Permission":{"title":"Permission","type":"object","properties":{"component":{"type":"string"},"createDate":{"type":"string"},"createUser":{"type":"integer","format":"int64"},"effDate":{"type":"string"},"expDate":{"type":"string"},"filterText":{"type":"string"},"hidden":{"type":"boolean"},"icon":{"type":"string"},"isPermissions":{"type":"string"},"orderNum":{"type":"integer","format":"int32"},"pageNum":{"type":"integer","format":"int32"},"pageSize":{"type":"integer","format":"int32"},"parentId":{"type":"integer","format":"int64"},"path":{"type":"string"},"purviewCode":{"type":"string"},"purviewId":{"type":"integer","format":"int64"},"purviewName":{"type":"string"},"purviewObject":{"type":"string"},"purviewType":{"type":"string"},"remark":{"type":"string"},"status":{"type":"string"},"updateDate":{"type":"string"},"updateUser":{"type":"integer","format":"int64"},"url":{"type":"string"},"userId":{"type":"integer","format":"int64"}}},"ResetPwdReq":{"title":"ResetPwdReq","type":"object","properties":{"pwd":{"type":"string"},"userId":{"type":"integer","format":"int64"}}},"ResponseData":{"title":"ResponseData","type":"object","properties":{"code":{"type":"integer","format":"int32"},"codeDesc":{"type":"string"},"data":{"type":"object"},"msg":{"type":"string"},"timestamp":{"type":"integer","format":"int64"}}},"ResponseData«AuthenticationRes»":{"title":"ResponseData«AuthenticationRes»","type":"object","properties":{"code":{"type":"integer","format":"int32"},"codeDesc":{"type":"string"},"data":{"$ref":"#/components/schemas/AuthenticationRes"},"msg":{"type":"string"},"timestamp":{"type":"integer","format":"int64"}}},"ResponseData«List«Tree«long»»»":{"title":"ResponseData«List«Tree«long»»»","type":"object","properties":{"code":{"type":"integer","format":"int32"},"codeDesc":{"type":"string"},"data":{"type":"array","items":{"type":"object","additionalProperties":{"type":"object"}}},"msg":{"type":"string"},"timestamp":{"type":"integer","format":"int64"}}},"ResponseData«OrgDetailRes»":{"title":"ResponseData«OrgDetailRes»","type":"object","properties":{"code":{"type":"integer","format":"int32"},"codeDesc":{"type":"string"},"data":{"$ref":"#/components/schemas/OrgDetailRes"},"msg":{"type":"string"},"timestamp":{"type":"integer","format":"int64"}}},"ResponseData«PageInfo«OrgListRes»»":{"title":"ResponseData«PageInfo«OrgListRes»»","type":"object","properties":{"code":{"type":"integer","format":"int32"},"codeDesc":{"type":"string"},"data":{"$ref":"#/components/schemas/PageInfo«OrgListRes»"},"msg":{"type":"string"},"timestamp":{"type":"integer","format":"int64"}}},"ResponseData«PageInfo«Permission»»":{"title":"ResponseData«PageInfo«Permission»»","type":"object","properties":{"code":{"type":"integer","format":"int32"},"codeDesc":{"type":"string"},"data":{"$ref":"#/components/schemas/PageInfo«Permission»"},"msg":{"type":"string"},"timestamp":{"type":"integer","format":"int64"}}},"ResponseData«Void»":{"title":"ResponseData«Void»","type":"object","properties":{"code":{"type":"integer","format":"int32"},"codeDesc":{"type":"string"},"msg":{"type":"string"},"timestamp":{"type":"integer","format":"int64"}}},"ResponseData«string»":{"title":"ResponseData«string»","type":"object","properties":{"code":{"type":"integer","format":"int32"},"codeDesc":{"type":"string"},"data":{"type":"string"},"msg":{"type":"string"},"timestamp":{"type":"integer","format":"int64"}}},"Role":{"title":"Role","type":"object","properties":{"createDate":{"type":"string"},"createUser":{"type":"integer","format":"int64"},"notUpdate":{"type":"integer","format":"int32"},"pageNum":{"type":"integer","format":"int32"},"pageSize":{"type":"integer","format":"int32"},"permissions":{"type":"array","items":{"$ref":"#/components/schemas/Permission"}},"remark":{"type":"string"},"roleCode":{"type":"string"},"roleId":{"type":"integer","format":"int64"},"roleName":{"type":"string"},"status":{"type":"string"},"updateDate":{"type":"string"},"updateUser":{"type":"integer","format":"int64"}}},"TenantServiceReq":{"title":"TenantServiceReq","required":["userId"],"type":"object","properties":{"createDate":{"type":"string"},"createUser":{"type":"integer","format":"int64"},"isAuth":{"type":"string"},"option":{"type":"string"},"pageNum":{"type":"integer","format":"int32"},"pageSize":{"type":"integer","format":"int32"},"remark":{"type":"string"},"serviceName":{"type":"string"},"services":{"type":"array","items":{"type":"integer","format":"int64"}},"status":{"type":"string"},"updateDate":{"type":"string"},"updateUser":{"type":"integer","format":"int64"},"userId":{"type":"integer","format":"int64"},"userIds":{"type":"array","items":{"type":"integer","format":"int64"}}}},"User":{"title":"User","required":["userId"],"type":"object","properties":{"avatar":{"type":"string"},"createDate":{"type":"string"},"createUser":{"type":"integer","format":"int64"},"description":{"type":"string"},"effDate":{"type":"string"},"email":{"type":"string"},"expDate":{"type":"string"},"notUpdate":{"type":"integer","format":"int32"},"openId":{"type":"string"},"orgId":{"type":"integer","format":"int64"},"pageNum":{"type":"integer","format":"int32"},"pageSize":{"type":"integer","format":"int32"},"phone":{"type":"string"},"remark":{"type":"string"},"secretKey":{"type":"string"},"status":{"type":"string"},"updateDate":{"type":"string"},"updateUser":{"type":"integer","format":"int64"},"userId":{"type":"integer","format":"int64"},"userName":{"type":"string"},"userType":{"type":"string"}}}}}}','1200','1','1','2022-07-01 20:50:22','2022-07-01 20:50:22',null);
INSERT INTO `api_app` (`api_app_id`, `name`, `code`, `description`, `openapi_json`, `status`, `create_user`, `update_user`, `create_date`, `update_date`, `remark`) VALUES ('4','网关服务','sim-gateway','SIM-FRAMEWORK网关服务','{"openapi":"3.0.3","info":{"title":"网关服务","description":"SIM-FRAMEWORK网关服务"},"servers":[{"url":"http://127.0.0.1:7000","description":"Inferred Url"}],"tags":[{"name":"base-controller","description":"Base Controller"},{"name":"client-controller","description":"Client Controller"},{"name":"eureka-api","description":"Eureka Api"},{"name":"gray-route-manager","description":"Gray Route Manager"},{"name":"route-manager","description":"Route Manager"},{"name":"route-rate-limit-manager","description":"Route Rate Limit Manager"},{"name":"service-instance-manager","description":"Service Instance Manager"},{"name":"service-manager","description":"Service Manager"},{"name":"测试","description":"Test B"}],"paths":{"/common/dic":{"get":{"tags":["base-controller"],"summary":"getDicList","operationId":"getDicListUsingGET","parameters":[{"name":"code","in":"query","description":"code","required":false,"style":"form","schema":{"type":"string"}},{"name":"showAll","in":"query","description":"showAll","required":false,"style":"form","schema":{"type":"boolean"}}],"responses":{"200":{"description":"OK","content":{"*/*":{"schema":{"$ref":"#/components/schemas/ResponseData"}}}},"401":{"description":"Unauthorized"},"403":{"description":"Forbidden"},"404":{"description":"Not Found"}}}},"/endpoint/refresh":{"get":{"tags":["client-controller"],"summary":"refresh","operationId":"refreshUsingGET","responses":{"200":{"description":"OK","content":{"*/*":{"schema":{"$ref":"#/components/schemas/ResponseData«Void»"}}}},"401":{"description":"Unauthorized"},"403":{"description":"Forbidden"},"404":{"description":"Not Found"}}}},"/eureka-web/apps":{"get":{"tags":["eureka-api"],"summary":"apps","operationId":"appsUsingGET","responses":{"200":{"description":"OK","content":{"*/*":{"schema":{"$ref":"#/components/schemas/ResponseData"}}}},"401":{"description":"Unauthorized"},"403":{"description":"Forbidden"},"404":{"description":"Not Found"}}}},"/eureka-web/apps/{name}":{"get":{"tags":["eureka-api"],"summary":"app","operationId":"appUsingGET","parameters":[{"name":"name","in":"path","description":"name","required":true,"style":"simple","schema":{"type":"string"}}],"responses":{"200":{"description":"OK","content":{"*/*":{"schema":{"$ref":"#/components/schemas/ResponseData"}}}},"401":{"description":"Unauthorized"},"403":{"description":"Forbidden"},"404":{"description":"Not Found"}}}},"/eureka-web/apps/{name}/{instanceId}":{"put":{"tags":["eureka-api"],"summary":"heartbeat","operationId":"heartbeatUsingPUT","parameters":[{"name":"name","in":"path","description":"name","required":true,"style":"simple","schema":{"type":"string"}},{"name":"instanceId","in":"path","description":"instanceId","required":true,"style":"simple","schema":{"type":"string"}}],"responses":{"200":{"description":"OK","content":{"*/*":{"schema":{"$ref":"#/components/schemas/ResponseData"}}}},"201":{"description":"Created"},"401":{"description":"Unauthorized"},"403":{"description":"Forbidden"},"404":{"description":"Not Found"}}}},"/eureka-web/apps/{name}/{instanceId}/status":{"put":{"tags":["eureka-api"],"summary":"updateStatus","operationId":"updateStatusUsingPUT","parameters":[{"name":"name","in":"path","description":"name","required":true,"style":"simple","schema":{"type":"string"}},{"name":"instanceId","in":"path","description":"instanceId","required":true,"style":"simple","schema":{"type":"string"}},{"name":"value","in":"query","description":"value","required":false,"style":"form","schema":{"type":"string"}}],"responses":{"200":{"description":"OK","content":{"*/*":{"schema":{"$ref":"#/components/schemas/ResponseData"}}}},"201":{"description":"Created"},"401":{"description":"Unauthorized"},"403":{"description":"Forbidden"},"404":{"description":"Not Found"}}}},"/grayRoute":{"get":{"tags":["gray-route-manager"],"summary":"list","operationId":"listUsingGET","parameters":[{"name":"cookies","in":"query","required":false,"style":"form","schema":{"type":"object"}},{"name":"cookiesString","in":"query","required":false,"style":"form","schema":{"type":"string"}},{"name":"createDate","in":"query","required":false,"style":"form","schema":{"type":"string"}},{"name":"createUser","in":"query","required":false,"style":"form","schema":{"type":"integer","format":"int64"}},{"name":"filterText","in":"query","required":false,"style":"form","schema":{"type":"string"}},{"name":"grayRouteName","in":"query","required":false,"style":"form","schema":{"type":"string"}},{"name":"grayVersion","in":"query","required":true,"style":"form","schema":{"type":"string"}},{"name":"groupId","in":"query","required":false,"style":"form","schema":{"type":"integer","format":"int64"}},{"name":"headers","in":"query","required":false,"style":"form","schema":{"type":"object"}},{"name":"headersString","in":"query","required":false,"style":"form","schema":{"type":"string"}},{"name":"mainVersion","in":"query","required":true,"style":"form","schema":{"type":"string"}},{"name":"pageNum","in":"query","required":false,"style":"form","schema":{"type":"integer","format":"int32"}},{"name":"pageSize","in":"query","required":false,"style":"form","schema":{"type":"integer","format":"int32"}},{"name":"params","in":"query","required":false,"style":"form","schema":{"type":"object"}},{"name":"paramsString","in":"query","required":false,"style":"form","schema":{"type":"string"}},{"name":"path","in":"query","required":true,"style":"form","schema":{"type":"string"}},{"name":"remark","in":"query","required":false,"style":"form","schema":{"type":"string"}},{"name":"routeGrayId","in":"query","required":false,"style":"form","schema":{"type":"integer","format":"int64"}},{"name":"routeId","in":"query","required":true,"style":"form","schema":{"type":"integer","format":"int64"}},{"name":"ruleType","in":"query","required":true,"style":"form","schema":{"type":"string"}},{"name":"serviceId","in":"query","required":true,"style":"form","schema":{"type":"string"}},{"name":"serviceInstances","in":"query","required":true,"style":"pipeDelimited","schema":{"uniqueItems":true,"type":"array","items":{"type":"string"}}},{"name":"status","in":"query","required":false,"style":"form","schema":{"type":"string"}},{"name":"updateDate","in":"query","required":false,"style":"form","schema":{"type":"string"}},{"name":"updateUser","in":"query","required":false,"style":"form","schema":{"type":"integer","format":"int64"}},{"name":"weight","in":"query","required":false,"style":"form","schema":{"type":"number","format":"double"}}],"responses":{"200":{"description":"OK","content":{"*/*":{"schema":{"$ref":"#/components/schemas/ResponseData"}}}},"401":{"description":"Unauthorized"},"403":{"description":"Forbidden"},"404":{"description":"Not Found"}}},"post":{"tags":["gray-route-manager"],"summary":"add","operationId":"addUsingPOST","requestBody":{"content":{"application/json":{"schema":{"$ref":"#/components/schemas/GrayRouteReq"}}}},"responses":{"200":{"description":"OK","content":{"*/*":{"schema":{"$ref":"#/components/schemas/ResponseData"}}}},"201":{"description":"Created"},"401":{"description":"Unauthorized"},"403":{"description":"Forbidden"},"404":{"description":"Not Found"}}},"patch":{"tags":["gray-route-manager"],"summary":"update","operationId":"updateUsingPATCH","requestBody":{"content":{"application/json":{"schema":{"$ref":"#/components/schemas/GrayRouteReq"}}}},"responses":{"200":{"description":"OK","content":{"*/*":{"schema":{"$ref":"#/components/schemas/ResponseData"}}}},"204":{"description":"No Content"},"401":{"description":"Unauthorized"},"403":{"description":"Forbidden"}}}},"/grayRoute/copy":{"post":{"tags":["gray-route-manager"],"summary":"copy","operationId":"copyUsingPOST","parameters":[{"name":"routeGrayId","in":"query","description":"routeGrayId","required":false,"style":"form","schema":{"type":"integer","format":"int64"}}],"responses":{"200":{"description":"OK","content":{"*/*":{"schema":{"$ref":"#/components/schemas/ResponseData"}}}},"201":{"description":"Created"},"401":{"description":"Unauthorized"},"403":{"description":"Forbidden"},"404":{"description":"Not Found"}}}},"/grayRoute/formal/{routeGrayId}":{"patch":{"tags":["gray-route-manager"],"summary":"formal","operationId":"formalUsingPATCH","parameters":[{"name":"routeGrayId","in":"path","description":"routeGrayId","required":true,"style":"simple","schema":{"type":"integer","format":"int64"}}],"responses":{"200":{"description":"OK","content":{"*/*":{"schema":{"$ref":"#/components/schemas/ResponseData"}}}},"204":{"description":"No Content"},"401":{"description":"Unauthorized"},"403":{"description":"Forbidden"}}}},"/grayRoute/offline/{routeGrayId}":{"patch":{"tags":["gray-route-manager"],"summary":"offline","operationId":"offlineUsingPATCH","parameters":[{"name":"routeGrayId","in":"path","description":"routeGrayId","required":true,"style":"simple","schema":{"type":"integer","format":"int64"}}],"responses":{"200":{"description":"OK","content":{"*/*":{"schema":{"$ref":"#/components/schemas/ResponseData"}}}},"204":{"description":"No Content"},"401":{"description":"Unauthorized"},"403":{"description":"Forbidden"}}}},"/grayRoute/online/{routeGrayId}":{"patch":{"tags":["gray-route-manager"],"summary":"online","operationId":"onlineUsingPATCH","parameters":[{"name":"routeGrayId","in":"path","description":"routeGrayId","required":true,"style":"simple","schema":{"type":"integer","format":"int64"}}],"responses":{"200":{"description":"OK","content":{"*/*":{"schema":{"$ref":"#/components/schemas/ResponseData"}}}},"204":{"description":"No Content"},"401":{"description":"Unauthorized"},"403":{"description":"Forbidden"}}}},"/grayRoute/refresh":{"post":{"tags":["gray-route-manager"],"summary":"refresh","operationId":"refreshUsingPOST","responses":{"200":{"description":"OK","content":{"*/*":{"schema":{"$ref":"#/components/schemas/ResponseData"}}}},"201":{"description":"Created"},"401":{"description":"Unauthorized"},"403":{"description":"Forbidden"},"404":{"description":"Not Found"}}}},"/grayRoute/{grayRouteId}":{"delete":{"tags":["gray-route-manager"],"summary":"delete","operationId":"deleteUsingDELETE","parameters":[{"name":"grayRouteId","in":"path","description":"grayRouteId","required":true,"style":"simple","schema":{"type":"integer","format":"int64"}}],"responses":{"200":{"description":"OK","content":{"*/*":{"schema":{"$ref":"#/components/schemas/ResponseData"}}}},"204":{"description":"No Content"},"401":{"description":"Unauthorized"},"403":{"description":"Forbidden"}}}},"/grayRoute/{routeGrayId}":{"get":{"tags":["gray-route-manager"],"summary":"detail","operationId":"detailUsingGET","parameters":[{"name":"routeGrayId","in":"path","description":"routeGrayId","required":true,"style":"simple","schema":{"type":"integer","format":"int64"}}],"responses":{"200":{"description":"OK","content":{"*/*":{"schema":{"$ref":"#/components/schemas/ResponseData"}}}},"401":{"description":"Unauthorized"},"403":{"description":"Forbidden"},"404":{"description":"Not Found"}}}},"/route":{"get":{"tags":["route-manager"],"summary":"list","operationId":"listUsingGET_1","parameters":[{"name":"createDate","in":"query","required":false,"style":"form","schema":{"type":"string"}},{"name":"createUser","in":"query","required":false,"style":"form","schema":{"type":"integer","format":"int64"}},{"name":"customSensitiveHeaders","in":"query","required":false,"style":"form","schema":{"type":"boolean"}},{"name":"filterText","in":"query","required":false,"style":"form","schema":{"type":"string"}},{"name":"groupId","in":"query","required":true,"style":"form","schema":{"type":"integer","format":"int32"}},{"name":"pageNum","in":"query","required":false,"style":"form","schema":{"type":"integer","format":"int32"}},{"name":"pageSize","in":"query","required":false,"style":"form","schema":{"type":"integer","format":"int32"}},{"name":"path","in":"query","required":false,"style":"form","schema":{"type":"string"}},{"name":"prefix","in":"query","required":false,"style":"form","schema":{"type":"string"}},{"name":"remark","in":"query","required":false,"style":"form","schema":{"type":"string"}},{"name":"retryable","in":"query","required":false,"style":"form","schema":{"type":"boolean"}},{"name":"routeId","in":"query","required":true,"style":"form","schema":{"type":"integer","format":"int64"}},{"name":"routeName","in":"query","required":false,"style":"form","schema":{"type":"string"}},{"name":"sensitiveHeaders","in":"query","required":false,"style":"pipeDelimited","schema":{"uniqueItems":true,"type":"array","items":{"type":"string"}}},{"name":"serviceId","in":"query","required":false,"style":"form","schema":{"type":"string"}},{"name":"status","in":"query","required":false,"style":"form","schema":{"type":"string"}},{"name":"stripPrefix","in":"query","required":false,"style":"form","schema":{"type":"boolean"}},{"name":"type","in":"query","required":false,"style":"form","schema":{"type":"string"}},{"name":"updateDate","in":"query","required":false,"style":"form","schema":{"type":"string"}},{"name":"updateUser","in":"query","required":false,"style":"form","schema":{"type":"integer","format":"int64"}},{"name":"url","in":"query","required":false,"style":"form","schema":{"type":"string"}},{"name":"version","in":"query","required":false,"style":"form","schema":{"type":"string"}}],"responses":{"200":{"description":"OK","content":{"*/*":{"schema":{"$ref":"#/components/schemas/ResponseData"}}}},"401":{"description":"Unauthorized"},"403":{"description":"Forbidden"},"404":{"description":"Not Found"}}},"post":{"tags":["route-manager"],"summary":"add","operationId":"addUsingPOST_1","requestBody":{"content":{"application/json":{"schema":{"$ref":"#/components/schemas/RouteReq"}}}},"responses":{"200":{"description":"OK","content":{"*/*":{"schema":{"$ref":"#/components/schemas/ResponseData"}}}},"201":{"description":"Created"},"401":{"description":"Unauthorized"},"403":{"description":"Forbidden"},"404":{"description":"Not Found"}}},"patch":{"tags":["route-manager"],"summary":"update","operationId":"updateUsingPATCH_1","requestBody":{"content":{"application/json":{"schema":{"$ref":"#/components/schemas/RouteReq"}}}},"responses":{"200":{"description":"OK","content":{"*/*":{"schema":{"$ref":"#/components/schemas/ResponseData"}}}},"204":{"description":"No Content"},"401":{"description":"Unauthorized"},"403":{"description":"Forbidden"}}}},"/route/offline/{routeId}":{"patch":{"tags":["route-manager"],"summary":"offline","operationId":"offlineUsingPATCH_1","parameters":[{"name":"routeId","in":"path","description":"routeId","required":true,"style":"simple","schema":{"type":"integer","format":"int64"}}],"responses":{"200":{"description":"OK","content":{"*/*":{"schema":{"$ref":"#/components/schemas/ResponseData"}}}},"204":{"description":"No Content"},"401":{"description":"Unauthorized"},"403":{"description":"Forbidden"}}}},"/route/online/{routeId}":{"patch":{"tags":["route-manager"],"summary":"online","operationId":"onlineUsingPATCH_1","parameters":[{"name":"routeId","in":"path","description":"routeId","required":true,"style":"simple","schema":{"type":"integer","format":"int64"}}],"responses":{"200":{"description":"OK","content":{"*/*":{"schema":{"$ref":"#/components/schemas/ResponseData"}}}},"204":{"description":"No Content"},"401":{"description":"Unauthorized"},"403":{"description":"Forbidden"}}}},"/route/refresh":{"post":{"tags":["route-manager"],"summary":"refresh","operationId":"refreshUsingPOST_1","responses":{"200":{"description":"OK","content":{"*/*":{"schema":{"$ref":"#/components/schemas/ResponseData"}}}},"201":{"description":"Created"},"401":{"description":"Unauthorized"},"403":{"description":"Forbidden"},"404":{"description":"Not Found"}}}},"/route/{routeId}":{"get":{"tags":["route-manager"],"summary":"detail","operationId":"detailUsingGET_1","parameters":[{"name":"routeId","in":"path","description":"routeId","required":true,"style":"simple","schema":{"type":"integer","format":"int64"}}],"responses":{"200":{"description":"OK","content":{"*/*":{"schema":{"$ref":"#/components/schemas/ResponseData"}}}},"401":{"description":"Unauthorized"},"403":{"description":"Forbidden"},"404":{"description":"Not Found"}}},"delete":{"tags":["route-manager"],"summary":"delete","operationId":"deleteUsingDELETE_1","parameters":[{"name":"routeId","in":"path","description":"routeId","required":true,"style":"simple","schema":{"type":"integer","format":"int64"}}],"responses":{"200":{"description":"OK","content":{"*/*":{"schema":{"$ref":"#/components/schemas/ResponseData"}}}},"204":{"description":"No Content"},"401":{"description":"Unauthorized"},"403":{"description":"Forbidden"}}}},"/rateLimit":{"get":{"tags":["route-rate-limit-manager"],"summary":"list","operationId":"listUsingGET_2","parameters":[{"name":"breakOnMatch","in":"query","required":false,"style":"form","schema":{"type":"boolean"}},{"name":"createDate","in":"query","required":false,"style":"form","schema":{"type":"string"}},{"name":"createUser","in":"query","required":false,"style":"form","schema":{"type":"integer","format":"int64"}},{"name":"limit","in":"query","required":true,"style":"form","schema":{"type":"integer","format":"int64"}},{"name":"matchType","in":"query","required":true,"style":"form","schema":{"type":"string"}},{"name":"matcher","in":"query","required":false,"style":"form","schema":{"type":"string"}},{"name":"pageNum","in":"query","required":false,"style":"form","schema":{"type":"integer","format":"int32"}},{"name":"pageSize","in":"query","required":false,"style":"form","schema":{"type":"integer","format":"int32"}},{"name":"quota","in":"query","required":false,"style":"form","schema":{"type":"integer","format":"int64"}},{"name":"refreshInterval","in":"query","required":true,"style":"form","schema":{"type":"integer","format":"int64"}},{"name":"remark","in":"query","required":false,"style":"form","schema":{"type":"string"}},{"name":"routeId","in":"query","required":true,"style":"form","schema":{"type":"integer","format":"int64"}},{"name":"routeRateLimitPolicyId","in":"query","required":true,"style":"form","schema":{"type":"integer","format":"int64"}},{"name":"status","in":"query","required":false,"style":"form","schema":{"type":"string"}},{"name":"updateDate","in":"query","required":false,"style":"form","schema":{"type":"string"}},{"name":"updateUser","in":"query","required":false,"style":"form","schema":{"type":"integer","format":"int64"}}],"responses":{"200":{"description":"OK","content":{"*/*":{"schema":{"$ref":"#/components/schemas/ResponseData"}}}},"401":{"description":"Unauthorized"},"403":{"description":"Forbidden"},"404":{"description":"Not Found"}}},"post":{"tags":["route-rate-limit-manager"],"summary":"add","operationId":"addUsingPOST_2","requestBody":{"content":{"application/json":{"schema":{"$ref":"#/components/schemas/RouteRateLimitReq"}}}},"responses":{"200":{"description":"OK","content":{"*/*":{"schema":{"$ref":"#/components/schemas/ResponseData"}}}},"201":{"description":"Created"},"401":{"description":"Unauthorized"},"403":{"description":"Forbidden"},"404":{"description":"Not Found"}}},"delete":{"tags":["route-rate-limit-manager"],"summary":"delete","operationId":"deleteUsingDELETE_2","parameters":[{"name":"routeRateLimitPolicyId","in":"query","description":"routeRateLimitPolicyId","required":false,"style":"form","schema":{"type":"integer","format":"int64"}}],"responses":{"200":{"description":"OK","content":{"*/*":{"schema":{"$ref":"#/components/schemas/ResponseData"}}}},"204":{"description":"No Content"},"401":{"description":"Unauthorized"},"403":{"description":"Forbidden"}}},"patch":{"tags":["route-rate-limit-manager"],"summary":"update","operationId":"updateUsingPATCH_2","requestBody":{"content":{"application/json":{"schema":{"$ref":"#/components/schemas/RouteRateLimitReq"}}}},"responses":{"200":{"description":"OK","content":{"*/*":{"schema":{"$ref":"#/components/schemas/ResponseData"}}}},"204":{"description":"No Content"},"401":{"description":"Unauthorized"},"403":{"description":"Forbidden"}}}},"/rateLimit/refresh":{"post":{"tags":["route-rate-limit-manager"],"summary":"refresh","operationId":"refreshUsingPOST_2","responses":{"200":{"description":"OK","content":{"*/*":{"schema":{"$ref":"#/components/schemas/ResponseData"}}}},"201":{"description":"Created"},"401":{"description":"Unauthorized"},"403":{"description":"Forbidden"},"404":{"description":"Not Found"}}}},"/rateLimit/refresh/{routeId}":{"post":{"tags":["route-rate-limit-manager"],"summary":"refreshByRouteId","operationId":"refreshByRouteIdUsingPOST","parameters":[{"name":"routeId","in":"path","description":"routeId","required":true,"style":"simple","schema":{"type":"integer","format":"int64"}}],"responses":{"200":{"description":"OK","content":{"*/*":{"schema":{"$ref":"#/components/schemas/ResponseData"}}}},"201":{"description":"Created"},"401":{"description":"Unauthorized"},"403":{"description":"Forbidden"},"404":{"description":"Not Found"}}}},"/service-info":{"get":{"tags":["service-instance-manager"],"summary":"list","operationId":"listUsingGET_3","responses":{"200":{"description":"OK","content":{"*/*":{"schema":{"$ref":"#/components/schemas/ResponseData"}}}},"401":{"description":"Unauthorized"},"403":{"description":"Forbidden"},"404":{"description":"Not Found"}}}},"/service-info/inst":{"get":{"tags":["service-instance-manager"],"summary":"instances","operationId":"instancesUsingGET","responses":{"200":{"description":"OK","content":{"*/*":{"schema":{"$ref":"#/components/schemas/ResponseData"}}}},"401":{"description":"Unauthorized"},"403":{"description":"Forbidden"},"404":{"description":"Not Found"}}}},"/service-info/inst/{serviceId}":{"get":{"tags":["service-instance-manager"],"summary":"serviceInfo","operationId":"serviceInfoUsingGET","parameters":[{"name":"serviceId","in":"path","description":"serviceId","required":true,"style":"simple","schema":{"type":"string"}}],"responses":{"200":{"description":"OK","content":{"*/*":{"schema":{"$ref":"#/components/schemas/ResponseData"}}}},"401":{"description":"Unauthorized"},"403":{"description":"Forbidden"},"404":{"description":"Not Found"}}}},"/service-info/inst/{serviceId}/down":{"get":{"tags":["service-instance-manager"],"summary":"down","operationId":"downUsingGET","responses":{"200":{"description":"OK","content":{"*/*":{"schema":{"$ref":"#/components/schemas/ResponseData"}}}},"401":{"description":"Unauthorized"},"403":{"description":"Forbidden"},"404":{"description":"Not Found"}}}},"/service-info/inst/{serviceId}/metadata":{"get":{"tags":["service-instance-manager"],"summary":"queryMetadata","operationId":"queryMetadataUsingGET","responses":{"200":{"description":"OK","content":{"*/*":{"schema":{"$ref":"#/components/schemas/ResponseData"}}}},"401":{"description":"Unauthorized"},"403":{"description":"Forbidden"},"404":{"description":"Not Found"}}},"post":{"tags":["service-instance-manager"],"summary":"updateMetadata","operationId":"updateMetadataUsingPOST","parameters":[{"name":"serviceId","in":"path","description":"serviceId","required":true,"style":"simple","schema":{"type":"string"}}],"requestBody":{"content":{"application/json":{"schema":{"$ref":"#/components/schemas/MetadataUpdateReq"}}}},"responses":{"200":{"description":"OK","content":{"*/*":{"schema":{"$ref":"#/components/schemas/ResponseData"}}}},"201":{"description":"Created"},"401":{"description":"Unauthorized"},"403":{"description":"Forbidden"},"404":{"description":"Not Found"}}}},"/service-info/inst/{serviceId}/up":{"get":{"tags":["service-instance-manager"],"summary":"up","operationId":"upUsingGET","parameters":[{"name":"serviceId","in":"path","description":"serviceId","required":true,"style":"simple","schema":{"type":"string"}}],"responses":{"200":{"description":"OK","content":{"*/*":{"schema":{"$ref":"#/components/schemas/ResponseData"}}}},"401":{"description":"Unauthorized"},"403":{"description":"Forbidden"},"404":{"description":"Not Found"}}}},"/service-manager":{"get":{"tags":["service-manager"],"summary":"list","operationId":"listUsingGET_4","parameters":[{"name":"createDate","in":"query","required":false,"style":"form","schema":{"type":"string"}},{"name":"createUser","in":"query","required":false,"style":"form","schema":{"type":"integer","format":"int64"}},{"name":"name","in":"query","required":false,"style":"form","schema":{"type":"string"}},{"name":"pageNum","in":"query","required":false,"style":"form","schema":{"type":"integer","format":"int32"}},{"name":"pageSize","in":"query","required":false,"style":"form","schema":{"type":"integer","format":"int32"}},{"name":"remark","in":"query","required":false,"style":"form","schema":{"type":"string"}},{"name":"routeId","in":"query","required":false,"style":"form","schema":{"type":"integer","format":"int64"}},{"name":"serviceId","in":"query","required":false,"style":"form","schema":{"type":"integer","format":"int64"}},{"name":"status","in":"query","required":false,"style":"form","schema":{"type":"string"}},{"name":"type","in":"query","required":false,"style":"form","schema":{"type":"string"}},{"name":"updateDate","in":"query","required":false,"style":"form","schema":{"type":"string"}},{"name":"updateUser","in":"query","required":false,"style":"form","schema":{"type":"integer","format":"int64"}},{"name":"url","in":"query","required":false,"style":"form","schema":{"type":"string"}}],"responses":{"200":{"description":"OK","content":{"*/*":{"schema":{"$ref":"#/components/schemas/ResponseData"}}}},"401":{"description":"Unauthorized"},"403":{"description":"Forbidden"},"404":{"description":"Not Found"}}}},"/daaaaa/aaa":{"post":{"tags":["测试"],"summary":"哈哈哈哈哈哈12","operationId":"test1UsingPOST","parameters":[{"name":"token","in":"header","description":"token","required":true,"schema":{"type":"string"}}],"requestBody":{"content":{"application/json":{"schema":{"$ref":"#/components/schemas/AAA"}}}},"responses":{"200":{"description":"OK","content":{"*/*":{"schema":{"$ref":"#/components/schemas/ResponseData«string»"}}}},"201":{"description":"Created"},"401":{"description":"Unauthorized"},"403":{"description":"Forbidden"},"404":{"description":"Not Found"}}}},"/daaaaa/cccc":{"post":{"tags":["测试"],"summary":"test2","operationId":"test2UsingPOST","requestBody":{"content":{"application/json":{"schema":{"type":"object"}}}},"responses":{"200":{"description":"OK","content":{"*/*":{"schema":{"type":"string"}}}},"201":{"description":"Created"},"401":{"description":"Unauthorized"},"403":{"description":"Forbidden"},"404":{"description":"Not Found"}},"extensions":{"version":"2.0.0"}}},"/daaaaa/ddddd":{"get":{"tags":["测试"],"summary":"测试4","operationId":"test4UsingGET","parameters":[{"name":"apiInfo","in":"query","description":"测试测试","required":true,"style":"form","schema":{"type":"string"}}],"responses":{"200":{"description":"OK","content":{"*/*":{"schema":{"type":"string"}}}},"401":{"description":"Unauthorized"},"403":{"description":"Forbidden"},"404":{"description":"Not Found"}},"extensions":{"version":"2.0.0"}},"post":{"tags":["测试"],"summary":"测试3","operationId":"test3UsingPOST","requestBody":{"content":{"application/json":{"schema":{"type":"array","items":{"$ref":"#/components/schemas/AAA"}}}}},"responses":{"200":{"description":"OK","content":{"*/*":{"schema":{"type":"string"}}}},"201":{"description":"Created"},"401":{"description":"Unauthorized"},"403":{"description":"Forbidden"},"404":{"description":"Not Found"}},"extensions":{"version":"2.0.0"}}},"/daaaaa/upload":{"post":{"tags":["测试"],"summary":"上传文件","operationId":"test4UsingPOST","requestBody":{"content":{"application/json":{"schema":{"type":"string","format":"binary"}},"application/octet-stream":{"schema":{"type":"string","format":"binary"}}}},"responses":{"200":{"description":"OK","content":{"*/*":{"schema":{"type":"string"}}}},"201":{"description":"Created"},"401":{"description":"Unauthorized"},"403":{"description":"Forbidden"},"404":{"description":"Not Found"}},"extensions":{"version":"2.0.0"}}},"/a/aaa":{"post":{"tags":["测试"],"summary":"哈哈哈哈哈哈","operationId":"test1UsingPOST_1","parameters":[{"name":"token","in":"query","description":"token","required":false,"style":"form","schema":{"type":"string"}}],"requestBody":{"content":{"application/json":{"schema":{"$ref":"#/components/schemas/BaseBean"}}}},"responses":{"200":{"description":"OK","content":{"*/*":{"schema":{"$ref":"#/components/schemas/ResponseData"}}}},"201":{"description":"Created"},"401":{"description":"Unauthorized"},"403":{"description":"Forbidden"},"404":{"description":"Not Found"}}}},"/a/bb":{"get":{"tags":["测试"],"summary":"测试get","description":"啊啊啊啊","operationId":"test2UsingGET","parameters":[{"name":"token","in":"query","description":"token","required":false,"style":"form","schema":{"type":"string"}}],"requestBody":{"content":{"application/json":{"schema":{"$ref":"#/components/schemas/BaseBean"}}}},"responses":{"200":{"description":"OK","content":{"*/*":{"schema":{"type":"string"}}}},"401":{"description":"Unauthorized"},"403":{"description":"Forbidden"},"404":{"description":"Not Found"}}}}},"components":{"schemas":{"AAA":{"title":"AAA","type":"object","properties":{"a":{"type":"integer","description":"测试字段1","format":"int64","example":123},"baseBean":{"$ref":"#/components/schemas/BaseBean"},"bbb":{"type":"array","items":{"$ref":"#/components/schemas/BBB"}},"cccc":{"type":"array","items":{"type":"object"}},"hhh":{"$ref":"#/components/schemas/BBB"},"map":{"type":"object","additionalProperties":{"$ref":"#/components/schemas/BBB"}},"yourName":{"type":"string","description":"测试字段2","example":"哈哈哈哈"}}},"BBB":{"title":"BBB","type":"object","properties":{"aaaaaaaaa":{"type":"object"},"age":{"type":"integer","format":"int32"},"name":{"type":"string","description":"名称","example":"勇敢牛牛"},"sex":{"type":"object"}}},"BaseBean":{"title":"BaseBean","type":"object","properties":{"createDate":{"type":"string"},"createUser":{"type":"integer","format":"int64"},"remark":{"type":"string"},"status":{"type":"string"},"updateDate":{"type":"string"},"updateUser":{"type":"integer","format":"int64"}}},"GrayRouteReq":{"title":"GrayRouteReq","required":["grayVersion","mainVersion","path","routeId","ruleType","serviceId","serviceInstances"],"type":"object","properties":{"cookies":{"type":"object"},"cookiesString":{"type":"string"},"createDate":{"type":"string"},"createUser":{"type":"integer","format":"int64"},"filterText":{"type":"string"},"grayRouteName":{"type":"string"},"grayVersion":{"type":"string"},"groupId":{"type":"integer","format":"int64"},"headers":{"type":"object"},"headersString":{"type":"string"},"mainVersion":{"type":"string"},"pageNum":{"type":"integer","format":"int32"},"pageSize":{"type":"integer","format":"int32"},"params":{"type":"object"},"paramsString":{"type":"string"},"path":{"type":"string"},"remark":{"type":"string"},"routeGrayId":{"type":"integer","format":"int64"},"routeId":{"type":"integer","format":"int64"},"ruleType":{"type":"string"},"serviceId":{"type":"string"},"serviceInstances":{"uniqueItems":true,"type":"array","items":{"type":"string"}},"status":{"type":"string"},"updateDate":{"type":"string"},"updateUser":{"type":"integer","format":"int64"},"weight":{"type":"number","format":"double"}}},"MetadataUpdateReq":{"title":"MetadataUpdateReq","type":"object","properties":{"instanceId":{"type":"string"},"key":{"type":"string"},"value":{"type":"string"}}},"ResponseData":{"title":"ResponseData","type":"object","properties":{"code":{"type":"integer","format":"int32"},"codeDesc":{"type":"string"},"data":{"type":"object"},"msg":{"type":"string"},"timestamp":{"type":"integer","format":"int64"}}},"ResponseData«Void»":{"title":"ResponseData«Void»","type":"object","properties":{"code":{"type":"integer","format":"int32"},"codeDesc":{"type":"string"},"msg":{"type":"string"},"timestamp":{"type":"integer","format":"int64"}}},"ResponseData«string»":{"title":"ResponseData«string»","type":"object","properties":{"code":{"type":"integer","format":"int32"},"codeDesc":{"type":"string"},"data":{"type":"string"},"msg":{"type":"string"},"timestamp":{"type":"integer","format":"int64"}}},"RouteRateLimitReq":{"title":"RouteRateLimitReq","required":["limit","matchType","refreshInterval","routeId","routeRateLimitPolicyId"],"type":"object","properties":{"breakOnMatch":{"type":"boolean"},"createDate":{"type":"string"},"createUser":{"type":"integer","format":"int64"},"limit":{"type":"integer","format":"int64"},"matchType":{"type":"string"},"matcher":{"type":"string"},"pageNum":{"type":"integer","format":"int32"},"pageSize":{"type":"integer","format":"int32"},"quota":{"type":"integer","format":"int64"},"refreshInterval":{"type":"integer","format":"int64"},"remark":{"type":"string"},"routeId":{"type":"integer","format":"int64"},"routeRateLimitPolicyId":{"type":"integer","format":"int64"},"status":{"type":"string"},"updateDate":{"type":"string"},"updateUser":{"type":"integer","format":"int64"}}},"RouteReq":{"title":"RouteReq","required":["groupId","routeId"],"type":"object","properties":{"createDate":{"type":"string"},"createUser":{"type":"integer","format":"int64"},"customSensitiveHeaders":{"type":"boolean"},"filterText":{"type":"string"},"groupId":{"type":"integer","format":"int32"},"pageNum":{"type":"integer","format":"int32"},"pageSize":{"type":"integer","format":"int32"},"path":{"type":"string"},"prefix":{"type":"string"},"remark":{"type":"string"},"retryable":{"type":"boolean"},"routeId":{"type":"integer","format":"int64"},"routeName":{"type":"string"},"sensitiveHeaders":{"uniqueItems":true,"type":"array","items":{"type":"string"}},"serviceId":{"type":"string"},"status":{"type":"string"},"stripPrefix":{"type":"boolean"},"type":{"type":"string"},"updateDate":{"type":"string"},"updateUser":{"type":"integer","format":"int64"},"url":{"type":"string"},"version":{"type":"string"}}}}}}','1200','1','1','2022-07-02 14:11:51','2022-07-02 14:11:51',null);

INSERT INTO `api_group` (`api_group_id`, `api_app_id`, `name`, `description`, `status`, `create_user`, `update_user`, `create_date`, `update_date`, `remark`) VALUES ('247','2','base-controller','Base Controller','1000',null,null,'2022-07-02 14:00:11','2022-07-02 14:00:11',null);
INSERT INTO `api_group` (`api_group_id`, `api_app_id`, `name`, `description`, `status`, `create_user`, `update_user`, `create_date`, `update_date`, `remark`) VALUES ('248','2','client-controller','Client Controller','1000',null,null,'2022-07-02 14:00:11','2022-07-02 14:00:11',null);
INSERT INTO `api_group` (`api_group_id`, `api_app_id`, `name`, `description`, `status`, `create_user`, `update_user`, `create_date`, `update_date`, `remark`) VALUES ('249','2','eureka-api','Eureka Api','1000',null,null,'2022-07-02 14:00:11','2022-07-02 14:00:11',null);
INSERT INTO `api_group` (`api_group_id`, `api_app_id`, `name`, `description`, `status`, `create_user`, `update_user`, `create_date`, `update_date`, `remark`) VALUES ('250','2','gray-route-manager','Gray Route Manager','1000',null,null,'2022-07-02 14:00:11','2022-07-02 14:00:11',null);
INSERT INTO `api_group` (`api_group_id`, `api_app_id`, `name`, `description`, `status`, `create_user`, `update_user`, `create_date`, `update_date`, `remark`) VALUES ('251','2','route-manager','Route Manager','1000',null,null,'2022-07-02 14:00:11','2022-07-02 14:00:11',null);
INSERT INTO `api_group` (`api_group_id`, `api_app_id`, `name`, `description`, `status`, `create_user`, `update_user`, `create_date`, `update_date`, `remark`) VALUES ('252','2','route-rate-limit-manager','Route Rate Limit Manager','1000',null,null,'2022-07-02 14:00:11','2022-07-02 14:00:11',null);
INSERT INTO `api_group` (`api_group_id`, `api_app_id`, `name`, `description`, `status`, `create_user`, `update_user`, `create_date`, `update_date`, `remark`) VALUES ('253','2','service-instance-manager','Service Instance Manager','1000',null,null,'2022-07-02 14:00:11','2022-07-02 14:00:11',null);
INSERT INTO `api_group` (`api_group_id`, `api_app_id`, `name`, `description`, `status`, `create_user`, `update_user`, `create_date`, `update_date`, `remark`) VALUES ('254','2','service-manager','Service Manager','1000',null,null,'2022-07-02 14:00:11','2022-07-02 14:00:11',null);
INSERT INTO `api_group` (`api_group_id`, `api_app_id`, `name`, `description`, `status`, `create_user`, `update_user`, `create_date`, `update_date`, `remark`) VALUES ('255','2','测试','Test B','1000',null,null,'2022-07-02 14:00:11','2022-07-02 14:00:11',null);
INSERT INTO `api_group` (`api_group_id`, `api_app_id`, `name`, `description`, `status`, `create_user`, `update_user`, `create_date`, `update_date`, `remark`) VALUES ('283','3','base-controller','Base Controller','1000',null,null,'2022-07-02 14:09:02','2022-07-02 14:09:02',null);
INSERT INTO `api_group` (`api_group_id`, `api_app_id`, `name`, `description`, `status`, `create_user`, `update_user`, `create_date`, `update_date`, `remark`) VALUES ('284','3','client-controller','Client Controller','1000',null,null,'2022-07-02 14:09:02','2022-07-02 14:09:02',null);
INSERT INTO `api_group` (`api_group_id`, `api_app_id`, `name`, `description`, `status`, `create_user`, `update_user`, `create_date`, `update_date`, `remark`) VALUES ('285','3','eureka-api','Eureka Api','1000',null,null,'2022-07-02 14:09:02','2022-07-02 14:09:02',null);
INSERT INTO `api_group` (`api_group_id`, `api_app_id`, `name`, `description`, `status`, `create_user`, `update_user`, `create_date`, `update_date`, `remark`) VALUES ('286','3','gray-route-manager','Gray Route Manager','1000',null,null,'2022-07-02 14:09:02','2022-07-02 14:09:02',null);
INSERT INTO `api_group` (`api_group_id`, `api_app_id`, `name`, `description`, `status`, `create_user`, `update_user`, `create_date`, `update_date`, `remark`) VALUES ('287','3','route-manager','Route Manager','1000',null,null,'2022-07-02 14:09:02','2022-07-02 14:09:02',null);
INSERT INTO `api_group` (`api_group_id`, `api_app_id`, `name`, `description`, `status`, `create_user`, `update_user`, `create_date`, `update_date`, `remark`) VALUES ('288','3','route-rate-limit-manager','Route Rate Limit Manager','1000',null,null,'2022-07-02 14:09:02','2022-07-02 14:09:02',null);
INSERT INTO `api_group` (`api_group_id`, `api_app_id`, `name`, `description`, `status`, `create_user`, `update_user`, `create_date`, `update_date`, `remark`) VALUES ('289','3','service-instance-manager','Service Instance Manager','1000',null,null,'2022-07-02 14:09:02','2022-07-02 14:09:02',null);
INSERT INTO `api_group` (`api_group_id`, `api_app_id`, `name`, `description`, `status`, `create_user`, `update_user`, `create_date`, `update_date`, `remark`) VALUES ('290','3','service-manager','Service Manager','1000',null,null,'2022-07-02 14:09:02','2022-07-02 14:09:02',null);
INSERT INTO `api_group` (`api_group_id`, `api_app_id`, `name`, `description`, `status`, `create_user`, `update_user`, `create_date`, `update_date`, `remark`) VALUES ('291','3','测试','Test B','1000',null,null,'2022-07-02 14:09:02','2022-07-02 14:09:02',null);
INSERT INTO `api_group` (`api_group_id`, `api_app_id`, `name`, `description`, `status`, `create_user`, `update_user`, `create_date`, `update_date`, `remark`) VALUES ('415','1','base-controller',null,'1000',null,null,'2022-07-08 08:00:45','2022-07-08 08:00:45',null);
INSERT INTO `api_group` (`api_group_id`, `api_app_id`, `name`, `description`, `status`, `create_user`, `update_user`, `create_date`, `update_date`, `remark`) VALUES ('416','1','client-controller',null,'1000',null,null,'2022-07-08 08:00:45','2022-07-08 08:00:45',null);
INSERT INTO `api_group` (`api_group_id`, `api_app_id`, `name`, `description`, `status`, `create_user`, `update_user`, `create_date`, `update_date`, `remark`) VALUES ('417','1','install-controller',null,'1000',null,null,'2022-07-08 08:00:45','2022-07-08 08:00:45',null);
INSERT INTO `api_group` (`api_group_id`, `api_app_id`, `name`, `description`, `status`, `create_user`, `update_user`, `create_date`, `update_date`, `remark`) VALUES ('418','1','oauth-controller',null,'1000',null,null,'2022-07-08 08:00:45','2022-07-08 08:00:45',null);
INSERT INTO `api_group` (`api_group_id`, `api_app_id`, `name`, `description`, `status`, `create_user`, `update_user`, `create_date`, `update_date`, `remark`) VALUES ('419','1','permission-manage-controller',null,'1000',null,null,'2022-07-08 08:00:45','2022-07-08 08:00:45',null);
INSERT INTO `api_group` (`api_group_id`, `api_app_id`, `name`, `description`, `status`, `create_user`, `update_user`, `create_date`, `update_date`, `remark`) VALUES ('420','1','role-manage-controller',null,'1000',null,null,'2022-07-08 08:00:45','2022-07-08 08:00:45',null);
INSERT INTO `api_group` (`api_group_id`, `api_app_id`, `name`, `description`, `status`, `create_user`, `update_user`, `create_date`, `update_date`, `remark`) VALUES ('421','1','security-controller',null,'1000',null,null,'2022-07-08 08:00:45','2022-07-08 08:00:45',null);
INSERT INTO `api_group` (`api_group_id`, `api_app_id`, `name`, `description`, `status`, `create_user`, `update_user`, `create_date`, `update_date`, `remark`) VALUES ('422','1','tenant-manager-controller',null,'1000',null,null,'2022-07-08 08:00:45','2022-07-08 08:00:45',null);
INSERT INTO `api_group` (`api_group_id`, `api_app_id`, `name`, `description`, `status`, `create_user`, `update_user`, `create_date`, `update_date`, `remark`) VALUES ('423','1','user-controller',null,'1000',null,null,'2022-07-08 08:00:45','2022-07-08 08:00:45',null);
INSERT INTO `api_group` (`api_group_id`, `api_app_id`, `name`, `description`, `status`, `create_user`, `update_user`, `create_date`, `update_date`, `remark`) VALUES ('424','1','机构管理',null,'1000',null,null,'2022-07-08 08:00:45','2022-07-08 08:00:45',null);
INSERT INTO `api_group` (`api_group_id`, `api_app_id`, `name`, `description`, `status`, `create_user`, `update_user`, `create_date`, `update_date`, `remark`) VALUES ('425','1','用户管理',null,'1000',null,null,'2022-07-08 08:00:45','2022-07-08 08:00:45',null);
INSERT INTO `api_group` (`api_group_id`, `api_app_id`, `name`, `description`, `status`, `create_user`, `update_user`, `create_date`, `update_date`, `remark`) VALUES ('426','4','base-controller','Base Controller','1000',null,null,'2022-07-08 08:00:50','2022-07-08 08:00:50',null);
INSERT INTO `api_group` (`api_group_id`, `api_app_id`, `name`, `description`, `status`, `create_user`, `update_user`, `create_date`, `update_date`, `remark`) VALUES ('427','4','client-controller','Client Controller','1000',null,null,'2022-07-08 08:00:50','2022-07-08 08:00:50',null);
INSERT INTO `api_group` (`api_group_id`, `api_app_id`, `name`, `description`, `status`, `create_user`, `update_user`, `create_date`, `update_date`, `remark`) VALUES ('428','4','eureka-api','Eureka Api','1000',null,null,'2022-07-08 08:00:50','2022-07-08 08:00:50',null);
INSERT INTO `api_group` (`api_group_id`, `api_app_id`, `name`, `description`, `status`, `create_user`, `update_user`, `create_date`, `update_date`, `remark`) VALUES ('429','4','gray-route-manager','Gray Route Manager','1000',null,null,'2022-07-08 08:00:50','2022-07-08 08:00:50',null);
INSERT INTO `api_group` (`api_group_id`, `api_app_id`, `name`, `description`, `status`, `create_user`, `update_user`, `create_date`, `update_date`, `remark`) VALUES ('430','4','route-manager','Route Manager','1000',null,null,'2022-07-08 08:00:50','2022-07-08 08:00:50',null);
INSERT INTO `api_group` (`api_group_id`, `api_app_id`, `name`, `description`, `status`, `create_user`, `update_user`, `create_date`, `update_date`, `remark`) VALUES ('431','4','route-rate-limit-manager','Route Rate Limit Manager','1000',null,null,'2022-07-08 08:00:50','2022-07-08 08:00:50',null);
INSERT INTO `api_group` (`api_group_id`, `api_app_id`, `name`, `description`, `status`, `create_user`, `update_user`, `create_date`, `update_date`, `remark`) VALUES ('432','4','service-instance-manager','Service Instance Manager','1000',null,null,'2022-07-08 08:00:50','2022-07-08 08:00:50',null);
INSERT INTO `api_group` (`api_group_id`, `api_app_id`, `name`, `description`, `status`, `create_user`, `update_user`, `create_date`, `update_date`, `remark`) VALUES ('433','4','service-manager','Service Manager','1000',null,null,'2022-07-08 08:00:50','2022-07-08 08:00:50',null);

INSERT INTO `api_schema` (`api_schema_id`, `api_app_id`, `name`, `title`, `path`, `content`, `description`, `status`, `create_user`, `update_user`, `create_date`, `update_date`, `remark`) VALUES ('1','1','OrgAddReq','OrgAddReq','#/components/schemas/OrgAddReq','{"title":"OrgAddReq","type":"object","required":["parentId"],"properties":{"orgType":{"type":"string"},"updateDate":{"type":"string"},"orgName":{"type":"string"},"orgCode":{"type":"string"},"description":{"type":"string"},"updateUser":{"format":"int64","type":"integer"},"createUser":{"format":"int64","type":"integer"},"remark":{"type":"string"},"parentId":{"format":"int64","type":"integer"},"attrs":{"type":"array","items":{"$ref":"#/components/schemas/OrgAttr"}},"createDate":{"type":"string"},"status":{"type":"string"}}}',null,'1000',null,'1','2022-07-01 20:50:22','2022-07-08 08:00:44',null);
INSERT INTO `api_schema` (`api_schema_id`, `api_app_id`, `name`, `title`, `path`, `content`, `description`, `status`, `create_user`, `update_user`, `create_date`, `update_date`, `remark`) VALUES ('2','1','PageInfo«OrgListRes»','PageInfo«OrgListRes»','#/components/schemas/PageInfo«OrgListRes»','{"title":"PageInfo«OrgListRes»","type":"object","properties":{"navigatepageNums":{"type":"array","items":{"format":"int32","type":"integer"}},"startRow":{"format":"int32","type":"integer"},"hasNextPage":{"type":"boolean"},"prePage":{"format":"int32","type":"integer"},"nextPage":{"format":"int32","type":"integer"},"endRow":{"format":"int32","type":"integer"},"pageSize":{"format":"int32","type":"integer"},"list":{"type":"array","items":{"$ref":"#/components/schemas/OrgListRes"}},"pageNum":{"format":"int32","type":"integer"},"navigatePages":{"format":"int32","type":"integer"},"navigateFirstPage":{"format":"int32","type":"integer"},"total":{"format":"int64","type":"integer"},"pages":{"format":"int32","type":"integer"},"size":{"format":"int32","type":"integer"},"isLastPage":{"type":"boolean"},"hasPreviousPage":{"type":"boolean"},"navigateLastPage":{"format":"int32","type":"integer"},"isFirstPage":{"type":"boolean"}}}',null,'1000',null,'1','2022-07-01 20:50:22','2022-07-08 08:00:44',null);
INSERT INTO `api_schema` (`api_schema_id`, `api_app_id`, `name`, `title`, `path`, `content`, `description`, `status`, `create_user`, `update_user`, `create_date`, `update_date`, `remark`) VALUES ('4','1','User','User','#/components/schemas/User','{"title":"User","type":"object","required":["userId"],"properties":{"updateDate":{"type":"string"},"secretKey":{"type":"string"},"openId":{"type":"string"},"description":{"type":"string"},"pageSize":{"format":"int32","type":"integer"},"updateUser":{"format":"int64","type":"integer"},"remark":{"type":"string"},"avatar":{"type":"string"},"userName":{"type":"string"},"pageNum":{"format":"int32","type":"integer"},"userId":{"format":"int64","type":"integer"},"expDate":{"type":"string"},"orgId":{"format":"int64","type":"integer"},"effDate":{"type":"string"},"phone":{"type":"string"},"createUser":{"format":"int64","type":"integer"},"userType":{"type":"string"},"email":{"type":"string"},"notUpdate":{"format":"int32","type":"integer"},"createDate":{"type":"string"},"status":{"type":"string"}}}',null,'1000',null,'1','2022-07-01 20:50:22','2022-07-08 08:00:44',null);
INSERT INTO `api_schema` (`api_schema_id`, `api_app_id`, `name`, `title`, `path`, `content`, `description`, `status`, `create_user`, `update_user`, `create_date`, `update_date`, `remark`) VALUES ('5','1','OrgUpdateReq','OrgUpdateReq','#/components/schemas/OrgUpdateReq','{"title":"OrgUpdateReq","type":"object","required":["orgId"],"properties":{"updateDate":{"type":"string"},"orgName":{"type":"string"},"description":{"type":"string"},"updateUser":{"format":"int64","type":"integer"},"remark":{"type":"string"},"orgId":{"format":"int64","type":"integer"},"parentId":{"format":"int64","type":"integer"},"attrs":{"type":"array","items":{"$ref":"#/components/schemas/OrgAttr"}},"orgType":{"type":"string"},"orgCode":{"type":"string"},"createUser":{"format":"int64","type":"integer"},"createDate":{"type":"string"},"status":{"type":"string"}}}',null,'1000',null,'1','2022-07-01 20:50:22','2022-07-08 08:00:44',null);
INSERT INTO `api_schema` (`api_schema_id`, `api_app_id`, `name`, `title`, `path`, `content`, `description`, `status`, `create_user`, `update_user`, `create_date`, `update_date`, `remark`) VALUES ('6','1','OrgAttr','OrgAttr','#/components/schemas/OrgAttr','{"title":"OrgAttr","type":"object"}',null,'1000',null,'1','2022-07-01 20:50:22','2022-07-08 08:00:45',null);
INSERT INTO `api_schema` (`api_schema_id`, `api_app_id`, `name`, `title`, `path`, `content`, `description`, `status`, `create_user`, `update_user`, `create_date`, `update_date`, `remark`) VALUES ('7','1','TenantServiceReq','TenantServiceReq','#/components/schemas/TenantServiceReq','{"title":"TenantServiceReq","type":"object","required":["userId"],"properties":{"updateDate":{"type":"string"},"pageSize":{"format":"int32","type":"integer"},"updateUser":{"format":"int64","type":"integer"},"remark":{"type":"string"},"services":{"type":"array","items":{"format":"int64","type":"integer"}},"serviceName":{"type":"string"},"pageNum":{"format":"int32","type":"integer"},"userId":{"format":"int64","type":"integer"},"isAuth":{"type":"string"},"userIds":{"type":"array","items":{"format":"int64","type":"integer"}},"createUser":{"format":"int64","type":"integer"},"createDate":{"type":"string"},"option":{"type":"string"},"status":{"type":"string"}}}',null,'1000',null,'1','2022-07-01 20:50:22','2022-07-08 08:00:45',null);
INSERT INTO `api_schema` (`api_schema_id`, `api_app_id`, `name`, `title`, `path`, `content`, `description`, `status`, `create_user`, `update_user`, `create_date`, `update_date`, `remark`) VALUES ('8','1','ResetPwdReq','ResetPwdReq','#/components/schemas/ResetPwdReq','{"title":"ResetPwdReq","type":"object","properties":{"pwd":{"type":"string"},"userId":{"format":"int64","type":"integer"}}}',null,'1000',null,'1','2022-07-01 20:50:22','2022-07-08 08:00:45',null);
INSERT INTO `api_schema` (`api_schema_id`, `api_app_id`, `name`, `title`, `path`, `content`, `description`, `status`, `create_user`, `update_user`, `create_date`, `update_date`, `remark`) VALUES ('9','1','PageInfo«Permission»','PageInfo«Permission»','#/components/schemas/PageInfo«Permission»','{"title":"PageInfo«Permission»","type":"object","properties":{"navigatepageNums":{"type":"array","items":{"format":"int32","type":"integer"}},"startRow":{"format":"int32","type":"integer"},"hasNextPage":{"type":"boolean"},"prePage":{"format":"int32","type":"integer"},"nextPage":{"format":"int32","type":"integer"},"endRow":{"format":"int32","type":"integer"},"pageSize":{"format":"int32","type":"integer"},"list":{"type":"array","items":{"$ref":"#/components/schemas/Permission"}},"pageNum":{"format":"int32","type":"integer"},"navigatePages":{"format":"int32","type":"integer"},"navigateFirstPage":{"format":"int32","type":"integer"},"total":{"format":"int64","type":"integer"},"pages":{"format":"int32","type":"integer"},"size":{"format":"int32","type":"integer"},"isLastPage":{"type":"boolean"},"hasPreviousPage":{"type":"boolean"},"navigateLastPage":{"format":"int32","type":"integer"},"isFirstPage":{"type":"boolean"}}}',null,'1000',null,'1','2022-07-01 20:50:22','2022-07-08 08:00:45',null);
INSERT INTO `api_schema` (`api_schema_id`, `api_app_id`, `name`, `title`, `path`, `content`, `description`, `status`, `create_user`, `update_user`, `create_date`, `update_date`, `remark`) VALUES ('10','1','ResponseData«Void»','ResponseData«Void»','#/components/schemas/ResponseData«Void»','{"title":"ResponseData«Void»","type":"object","properties":{"msg":{"type":"string"},"codeDesc":{"type":"string"},"code":{"format":"int32","type":"integer"},"timestamp":{"format":"int64","type":"integer"}}}',null,'1000',null,'1','2022-07-01 20:50:22','2022-07-08 08:00:45',null);
INSERT INTO `api_schema` (`api_schema_id`, `api_app_id`, `name`, `title`, `path`, `content`, `description`, `status`, `create_user`, `update_user`, `create_date`, `update_date`, `remark`) VALUES ('11','1','AuthenticationReq','AuthenticationReq','#/components/schemas/AuthenticationReq','{"title":"AuthenticationReq","type":"object","properties":{"secretKey":{"type":"string"},"openId":{"type":"string"}}}',null,'1000',null,'1','2022-07-01 20:50:22','2022-07-08 08:00:45',null);
INSERT INTO `api_schema` (`api_schema_id`, `api_app_id`, `name`, `title`, `path`, `content`, `description`, `status`, `create_user`, `update_user`, `create_date`, `update_date`, `remark`) VALUES ('12','1','AuthenticationRes','AuthenticationRes','#/components/schemas/AuthenticationRes','{"title":"AuthenticationRes","type":"object","properties":{"expireDate":{"type":"string"},"token":{"type":"string"}}}',null,'1000',null,'1','2022-07-01 20:50:22','2022-07-08 08:00:45',null);
INSERT INTO `api_schema` (`api_schema_id`, `api_app_id`, `name`, `title`, `path`, `content`, `description`, `status`, `create_user`, `update_user`, `create_date`, `update_date`, `remark`) VALUES ('13','1','Permission','Permission','#/components/schemas/Permission','{"title":"Permission","type":"object","properties":{"purviewName":{"type":"string"},"updateDate":{"type":"string"},"hidden":{"type":"boolean"},"icon":{"type":"string"},"orderNum":{"format":"int32","type":"integer"},"pageSize":{"format":"int32","type":"integer"},"remark":{"type":"string"},"expDate":{"type":"string"},"path":{"type":"string"},"effDate":{"type":"string"},"purviewType":{"type":"string"},"purviewObject":{"type":"string"},"purviewId":{"format":"int64","type":"integer"},"createDate":{"type":"string"},"purviewCode":{"type":"string"},"updateUser":{"format":"int64","type":"integer"},"filterText":{"type":"string"},"pageNum":{"format":"int32","type":"integer"},"userId":{"format":"int64","type":"integer"},"parentId":{"format":"int64","type":"integer"},"url":{"type":"string"},"component":{"type":"string"},"createUser":{"format":"int64","type":"integer"},"isPermissions":{"type":"string"},"status":{"type":"string"}}}',null,'1000',null,'1','2022-07-01 20:50:22','2022-07-08 08:00:45',null);
INSERT INTO `api_schema` (`api_schema_id`, `api_app_id`, `name`, `title`, `path`, `content`, `description`, `status`, `create_user`, `update_user`, `create_date`, `update_date`, `remark`) VALUES ('14','1','ResponseData«OrgDetailRes»','ResponseData«OrgDetailRes»','#/components/schemas/ResponseData«OrgDetailRes»','{"title":"ResponseData«OrgDetailRes»","type":"object","properties":{"msg":{"type":"string"},"codeDesc":{"type":"string"},"code":{"format":"int32","type":"integer"},"data":{"$ref":"#/components/schemas/OrgDetailRes"},"timestamp":{"format":"int64","type":"integer"}}}',null,'1000',null,'1','2022-07-01 20:50:22','2022-07-08 08:00:45',null);
INSERT INTO `api_schema` (`api_schema_id`, `api_app_id`, `name`, `title`, `path`, `content`, `description`, `status`, `create_user`, `update_user`, `create_date`, `update_date`, `remark`) VALUES ('16','1','ResponseData«string»','ResponseData«string»','#/components/schemas/ResponseData«string»','{"title":"ResponseData«string»","type":"object","properties":{"msg":{"type":"string"},"codeDesc":{"type":"string"},"code":{"format":"int32","type":"integer"},"data":{"type":"string"},"timestamp":{"format":"int64","type":"integer"}}}',null,'1000',null,'1','2022-07-01 20:50:22','2022-07-08 08:00:44',null);
INSERT INTO `api_schema` (`api_schema_id`, `api_app_id`, `name`, `title`, `path`, `content`, `description`, `status`, `create_user`, `update_user`, `create_date`, `update_date`, `remark`) VALUES ('17','1','OrgDetailRes','OrgDetailRes','#/components/schemas/OrgDetailRes','{"title":"OrgDetailRes","type":"object","properties":{"updateDate":{"type":"string"},"pageSize":{"format":"int32","type":"integer"},"updateUser":{"format":"int64","type":"integer"},"createUser":{"format":"int64","type":"integer"},"remark":{"type":"string"},"pageNum":{"format":"int32","type":"integer"},"createDate":{"type":"string"},"status":{"type":"string"}}}',null,'1000',null,'1','2022-07-01 20:50:22','2022-07-08 08:00:44',null);
INSERT INTO `api_schema` (`api_schema_id`, `api_app_id`, `name`, `title`, `path`, `content`, `description`, `status`, `create_user`, `update_user`, `create_date`, `update_date`, `remark`) VALUES ('18','1','ResponseData','ResponseData','#/components/schemas/ResponseData','{"title":"ResponseData","type":"object","properties":{"msg":{"type":"string"},"codeDesc":{"type":"string"},"code":{"format":"int32","type":"integer"},"data":{"type":"object"},"timestamp":{"format":"int64","type":"integer"}}}',null,'1000',null,'1','2022-07-01 20:50:22','2022-07-08 08:00:44',null);
INSERT INTO `api_schema` (`api_schema_id`, `api_app_id`, `name`, `title`, `path`, `content`, `description`, `status`, `create_user`, `update_user`, `create_date`, `update_date`, `remark`) VALUES ('19','1','ResponseData«AuthenticationRes»','ResponseData«AuthenticationRes»','#/components/schemas/ResponseData«AuthenticationRes»','{"title":"ResponseData«AuthenticationRes»","type":"object","properties":{"msg":{"type":"string"},"codeDesc":{"type":"string"},"code":{"format":"int32","type":"integer"},"data":{"$ref":"#/components/schemas/AuthenticationRes"},"timestamp":{"format":"int64","type":"integer"}}}',null,'1000',null,'1','2022-07-01 20:50:22','2022-07-08 08:00:44',null);
INSERT INTO `api_schema` (`api_schema_id`, `api_app_id`, `name`, `title`, `path`, `content`, `description`, `status`, `create_user`, `update_user`, `create_date`, `update_date`, `remark`) VALUES ('20','1','CharSequence','CharSequence','#/components/schemas/CharSequence','{"title":"CharSequence","type":"object"}',null,'1000',null,'1','2022-07-01 20:50:22','2022-07-08 08:00:44',null);
INSERT INTO `api_schema` (`api_schema_id`, `api_app_id`, `name`, `title`, `path`, `content`, `description`, `status`, `create_user`, `update_user`, `create_date`, `update_date`, `remark`) VALUES ('21','1','ResponseData«PageInfo«OrgListRes»»','ResponseData«PageInfo«OrgListRes»»','#/components/schemas/ResponseData«PageInfo«OrgListRes»»','{"title":"ResponseData«PageInfo«OrgListRes»»","type":"object","properties":{"msg":{"type":"string"},"codeDesc":{"type":"string"},"code":{"format":"int32","type":"integer"},"data":{"$ref":"#/components/schemas/PageInfo«OrgListRes»"},"timestamp":{"format":"int64","type":"integer"}}}',null,'1000',null,'1','2022-07-01 20:50:22','2022-07-08 08:00:45',null);
INSERT INTO `api_schema` (`api_schema_id`, `api_app_id`, `name`, `title`, `path`, `content`, `description`, `status`, `create_user`, `update_user`, `create_date`, `update_date`, `remark`) VALUES ('22','1','Comparable«object»','Comparable«object»','#/components/schemas/Comparable«object»','{"title":"Comparable«object»","type":"object"}',null,'1000',null,'1','2022-07-01 20:50:22','2022-07-08 08:00:45',null);
INSERT INTO `api_schema` (`api_schema_id`, `api_app_id`, `name`, `title`, `path`, `content`, `description`, `status`, `create_user`, `update_user`, `create_date`, `update_date`, `remark`) VALUES ('23','1','Role','Role','#/components/schemas/Role','{"title":"Role","type":"object","properties":{"updateDate":{"type":"string"},"roleId":{"format":"int64","type":"integer"},"pageSize":{"format":"int32","type":"integer"},"updateUser":{"format":"int64","type":"integer"},"remark":{"type":"string"},"pageNum":{"format":"int32","type":"integer"},"permissions":{"type":"array","items":{"$ref":"#/components/schemas/Permission"}},"roleCode":{"type":"string"},"roleName":{"type":"string"},"createUser":{"format":"int64","type":"integer"},"notUpdate":{"format":"int32","type":"integer"},"createDate":{"type":"string"},"status":{"type":"string"}}}',null,'1000',null,'1','2022-07-01 20:50:22','2022-07-08 08:00:45',null);
INSERT INTO `api_schema` (`api_schema_id`, `api_app_id`, `name`, `title`, `path`, `content`, `description`, `status`, `create_user`, `update_user`, `create_date`, `update_date`, `remark`) VALUES ('24','1','OrgListRes','OrgListRes','#/components/schemas/OrgListRes','{"title":"OrgListRes","type":"object","properties":{"orgType":{"type":"string"},"orgName":{"type":"string"},"orgCode":{"type":"string"},"description":{"type":"string"},"orgId":{"format":"int64","type":"integer"},"parentId":{"format":"int64","type":"integer"},"attrs":{"type":"array","items":{"$ref":"#/components/schemas/OrgAttr"}},"status":{"type":"string"}}}',null,'1000',null,'1','2022-07-01 20:50:22','2022-07-08 08:00:45',null);
INSERT INTO `api_schema` (`api_schema_id`, `api_app_id`, `name`, `title`, `path`, `content`, `description`, `status`, `create_user`, `update_user`, `create_date`, `update_date`, `remark`) VALUES ('25','1','ResponseData«PageInfo«Permission»»','ResponseData«PageInfo«Permission»»','#/components/schemas/ResponseData«PageInfo«Permission»»','{"title":"ResponseData«PageInfo«Permission»»","type":"object","properties":{"msg":{"type":"string"},"codeDesc":{"type":"string"},"code":{"format":"int32","type":"integer"},"data":{"$ref":"#/components/schemas/PageInfo«Permission»"},"timestamp":{"format":"int64","type":"integer"}}}',null,'1000',null,'1','2022-07-01 20:50:22','2022-07-08 08:00:45',null);
INSERT INTO `api_schema` (`api_schema_id`, `api_app_id`, `name`, `title`, `path`, `content`, `description`, `status`, `create_user`, `update_user`, `create_date`, `update_date`, `remark`) VALUES ('26','1','ResponseData«List«Tree«long»»»','ResponseData«List«Tree«long»»»','#/components/schemas/ResponseData«List«Tree«long»»»','{"title":"ResponseData«List«Tree«long»»»","type":"object","properties":{"msg":{"type":"string"},"codeDesc":{"type":"string"},"code":{"format":"int32","type":"integer"},"data":{"type":"array","items":{"additionalProperties":{"type":"object"},"type":"object"}},"timestamp":{"format":"int64","type":"integer"}}}',null,'1000',null,'1','2022-07-01 20:50:22','2022-07-08 08:00:45',null);
INSERT INTO `api_schema` (`api_schema_id`, `api_app_id`, `name`, `title`, `path`, `content`, `description`, `status`, `create_user`, `update_user`, `create_date`, `update_date`, `remark`) VALUES ('48','4','RouteRateLimitReq','RouteRateLimitReq','#/components/schemas/RouteRateLimitReq','{"title":"RouteRateLimitReq","type":"object","required":["limit","matchType","refreshInterval","routeId","routeRateLimitPolicyId"],"properties":{"updateDate":{"type":"string"},"refreshInterval":{"format":"int64","type":"integer"},"matchType":{"type":"string"},"pageSize":{"format":"int32","type":"integer"},"updateUser":{"format":"int64","type":"integer"},"remark":{"type":"string"},"matcher":{"type":"string"},"breakOnMatch":{"type":"boolean"},"pageNum":{"format":"int32","type":"integer"},"routeId":{"format":"int64","type":"integer"},"routeRateLimitPolicyId":{"format":"int64","type":"integer"},"quota":{"format":"int64","type":"integer"},"limit":{"format":"int64","type":"integer"},"createUser":{"format":"int64","type":"integer"},"createDate":{"type":"string"},"status":{"type":"string"}}}',null,'1000',null,'1','2022-07-02 14:11:51','2022-07-08 08:00:50',null);
INSERT INTO `api_schema` (`api_schema_id`, `api_app_id`, `name`, `title`, `path`, `content`, `description`, `status`, `create_user`, `update_user`, `create_date`, `update_date`, `remark`) VALUES ('51','4','ResponseData«Void»','ResponseData«Void»','#/components/schemas/ResponseData«Void»','{"title":"ResponseData«Void»","type":"object","properties":{"msg":{"type":"string"},"codeDesc":{"type":"string"},"code":{"format":"int32","type":"integer"},"timestamp":{"format":"int64","type":"integer"}}}',null,'1000',null,'1','2022-07-02 14:11:51','2022-07-08 08:00:50',null);
INSERT INTO `api_schema` (`api_schema_id`, `api_app_id`, `name`, `title`, `path`, `content`, `description`, `status`, `create_user`, `update_user`, `create_date`, `update_date`, `remark`) VALUES ('53','4','MetadataUpdateReq','MetadataUpdateReq','#/components/schemas/MetadataUpdateReq','{"title":"MetadataUpdateReq","type":"object","properties":{"instanceId":{"type":"string"},"value":{"type":"string"},"key":{"type":"string"}}}',null,'1000',null,'1','2022-07-02 14:11:51','2022-07-08 08:00:50',null);
INSERT INTO `api_schema` (`api_schema_id`, `api_app_id`, `name`, `title`, `path`, `content`, `description`, `status`, `create_user`, `update_user`, `create_date`, `update_date`, `remark`) VALUES ('55','4','ResponseData','ResponseData','#/components/schemas/ResponseData','{"title":"ResponseData","type":"object","properties":{"msg":{"type":"string"},"codeDesc":{"type":"string"},"code":{"format":"int32","type":"integer"},"data":{"type":"object"},"timestamp":{"format":"int64","type":"integer"}}}',null,'1000',null,'1','2022-07-02 14:11:51','2022-07-08 08:00:50',null);
INSERT INTO `api_schema` (`api_schema_id`, `api_app_id`, `name`, `title`, `path`, `content`, `description`, `status`, `create_user`, `update_user`, `create_date`, `update_date`, `remark`) VALUES ('56','4','RouteReq','RouteReq','#/components/schemas/RouteReq','{"title":"RouteReq","type":"object","required":["groupId","routeId"],"properties":{"retryable":{"type":"boolean"},"stripPrefix":{"type":"boolean"},"updateDate":{"type":"string"},"prefix":{"type":"string"},"groupId":{"format":"int32","type":"integer"},"pageSize":{"format":"int32","type":"integer"},"updateUser":{"format":"int64","type":"integer"},"remark":{"type":"string"},"filterText":{"type":"string"},"type":{"type":"string"},"pageNum":{"format":"int32","type":"integer"},"version":{"type":"string"},"url":{"type":"string"},"routeName":{"type":"string"},"sensitiveHeaders":{"uniqueItems":true,"type":"array","items":{"type":"string"}},"path":{"type":"string"},"routeId":{"format":"int64","type":"integer"},"createUser":{"format":"int64","type":"integer"},"serviceId":{"type":"string"},"customSensitiveHeaders":{"type":"boolean"},"createDate":{"type":"string"},"status":{"type":"string"}}}',null,'1000',null,'1','2022-07-02 14:11:51','2022-07-08 08:00:50',null);
INSERT INTO `api_schema` (`api_schema_id`, `api_app_id`, `name`, `title`, `path`, `content`, `description`, `status`, `create_user`, `update_user`, `create_date`, `update_date`, `remark`) VALUES ('57','4','GrayRouteReq','GrayRouteReq','#/components/schemas/GrayRouteReq','{"title":"GrayRouteReq","type":"object","required":["grayVersion","mainVersion","path","routeId","ruleType","serviceId","serviceInstances"],"properties":{"updateDate":{"type":"string"},"groupId":{"format":"int64","type":"integer"},"pageSize":{"format":"int32","type":"integer"},"remark":{"type":"string"},"cookies":{"type":"object"},"grayRouteName":{"type":"string"},"path":{"type":"string"},"routeId":{"format":"int64","type":"integer"},"ruleType":{"type":"string"},"serviceId":{"type":"string"},"cookiesString":{"type":"string"},"createDate":{"type":"string"},"headers":{"type":"object"},"headersString":{"type":"string"},"updateUser":{"format":"int64","type":"integer"},"weight":{"format":"double","type":"number"},"filterText":{"type":"string"},"mainVersion":{"type":"string"},"params":{"type":"object"},"pageNum":{"format":"int32","type":"integer"},"grayVersion":{"type":"string"},"routeGrayId":{"format":"int64","type":"integer"},"createUser":{"format":"int64","type":"integer"},"paramsString":{"type":"string"},"serviceInstances":{"uniqueItems":true,"type":"array","items":{"type":"string"}},"status":{"type":"string"}}}',null,'1000',null,'1','2022-07-02 14:11:51','2022-07-08 08:00:50',null);

INSERT INTO `api_server` (`api_server_id`, `api_app_id`, `url`, `description`, `is_active`, `status`, `create_user`, `update_user`, `create_date`, `update_date`, `remark`) VALUES ('1','1','http://127.0.0.1:8011','用户中心','0','1000',null,null,'2022-07-01 20:50:22','2022-07-01 20:50:22',null);
INSERT INTO `api_server` (`api_server_id`, `api_app_id`, `url`, `description`, `is_active`, `status`, `create_user`, `update_user`, `create_date`, `update_date`, `remark`) VALUES ('2','1','http://127.0.0.1:8011','开发环境','0','1000',null,null,'2022-07-01 20:50:22','2022-07-01 20:50:22',null);
INSERT INTO `api_server` (`api_server_id`, `api_app_id`, `url`, `description`, `is_active`, `status`, `create_user`, `update_user`, `create_date`, `update_date`, `remark`) VALUES ('3','1','http://192.168.1.101:8011','测试环境','0','1000',null,null,'2022-07-01 20:50:22','2022-07-01 20:50:22',null);
INSERT INTO `api_server` (`api_server_id`, `api_app_id`, `url`, `description`, `is_active`, `status`, `create_user`, `update_user`, `create_date`, `update_date`, `remark`) VALUES ('6','4','http://192.168.2.3:7000','SIM-FRAMEWORK网关服务','0','1000',null,null,'2022-07-02 14:11:51','2022-07-02 14:11:51',null);

INSERT INTO `app_inst` (`app_inst_id`, `app_name`, `open_id`, `secret_key`, `status`, `create_user`, `update_user`, `create_date`, `update_date`, `remark`) VALUES ('15','哈哈哈哈哈2','a4bad6258e415b52ccf902156ae26b3f','4461a1daaf6bfc66a9f5a8c6f15861b3','1000','4','4','2022-08-12 08:07:23','2022-08-12 14:16:37',null);
INSERT INTO `app_inst` (`app_inst_id`, `app_name`, `open_id`, `secret_key`, `status`, `create_user`, `update_user`, `create_date`, `update_date`, `remark`) VALUES ('16','哈哈哈哈哈','ca5c111ed28a16cca7f335b12b984dbb','77bd04b63d7dc8735f23872670aa542f','1000','4','4','2022-08-12 10:34:52','2022-08-12 11:51:14',null);
INSERT INTO `app_inst` (`app_inst_id`, `app_name`, `open_id`, `secret_key`, `status`, `create_user`, `update_user`, `create_date`, `update_date`, `remark`) VALUES ('17','123','8ba2d81bcb25dcee867176ef8a8688b5','299ac748914396210763fd841d797fbb','1000','4','4','2022-08-12 10:59:49','2022-08-12 11:44:49',null);
INSERT INTO `app_inst` (`app_inst_id`, `app_name`, `open_id`, `secret_key`, `status`, `create_user`, `update_user`, `create_date`, `update_date`, `remark`) VALUES ('18','大苏打大大大','7b20323585224e39caff9f9126cf64d8','fe7010e35c6eb923645644e209a2166c','1000','4','4','2022-08-12 11:13:58','2022-08-12 14:16:37',null);
INSERT INTO `app_inst` (`app_inst_id`, `app_name`, `open_id`, `secret_key`, `status`, `create_user`, `update_user`, `create_date`, `update_date`, `remark`) VALUES ('19','我的测试应用','a0d4ea0327849a8ca8e4e910d57848fa','95b958d8eed4e21167864e73a5cf7e91','1000','73','73','2022-08-13 21:39:47','2022-08-13 21:39:47',null);



INSERT INTO `datasource` (`datasource_id`, `name`, `type`, `status`, `create_user`, `update_user`, `create_date`, `update_date`, `remark`) VALUES ('6','的撒大','mysql','',null,null,'2022-03-12 12:40:19','2022-03-12 12:40:19',null);
INSERT INTO `datasource` (`datasource_id`, `name`, `type`, `status`, `create_user`, `update_user`, `create_date`, `update_date`, `remark`) VALUES ('7','的撒大大大','mysql','',null,null,'2022-03-12 12:41:05','2022-03-12 12:41:05',null);
INSERT INTO `datasource` (`datasource_id`, `name`, `type`, `status`, `create_user`, `update_user`, `create_date`, `update_date`, `remark`) VALUES ('8','12311','mysql','',null,null,'2022-03-12 12:41:35','2022-03-12 12:41:35',null);
INSERT INTO `datasource` (`datasource_id`, `name`, `type`, `status`, `create_user`, `update_user`, `create_date`, `update_date`, `remark`) VALUES ('9','2313','mysql','','4','4','2022-03-12 13:22:57','2022-03-12 13:22:57',null);

INSERT INTO `datasource_attr` (`datasource_attr_id`, `datasource_id`, `attr_code`, `attr_value`, `status`, `create_user`, `update_user`, `create_date`, `update_date`, `remark`) VALUES ('1','6','JDBC_URL','3123123','1000',null,null,'2022-03-12 12:40:19','2022-03-12 12:40:19',null);
INSERT INTO `datasource_attr` (`datasource_attr_id`, `datasource_id`, `attr_code`, `attr_value`, `status`, `create_user`, `update_user`, `create_date`, `update_date`, `remark`) VALUES ('2','6','username','lsp_dev','1000',null,null,'2022-03-12 12:40:19','2022-03-12 12:40:19',null);
INSERT INTO `datasource_attr` (`datasource_attr_id`, `datasource_id`, `attr_code`, `attr_value`, `status`, `create_user`, `update_user`, `create_date`, `update_date`, `remark`) VALUES ('3','6','password','!qaz2wsx','1000',null,null,'2022-03-12 12:40:19','2022-03-12 12:40:19',null);
INSERT INTO `datasource_attr` (`datasource_attr_id`, `datasource_id`, `attr_code`, `attr_value`, `status`, `create_user`, `update_user`, `create_date`, `update_date`, `remark`) VALUES ('4','7','JDBC_URL','313asdadsad','1000',null,null,'2022-03-12 12:41:05','2022-03-12 12:41:05',null);
INSERT INTO `datasource_attr` (`datasource_attr_id`, `datasource_id`, `attr_code`, `attr_value`, `status`, `create_user`, `update_user`, `create_date`, `update_date`, `remark`) VALUES ('5','7','username','lsp_dev','1000',null,null,'2022-03-12 12:41:05','2022-03-12 12:41:05',null);
INSERT INTO `datasource_attr` (`datasource_attr_id`, `datasource_id`, `attr_code`, `attr_value`, `status`, `create_user`, `update_user`, `create_date`, `update_date`, `remark`) VALUES ('6','7','password','!qaz2wsx','1000',null,null,'2022-03-12 12:41:05','2022-03-12 12:41:05',null);
INSERT INTO `datasource_attr` (`datasource_attr_id`, `datasource_id`, `attr_code`, `attr_value`, `status`, `create_user`, `update_user`, `create_date`, `update_date`, `remark`) VALUES ('7','8','JDBC_URL','32311313','1000',null,null,'2022-03-12 12:41:35','2022-03-12 12:41:35',null);
INSERT INTO `datasource_attr` (`datasource_attr_id`, `datasource_id`, `attr_code`, `attr_value`, `status`, `create_user`, `update_user`, `create_date`, `update_date`, `remark`) VALUES ('8','8','username','lsp_dev','1000',null,null,'2022-03-12 12:41:35','2022-03-12 12:41:35',null);
INSERT INTO `datasource_attr` (`datasource_attr_id`, `datasource_id`, `attr_code`, `attr_value`, `status`, `create_user`, `update_user`, `create_date`, `update_date`, `remark`) VALUES ('9','8','password','!qaz2wsx','1000',null,null,'2022-03-12 12:41:35','2022-03-12 12:41:35',null);
INSERT INTO `datasource_attr` (`datasource_attr_id`, `datasource_id`, `attr_code`, `attr_value`, `status`, `create_user`, `update_user`, `create_date`, `update_date`, `remark`) VALUES ('10','9','JDBC_URL','12321','1000',null,null,'2022-03-12 13:22:57','2022-03-12 13:22:57',null);
INSERT INTO `datasource_attr` (`datasource_attr_id`, `datasource_id`, `attr_code`, `attr_value`, `status`, `create_user`, `update_user`, `create_date`, `update_date`, `remark`) VALUES ('11','9','username','lsp_dev','1000',null,null,'2022-03-12 13:22:57','2022-03-12 13:22:57',null);
INSERT INTO `datasource_attr` (`datasource_attr_id`, `datasource_id`, `attr_code`, `attr_value`, `status`, `create_user`, `update_user`, `create_date`, `update_date`, `remark`) VALUES ('12','9','password','!qaz2wsx','1000',null,null,'2022-03-12 13:22:57','2022-03-12 13:22:57',null);

INSERT INTO `datasource_attr_code` (`datasource_attr_code_id`, `datasource_type`, `attr_code`, `attr_name`, `attr_value_type`, `attr_value_code`, `is_required`, `status`, `create_user`, `update_user`, `create_date`, `update_date`, `remark`) VALUES ('1','mysql','jdbc_url','JDBC连接串','text',null,null,'1000',null,null,'2022-03-10 15:00:03','2022-03-12 13:30:27',null);
INSERT INTO `datasource_attr_code` (`datasource_attr_code_id`, `datasource_type`, `attr_code`, `attr_name`, `attr_value_type`, `attr_value_code`, `is_required`, `status`, `create_user`, `update_user`, `create_date`, `update_date`, `remark`) VALUES ('2','mysql','username','用户名','text',null,null,'',null,null,'2022-03-10 15:29:32','2022-03-10 15:29:32',null);
INSERT INTO `datasource_attr_code` (`datasource_attr_code_id`, `datasource_type`, `attr_code`, `attr_name`, `attr_value_type`, `attr_value_code`, `is_required`, `status`, `create_user`, `update_user`, `create_date`, `update_date`, `remark`) VALUES ('3','mysql','password','密码','password',null,null,'',null,null,'2022-03-10 15:29:32','2022-03-10 15:29:32',null);



INSERT INTO `org` (`org_id`, `parent_id`, `org_code`, `org_name`, `org_type`, `description`, `status`, `create_user`, `update_user`, `create_date`, `update_date`, `remark`) VALUES ('1','-1','A001','测试','-1',null,'1200',null,'4','2022-05-19 21:40:37','2022-05-28 16:15:40',null);
INSERT INTO `org` (`org_id`, `parent_id`, `org_code`, `org_name`, `org_type`, `description`, `status`, `create_user`, `update_user`, `create_date`, `update_date`, `remark`) VALUES ('2','-1','1','1111111111','-1','','1200',null,null,'2022-05-26 13:04:33','2022-05-26 13:04:33',null);
INSERT INTO `org` (`org_id`, `parent_id`, `org_code`, `org_name`, `org_type`, `description`, `status`, `create_user`, `update_user`, `create_date`, `update_date`, `remark`) VALUES ('3','-1','12312','全额万绮雯','-1',null,'1200',null,null,'2022-05-26 23:31:25','2022-05-26 23:31:25',null);
INSERT INTO `org` (`org_id`, `parent_id`, `org_code`, `org_name`, `org_type`, `description`, `status`, `create_user`, `update_user`, `create_date`, `update_date`, `remark`) VALUES ('4','-1','1231231','额为强强饿','-1',null,'1200',null,null,'2022-05-26 23:31:49','2022-05-26 23:31:49',null);
INSERT INTO `org` (`org_id`, `parent_id`, `org_code`, `org_name`, `org_type`, `description`, `status`, `create_user`, `update_user`, `create_date`, `update_date`, `remark`) VALUES ('5','-1','21','11','1','1','1200',null,null,'2022-05-27 08:14:38','2022-05-27 08:14:38',null);
INSERT INTO `org` (`org_id`, `parent_id`, `org_code`, `org_name`, `org_type`, `description`, `status`, `create_user`, `update_user`, `create_date`, `update_date`, `remark`) VALUES ('6','-1','2221','11','1','1','1200',null,null,'2022-05-27 08:14:42','2022-05-27 08:14:42',null);
INSERT INTO `org` (`org_id`, `parent_id`, `org_code`, `org_name`, `org_type`, `description`, `status`, `create_user`, `update_user`, `create_date`, `update_date`, `remark`) VALUES ('7','-1','22221','11','1','1','1200',null,null,'2022-05-27 08:15:54','2022-05-27 08:15:54',null);
INSERT INTO `org` (`org_id`, `parent_id`, `org_code`, `org_name`, `org_type`, `description`, `status`, `create_user`, `update_user`, `create_date`, `update_date`, `remark`) VALUES ('8','-1','222211','11','1','1','1200',null,null,'2022-05-27 08:17:04','2022-05-27 08:17:04',null);
INSERT INTO `org` (`org_id`, `parent_id`, `org_code`, `org_name`, `org_type`, `description`, `status`, `create_user`, `update_user`, `create_date`, `update_date`, `remark`) VALUES ('9','-1','123','测试','-1',null,'1200',null,null,'2022-05-27 11:22:53','2022-05-27 11:22:53',null);
INSERT INTO `org` (`org_id`, `parent_id`, `org_code`, `org_name`, `org_type`, `description`, `status`, `create_user`, `update_user`, `create_date`, `update_date`, `remark`) VALUES ('10','-1','1233','测试','-1',null,'1200',null,null,'2022-05-27 11:26:05','2022-05-27 11:26:05',null);
INSERT INTO `org` (`org_id`, `parent_id`, `org_code`, `org_name`, `org_type`, `description`, `status`, `create_user`, `update_user`, `create_date`, `update_date`, `remark`) VALUES ('11','10','1233','测试2','-1',null,'1200',null,null,'2022-05-27 11:26:05','2022-05-27 11:26:05',null);
INSERT INTO `org` (`org_id`, `parent_id`, `org_code`, `org_name`, `org_type`, `description`, `status`, `create_user`, `update_user`, `create_date`, `update_date`, `remark`) VALUES ('12','9','13231','测试333','-1',null,'1200',null,null,'2022-05-27 13:51:25','2022-05-27 13:51:25',null);
INSERT INTO `org` (`org_id`, `parent_id`, `org_code`, `org_name`, `org_type`, `description`, `status`, `create_user`, `update_user`, `create_date`, `update_date`, `remark`) VALUES ('13','11','12312111','1232','-1',null,'1200',null,null,'2022-05-27 23:00:31','2022-05-27 23:00:31',null);
INSERT INTO `org` (`org_id`, `parent_id`, `org_code`, `org_name`, `org_type`, `description`, `status`, `create_user`, `update_user`, `create_date`, `update_date`, `remark`) VALUES ('14','11','123121111','123212','-1',null,'1200',null,'4','2022-05-27 23:02:27','2022-05-28 00:06:46',null);
INSERT INTO `org` (`org_id`, `parent_id`, `org_code`, `org_name`, `org_type`, `description`, `status`, `create_user`, `update_user`, `create_date`, `update_date`, `remark`) VALUES ('15','12','1231321','去问我去饿我去饿','-1',null,'1200',null,null,'2022-05-27 23:08:52','2022-05-27 23:08:52',null);
INSERT INTO `org` (`org_id`, `parent_id`, `org_code`, `org_name`, `org_type`, `description`, `status`, `create_user`, `update_user`, `create_date`, `update_date`, `remark`) VALUES ('16','8','1231321111123122','去问我去饿我去饿2132122','-1',null,'1100',null,null,'2022-05-27 23:30:39','2022-08-06 14:56:46',null);
INSERT INTO `org` (`org_id`, `parent_id`, `org_code`, `org_name`, `org_type`, `description`, `status`, `create_user`, `update_user`, `create_date`, `update_date`, `remark`) VALUES ('17','16','11231121231','我去饿饿强强问问去额','-1',null,'1100',null,'4','2022-05-27 23:30:57','2022-05-28 00:50:39',null);
INSERT INTO `org` (`org_id`, `parent_id`, `org_code`, `org_name`, `org_type`, `description`, `status`, `create_user`, `update_user`, `create_date`, `update_date`, `remark`) VALUES ('18','16','1','我2','1000',null,'1100',null,'4','2022-05-27 23:38:02','2022-05-28 13:12:27',null);
INSERT INTO `org` (`org_id`, `parent_id`, `org_code`, `org_name`, `org_type`, `description`, `status`, `create_user`, `update_user`, `create_date`, `update_date`, `remark`) VALUES ('19','15','A002','weqewqewqe','1000',null,'1100','4',null,'2022-05-28 16:16:23','2022-08-06 14:56:42',null);
INSERT INTO `org` (`org_id`, `parent_id`, `org_code`, `org_name`, `org_type`, `description`, `status`, `create_user`, `update_user`, `create_date`, `update_date`, `remark`) VALUES ('20','6','121123','哈哈哈哈哈','-1',null,'1100','4',null,'2022-06-13 12:20:36','2022-08-06 14:56:40',null);



INSERT INTO `purview` (`purview_id`, `purview_name`, `purview_type`, `purview_code`, `url`, `component`, `icon`, `parent_id`, `path`, `order_num`, `hidden`, `status`, `create_user`, `update_user`, `create_date`, `update_date`, `remark`) VALUES ('3','用户中心','1','U_003','/user',null,'system-manage','-1','/3','2','0','1000',null,'4','2021-02-26 17:08:46','2022-07-24 13:03:25',null);
INSERT INTO `purview` (`purview_id`, `purview_name`, `purview_type`, `purview_code`, `url`, `component`, `icon`, `parent_id`, `path`, `order_num`, `hidden`, `status`, `create_user`, `update_user`, `create_date`, `update_date`, `remark`) VALUES ('4','用户列表','1','U_003_001','/user-list','/services/user/user-manage/index','user','3','/3/4','1','0','1000',null,'4','2021-02-26 17:08:46','2022-01-07 17:17:08',null);
INSERT INTO `purview` (`purview_id`, `purview_name`, `purview_type`, `purview_code`, `url`, `component`, `icon`, `parent_id`, `path`, `order_num`, `hidden`, `status`, `create_user`, `update_user`, `create_date`, `update_date`, `remark`) VALUES ('5','角色列表','1','U_003_002','/role-list','/services/user/role-manage/index','role','3','/3/5','2','0','1000',null,'4','2021-02-26 17:08:46','2022-01-07 17:17:14',null);
INSERT INTO `purview` (`purview_id`, `purview_name`, `purview_type`, `purview_code`, `url`, `component`, `icon`, `parent_id`, `path`, `order_num`, `hidden`, `status`, `create_user`, `update_user`, `create_date`, `update_date`, `remark`) VALUES ('6','权限管理','1','U_003_003','/permission-list','/services/user/permission-manage/index','permission','3','/3/6','3','0','1000',null,'4','2021-02-26 17:49:49','2022-01-07 20:13:04',null);
INSERT INTO `purview` (`purview_id`, `purview_name`, `purview_type`, `purview_code`, `url`, `component`, `icon`, `parent_id`, `path`, `order_num`, `hidden`, `status`, `create_user`, `update_user`, `create_date`, `update_date`, `remark`) VALUES ('7','网关服务','1','U_004','/gateway','Layout','gateway','-1','/7','1','0','1000',null,'4','2021-03-01 15:31:23','2022-07-24 13:03:33',null);
INSERT INTO `purview` (`purview_id`, `purview_name`, `purview_type`, `purview_code`, `url`, `component`, `icon`, `parent_id`, `path`, `order_num`, `hidden`, `status`, `create_user`, `update_user`, `create_date`, `update_date`, `remark`) VALUES ('8','文档中心','1','U_005','/document','Layout','document','-1','/8','3','0','1000',null,'4','2021-03-01 15:55:21','2022-07-24 13:03:40',null);
INSERT INTO `purview` (`purview_id`, `purview_name`, `purview_type`, `purview_code`, `url`, `component`, `icon`, `parent_id`, `path`, `order_num`, `hidden`, `status`, `create_user`, `update_user`, `create_date`, `update_date`, `remark`) VALUES ('9','常用工具','1','U_006','/util',null,'util','-1','/9','6','0','1000',null,'4','2021-03-01 16:03:35','2022-07-24 13:04:46',null);
INSERT INTO `purview` (`purview_id`, `purview_name`, `purview_type`, `purview_code`, `url`, `component`, `icon`, `parent_id`, `path`, `order_num`, `hidden`, `status`, `create_user`, `update_user`, `create_date`, `update_date`, `remark`) VALUES ('10','API管理','1','U_007','/api',null,'api','-1','/10','7','1','1000',null,'4','2021-03-01 16:13:09','2022-07-24 13:04:53',null);
INSERT INTO `purview` (`purview_id`, `purview_name`, `purview_type`, `purview_code`, `url`, `component`, `icon`, `parent_id`, `path`, `order_num`, `hidden`, `status`, `create_user`, `update_user`, `create_date`, `update_date`, `remark`) VALUES ('12','API列表','1','U_007_002','/api/api-list',null,'list3','10','/10/12','2','0','1000',null,'4','2021-03-01 16:16:54','2022-01-07 20:12:30',null);
INSERT INTO `purview` (`purview_id`, `purview_name`, `purview_type`, `purview_code`, `url`, `component`, `icon`, `parent_id`, `path`, `order_num`, `hidden`, `status`, `create_user`, `update_user`, `create_date`, `update_date`, `remark`) VALUES ('13','API文档','1','U_007_003','/api/api-doc',null,'document','10','/10/13','3','0','1000',null,'4','2021-03-01 20:17:14','2022-01-07 20:12:33',null);
INSERT INTO `purview` (`purview_id`, `purview_name`, `purview_type`, `purview_code`, `url`, `component`, `icon`, `parent_id`, `path`, `order_num`, `hidden`, `status`, `create_user`, `update_user`, `create_date`, `update_date`, `remark`) VALUES ('14','库表比对','1','U_006_001','/util/db-dif','/services/utils/db-dif/index','dif','9','/9/14','1','0','1000',null,'4','2021-03-01 20:22:05','2022-01-07 20:11:36',null);
INSERT INTO `purview` (`purview_id`, `purview_name`, `purview_type`, `purview_code`, `url`, `component`, `icon`, `parent_id`, `path`, `order_num`, `hidden`, `status`, `create_user`, `update_user`, `create_date`, `update_date`, `remark`) VALUES ('15','SQL管理','1','U_006_002','/util/sql-fragment/sql-list','/services/utils/sql-fragment','sql','9','/9/15','2','1','1000',null,'4','2021-03-01 20:22:05','2022-01-07 20:11:37',null);
INSERT INTO `purview` (`purview_id`, `purview_name`, `purview_type`, `purview_code`, `url`, `component`, `icon`, `parent_id`, `path`, `order_num`, `hidden`, `status`, `create_user`, `update_user`, `create_date`, `update_date`, `remark`) VALUES ('16','大数据组件','1','U_008','/bd',null,'bd','-1','/16','6','1','1000',null,'4','2021-03-01 20:28:40','2022-01-07 20:12:37',null);
INSERT INTO `purview` (`purview_id`, `purview_name`, `purview_type`, `purview_code`, `url`, `component`, `icon`, `parent_id`, `path`, `order_num`, `hidden`, `status`, `create_user`, `update_user`, `create_date`, `update_date`, `remark`) VALUES ('17','Flink可视化','1','U_008_001','/bd/flink',null,'apacheflink','16','/16/17','1','0','1000',null,'4','2021-03-01 20:28:40','2022-05-16 22:36:32',null);
INSERT INTO `purview` (`purview_id`, `purview_name`, `purview_type`, `purview_code`, `url`, `component`, `icon`, `parent_id`, `path`, `order_num`, `hidden`, `status`, `create_user`, `update_user`, `create_date`, `update_date`, `remark`) VALUES ('18','Sqoop可视化','1','U_008_002','/bd/sqoop',null,'data-move','16','/16/18','2','0','1000',null,'4','2021-03-01 20:28:40','2022-01-07 20:12:42',null);
INSERT INTO `purview` (`purview_id`, `purview_name`, `purview_type`, `purview_code`, `url`, `component`, `icon`, `parent_id`, `path`, `order_num`, `hidden`, `status`, `create_user`, `update_user`, `create_date`, `update_date`, `remark`) VALUES ('19','模拟API','1','U_006_003','/util/sim-api','/services/utils/sim-api/index','simulation','9','/9/19','3','0','1000',null,'4','2021-03-02 15:37:26','2022-01-07 20:12:05',null);
INSERT INTO `purview` (`purview_id`, `purview_name`, `purview_type`, `purview_code`, `url`, `component`, `icon`, `parent_id`, `path`, `order_num`, `hidden`, `status`, `create_user`, `update_user`, `create_date`, `update_date`, `remark`) VALUES ('20','应用实例','1','U_006_003_001','/util/sim-api/api-app','/services/utils/sim-api/api-app',null,'19','/9/19/20','1','0','1000',null,'4','2021-03-02 16:19:08','2022-01-07 20:12:08',null);
INSERT INTO `purview` (`purview_id`, `purview_name`, `purview_type`, `purview_code`, `url`, `component`, `icon`, `parent_id`, `path`, `order_num`, `hidden`, `status`, `create_user`, `update_user`, `create_date`, `update_date`, `remark`) VALUES ('21','API列表','1','U_006_003_002','/util/sim-api/api-list','/services/utils/sim-api/api-list',null,'19','/9/19/21','2','0','1000',null,'4','2021-03-02 08:37:31','2022-01-07 20:12:16',null);
INSERT INTO `purview` (`purview_id`, `purview_name`, `purview_type`, `purview_code`, `url`, `component`, `icon`, `parent_id`, `path`, `order_num`, `hidden`, `status`, `create_user`, `update_user`, `create_date`, `update_date`, `remark`) VALUES ('22','kafka查询','1','U_006_004','/util/kafka','/services/utils/kafka','kafka','9','/9/22','4','1','1000',null,'4','2021-03-04 12:31:49','2022-01-07 20:12:23',null);
INSERT INTO `purview` (`purview_id`, `purview_name`, `purview_type`, `purview_code`, `url`, `component`, `icon`, `parent_id`, `path`, `order_num`, `hidden`, `status`, `create_user`, `update_user`, `create_date`, `update_date`, `remark`) VALUES ('23','redis查询','1','U_006_005','/util/redis-query','/services/utils/redis-query/index','redis','9','/9/23','5','0','1000',null,'4','2021-03-04 12:31:49','2022-01-07 20:12:25',null);
INSERT INTO `purview` (`purview_id`, `purview_name`, `purview_type`, `purview_code`, `url`, `component`, `icon`, `parent_id`, `path`, `order_num`, `hidden`, `status`, `create_user`, `update_user`, `create_date`, `update_date`, `remark`) VALUES ('24','快速分析','1','U_006_001_001','/util/db-dif/home','/services/utils/db-dif/home','','14','/9/14/24','1','0','1000',null,'4','2021-03-07 18:54:42','2022-01-07 20:11:57',null);
INSERT INTO `purview` (`purview_id`, `purview_name`, `purview_type`, `purview_code`, `url`, `component`, `icon`, `parent_id`, `path`, `order_num`, `hidden`, `status`, `create_user`, `update_user`, `create_date`, `update_date`, `remark`) VALUES ('25','分析历史','1','U_006_001_002','/util/db-dif/history','/services/utils/db-dif/history','','14','/9/14/25','2','0','1000',null,'4','2021-03-07 18:54:42','2022-01-07 20:11:59',null);
INSERT INTO `purview` (`purview_id`, `purview_name`, `purview_type`, `purview_code`, `url`, `component`, `icon`, `parent_id`, `path`, `order_num`, `hidden`, `status`, `create_user`, `update_user`, `create_date`, `update_date`, `remark`) VALUES ('26','对比设置','1','U_006_001_003','/util/db-dif/setting','/services/utils/db-dif/setting','','14','/9/14/26','3','0','1000',null,'4','2021-03-07 18:54:42','2022-01-07 20:12:01',null);
INSERT INTO `purview` (`purview_id`, `purview_name`, `purview_type`, `purview_code`, `url`, `component`, `icon`, `parent_id`, `path`, `order_num`, `hidden`, `status`, `create_user`, `update_user`, `create_date`, `update_date`, `remark`) VALUES ('27','系统管理','1','U_099','/system','Layout','setting','-1','/27','5','0','1000',null,'4','2021-03-08 03:11:36','2022-07-24 13:04:09',null);
INSERT INTO `purview` (`purview_id`, `purview_name`, `purview_type`, `purview_code`, `url`, `component`, `icon`, `parent_id`, `path`, `order_num`, `hidden`, `status`, `create_user`, `update_user`, `create_date`, `update_date`, `remark`) VALUES ('28','应用市场','1','U_098','/app-market','/services/app-market','app-market','-1','/28','9997','1','1000',null,'4','2021-03-08 08:50:47','2022-02-22 13:37:53',null);
INSERT INTO `purview` (`purview_id`, `purview_name`, `purview_type`, `purview_code`, `url`, `component`, `icon`, `parent_id`, `path`, `order_num`, `hidden`, `status`, `create_user`, `update_user`, `create_date`, `update_date`, `remark`) VALUES ('29','用户列表接口','2','U_003_001_001','/api/auth/userManage',null,'user','4','/3/4/29','1','0','1000',null,'4','2021-02-26 17:08:46','2022-01-07 15:58:38',null);
INSERT INTO `purview` (`purview_id`, `purview_name`, `purview_type`, `purview_code`, `url`, `component`, `icon`, `parent_id`, `path`, `order_num`, `hidden`, `status`, `create_user`, `update_user`, `create_date`, `update_date`, `remark`) VALUES ('30','角色列表接口','2','U_003_002_001','/api/auth/role/**',null,'role','5','/3/5/30','1','0','1000',null,'4','2021-02-26 17:08:46','2022-01-07 15:13:41',null);
INSERT INTO `purview` (`purview_id`, `purview_name`, `purview_type`, `purview_code`, `url`, `component`, `icon`, `parent_id`, `path`, `order_num`, `hidden`, `status`, `create_user`, `update_user`, `create_date`, `update_date`, `remark`) VALUES ('32','SQL片段','1','U_006_002_001','/util/sql-fragment/sql-list','/services/utils/sql-fragment/sql-list','sql','15','/9/15/32','1','0','1000',null,'4','2021-03-01 20:22:05','2022-01-07 20:11:44',null);
INSERT INTO `purview` (`purview_id`, `purview_name`, `purview_type`, `purview_code`, `url`, `component`, `icon`, `parent_id`, `path`, `order_num`, `hidden`, `status`, `create_user`, `update_user`, `create_date`, `update_date`, `remark`) VALUES ('33','SQL查询','1','U_006_002_002','/util/sql-fragment/sql-query','/services/utils/sql-fragment/sql-query/index','add','15','/9/15/33','2','0','1000',null,'4','2021-03-01 20:22:05','2022-01-07 20:11:46',null);
INSERT INTO `purview` (`purview_id`, `purview_name`, `purview_type`, `purview_code`, `url`, `component`, `icon`, `parent_id`, `path`, `order_num`, `hidden`, `status`, `create_user`, `update_user`, `create_date`, `update_date`, `remark`) VALUES ('34','数据源管理','1','U_006_002_003','/util/sql-fragment/ds-manage','/services/utils/sql-fragment/ds-manage','datasource','15','/9/15/34','3','0','1000',null,'4','2021-03-01 20:22:05','2022-01-07 20:11:48',null);
INSERT INTO `purview` (`purview_id`, `purview_name`, `purview_type`, `purview_code`, `url`, `component`, `icon`, `parent_id`, `path`, `order_num`, `hidden`, `status`, `create_user`, `update_user`, `create_date`, `update_date`, `remark`) VALUES ('35','历史记录','1','U_006_002_004','/util/sql-fragment/history','/services/utils/sql-fragment/history','history','15','/9/15/35','5','0','1000',null,'4','2021-03-01 20:22:05','2022-01-07 20:11:52',null);
INSERT INTO `purview` (`purview_id`, `purview_name`, `purview_type`, `purview_code`, `url`, `component`, `icon`, `parent_id`, `path`, `order_num`, `hidden`, `status`, `create_user`, `update_user`, `create_date`, `update_date`, `remark`) VALUES ('36','设置','1','U_006_002_005','/util/sql-fragment/setting','/services/utils/sql-fragment/setting','setting','15','/9/15/36','6','0','1000',null,'4','2021-03-01 20:22:05','2022-01-07 20:11:54',null);
INSERT INTO `purview` (`purview_id`, `purview_name`, `purview_type`, `purview_code`, `url`, `component`, `icon`, `parent_id`, `path`, `order_num`, `hidden`, `status`, `create_user`, `update_user`, `create_date`, `update_date`, `remark`) VALUES ('37','场景管理','1','U_006_002_006','/util/sql-fragment/scene','/services/utils/sql-fragment/scene','scene','15','/9/15/37','4','0','1000',null,'4','2021-04-26 21:43:00','2022-01-07 20:11:50',null);
INSERT INTO `purview` (`purview_id`, `purview_name`, `purview_type`, `purview_code`, `url`, `component`, `icon`, `parent_id`, `path`, `order_num`, `hidden`, `status`, `create_user`, `update_user`, `create_date`, `update_date`, `remark`) VALUES ('98','查询指定用户权限','2','U_12321','/api/auth/userManage/permissions',null,null,'4','/3/4/98','3','0','1000','4','4','2021-05-19 12:37:11','2022-01-07 16:00:23',null);
INSERT INTO `purview` (`purview_id`, `purview_name`, `purview_type`, `purview_code`, `url`, `component`, `icon`, `parent_id`, `path`, `order_num`, `hidden`, `status`, `create_user`, `update_user`, `create_date`, `update_date`, `remark`) VALUES ('99','新增用户','1','U_003_005','/user-add','/services/user/user-manage/add-user','add-user','3','/3/4/99','5','1','1000','4','4','2021-05-27 17:12:25','2022-05-28 18:01:53',null);
INSERT INTO `purview` (`purview_id`, `purview_name`, `purview_type`, `purview_code`, `url`, `component`, `icon`, `parent_id`, `path`, `order_num`, `hidden`, `status`, `create_user`, `update_user`, `create_date`, `update_date`, `remark`) VALUES ('100','路由管理','1','U_004_001','/gateway/route','/services/gateway/route','branche','7','/7/100','1','0','1000','4','4','2021-07-21 22:13:12','2022-07-31 18:43:33',null);
INSERT INTO `purview` (`purview_id`, `purview_name`, `purview_type`, `purview_code`, `url`, `component`, `icon`, `parent_id`, `path`, `order_num`, `hidden`, `status`, `create_user`, `update_user`, `create_date`, `update_date`, `remark`) VALUES ('101','限流规则','1','U_004_002','/gateway/ratelimit','/services/gateway/ratelimit','water','7','/7/101','4','0','1000','4','4','2021-07-21 22:15:57','2022-03-28 21:39:52',null);
INSERT INTO `purview` (`purview_id`, `purview_name`, `purview_type`, `purview_code`, `url`, `component`, `icon`, `parent_id`, `path`, `order_num`, `hidden`, `status`, `create_user`, `update_user`, `create_date`, `update_date`, `remark`) VALUES ('102','网关监控大屏(隐藏)','1','U_004_003','/gateway/dashboard','/services/gateway/dashboard','monitor','7','/7/102','99','1','1000','4','4','2021-07-21 22:20:11','2022-03-25 14:38:42',null);
INSERT INTO `purview` (`purview_id`, `purview_name`, `purview_type`, `purview_code`, `url`, `component`, `icon`, `parent_id`, `path`, `order_num`, `hidden`, `status`, `create_user`, `update_user`, `create_date`, `update_date`, `remark`) VALUES ('103','监控日志','1','U_004_006','/gateway/monitor','/services/gateway/monitor','log','7','/7/103','7','0','1000','4','4','2021-07-21 23:34:51','2022-03-25 14:39:03',null);
INSERT INTO `purview` (`purview_id`, `purview_name`, `purview_type`, `purview_code`, `url`, `component`, `icon`, `parent_id`, `path`, `order_num`, `hidden`, `status`, `create_user`, `update_user`, `create_date`, `update_date`, `remark`) VALUES ('104','监控大屏','1','U_004_004','http://localhost:9527/#/gateway/dashboard',null,'monitor','7','/7/104','6','1','1000','4','4','2021-07-24 18:18:16','2022-07-24 11:49:50',null);
INSERT INTO `purview` (`purview_id`, `purview_name`, `purview_type`, `purview_code`, `url`, `component`, `icon`, `parent_id`, `path`, `order_num`, `hidden`, `status`, `create_user`, `update_user`, `create_date`, `update_date`, `remark`) VALUES ('105','文档列表','1','U_005_001','/document/list','/services/document/document-list','list','8','/8/105','1',null,'1000','4','4','2021-07-25 16:19:37','2022-01-07 20:11:31',null);
INSERT INTO `purview` (`purview_id`, `purview_name`, `purview_type`, `purview_code`, `url`, `component`, `icon`, `parent_id`, `path`, `order_num`, `hidden`, `status`, `create_user`, `update_user`, `create_date`, `update_date`, `remark`) VALUES ('106','灰度路由','1','U_004_005','/graypub','/services/gateway/gray-pub','branch','7','/7/106','3',null,'1000','4','4','2021-07-25 16:43:42','2022-03-28 21:39:47',null);
INSERT INTO `purview` (`purview_id`, `purview_name`, `purview_type`, `purview_code`, `url`, `component`, `icon`, `parent_id`, `path`, `order_num`, `hidden`, `status`, `create_user`, `update_user`, `create_date`, `update_date`, `remark`) VALUES ('108','基础数据管理','1','U_099_001','/system/data','/services/system','dic','27','/27/108','1','0','1000','4','4','2021-10-31 14:50:38','2022-02-23 07:09:31',null);
INSERT INTO `purview` (`purview_id`, `purview_name`, `purview_type`, `purview_code`, `url`, `component`, `icon`, `parent_id`, `path`, `order_num`, `hidden`, `status`, `create_user`, `update_user`, `create_date`, `update_date`, `remark`) VALUES ('109','字典编码管理','1','U_099_001_001','/system/data/dic-code','/services/system/dic-code/index','dot','108','/27/108/109','1','0','1000','4','4','2021-10-31 15:04:36','2022-02-23 07:11:26',null);
INSERT INTO `purview` (`purview_id`, `purview_name`, `purview_type`, `purview_code`, `url`, `component`, `icon`, `parent_id`, `path`, `order_num`, `hidden`, `status`, `create_user`, `update_user`, `create_date`, `update_date`, `remark`) VALUES ('110','字典项管理','1','U_099_001_002','/system/data/dic-item','/services/system/dic-item/index','dot','108','/27/108/110','2','0','1000','4','4','2021-10-31 15:05:50','2022-02-23 07:11:43',null);
INSERT INTO `purview` (`purview_id`, `purview_name`, `purview_type`, `purview_code`, `url`, `component`, `icon`, `parent_id`, `path`, `order_num`, `hidden`, `status`, `create_user`, `update_user`, `create_date`, `update_date`, `remark`) VALUES ('111','查询路由列表','2','U_004_001_001','/api/gateway/route/**',null,null,'100','/7/100/111','1','1','1000','4','4','2021-10-31 16:19:51','2022-01-07 16:25:06',null);
INSERT INTO `purview` (`purview_id`, `purview_name`, `purview_type`, `purview_code`, `url`, `component`, `icon`, `parent_id`, `path`, `order_num`, `hidden`, `status`, `create_user`, `update_user`, `create_date`, `update_date`, `remark`) VALUES ('112','权限列表','2','U_003_001','/api/auth/permission/**',null,null,'6','/3/6/112','1','1','1000','4','4','2021-10-31 16:19:51','2022-01-07 20:13:06',null);
INSERT INTO `purview` (`purview_id`, `purview_name`, `purview_type`, `purview_code`, `url`, `component`, `icon`, `parent_id`, `path`, `order_num`, `hidden`, `status`, `create_user`, `update_user`, `create_date`, `update_date`, `remark`) VALUES ('113','测试','1','U_100','/','',null,'-1','/113','50','1','1000','4','4','2021-11-01 14:17:15','2022-01-07 20:12:46',null);
INSERT INTO `purview` (`purview_id`, `purview_name`, `purview_type`, `purview_code`, `url`, `component`, `icon`, `parent_id`, `path`, `order_num`, `hidden`, `status`, `create_user`, `update_user`, `create_date`, `update_date`, `remark`) VALUES ('114','测试接口','2','U_100_001','/city/**',null,null,'113','/113/114',null,null,'1000','4','4','2021-11-01 14:17:46','2022-08-10 12:16:46',null);
INSERT INTO `purview` (`purview_id`, `purview_name`, `purview_type`, `purview_code`, `url`, `component`, `icon`, `parent_id`, `path`, `order_num`, `hidden`, `status`, `create_user`, `update_user`, `create_date`, `update_date`, `remark`) VALUES ('115','灰度发布接口','2','U_004_005_001','/api/gateway/grayRoute/**',null,null,'106','/7/106/115','1','1','1000','4','4','2021-11-01 21:35:08','2022-02-23 09:41:46',null);
INSERT INTO `purview` (`purview_id`, `purview_name`, `purview_type`, `purview_code`, `url`, `component`, `icon`, `parent_id`, `path`, `order_num`, `hidden`, `status`, `create_user`, `update_user`, `create_date`, `update_date`, `remark`) VALUES ('116','查询服务信息','2','U_004_005_002','/api/gateway/service-info/**',null,null,'106','/7/106/116','3','1','1000','4','4','2021-11-01 22:49:09','2022-03-12 15:20:16',null);
INSERT INTO `purview` (`purview_id`, `purview_name`, `purview_type`, `purview_code`, `url`, `component`, `icon`, `parent_id`, `path`, `order_num`, `hidden`, `status`, `create_user`, `update_user`, `create_date`, `update_date`, `remark`) VALUES ('118','租户管理','1','U_003_006','/tenant','/services/user/tenant-manage/index','user','3','/3/118','5','0','1000','4','4','2021-11-26 14:26:13','2022-01-07 20:13:10',null);
INSERT INTO `purview` (`purview_id`, `purview_name`, `purview_type`, `purview_code`, `url`, `component`, `icon`, `parent_id`, `path`, `order_num`, `hidden`, `status`, `create_user`, `update_user`, `create_date`, `update_date`, `remark`) VALUES ('119','接口管理','1','U_004_007','/service-manage','/services/gateway/service-manage','api3','7','/7/119','5','0','1000','4','4','2021-11-26 14:54:03','2022-07-31 18:46:04',null);
INSERT INTO `purview` (`purview_id`, `purview_name`, `purview_type`, `purview_code`, `url`, `component`, `icon`, `parent_id`, `path`, `order_num`, `hidden`, `status`, `create_user`, `update_user`, `create_date`, `update_date`, `remark`) VALUES ('121','服务管理接口','2','U_004_007_001','/api/gateway/service-manager/**',null,null,'119','/7/119/121','1',null,'1000','4','4','2021-12-24 10:00:36','2022-02-19 11:31:09',null);
INSERT INTO `purview` (`purview_id`, `purview_name`, `purview_type`, `purview_code`, `url`, `component`, `icon`, `parent_id`, `path`, `order_num`, `hidden`, `status`, `create_user`, `update_user`, `create_date`, `update_date`, `remark`) VALUES ('122','租户服务查询','2','U_003_006_001','/api/auth/tenantManager/service/**',null,null,'118','/3/118/122','1',null,'1000','4','4','2022-01-06 13:23:59','2022-01-17 13:15:55',null);
INSERT INTO `purview` (`purview_id`, `purview_name`, `purview_type`, `purview_code`, `url`, `component`, `icon`, `parent_id`, `path`, `order_num`, `hidden`, `status`, `create_user`, `update_user`, `create_date`, `update_date`, `remark`) VALUES ('123','测试','2','U_003_006_001','/adsasd',null,null,'118','/3/118/123',null,null,'1000','4','4','2022-01-07 10:04:00','2022-01-07 20:13:13',null);
INSERT INTO `purview` (`purview_id`, `purview_name`, `purview_type`, `purview_code`, `url`, `component`, `icon`, `parent_id`, `path`, `order_num`, `hidden`, `status`, `create_user`, `update_user`, `create_date`, `update_date`, `remark`) VALUES ('124','应用列表查询','2','U_006_003_001_001','/api/sim-api/api/app-list',null,null,'20','/9/19/20/124','1',null,'1000','4','4','2022-01-07 10:47:04','2022-01-07 20:12:11',null);
INSERT INTO `purview` (`purview_id`, `purview_name`, `purview_type`, `purview_code`, `url`, `component`, `icon`, `parent_id`, `path`, `order_num`, `hidden`, `status`, `create_user`, `update_user`, `create_date`, `update_date`, `remark`) VALUES ('125','状态查询','2','U_006_003_001_002','/api/sim-api/api/status',null,null,'20','/9/19/20/125','2',null,'1000','4','4','2022-01-07 12:21:46','2022-01-07 20:12:13',null);
INSERT INTO `purview` (`purview_id`, `purview_name`, `purview_type`, `purview_code`, `url`, `component`, `icon`, `parent_id`, `path`, `order_num`, `hidden`, `status`, `create_user`, `update_user`, `create_date`, `update_date`, `remark`) VALUES ('126','api列表查询','2','U_006_003_002_001','/api/sim-api/api/api-list',null,null,'21','/9/19/21/126',null,null,'1000','4','4','2022-01-07 12:38:21','2022-01-07 20:12:19',null);
INSERT INTO `purview` (`purview_id`, `purview_name`, `purview_type`, `purview_code`, `url`, `component`, `icon`, `parent_id`, `path`, `order_num`, `hidden`, `status`, `create_user`, `update_user`, `create_date`, `update_date`, `remark`) VALUES ('127','开启或关闭模拟','2','U_006_003_002_002','/api/sim-api/api/open-close-simulation',null,null,'21','/9/19/21/127',null,null,'1000','4','4','2022-01-07 12:48:53','2022-01-07 20:12:20',null);
INSERT INTO `purview` (`purview_id`, `purview_name`, `purview_type`, `purview_code`, `url`, `component`, `icon`, `parent_id`, `path`, `order_num`, `hidden`, `status`, `create_user`, `update_user`, `create_date`, `update_date`, `remark`) VALUES ('128','查询数据字典','2','U_9999_001','/api/auth/common/dic',null,null,'129','/129/128','1',null,'1000','4','4','2022-01-07 15:16:34','2022-01-07 16:17:18',null);
INSERT INTO `purview` (`purview_id`, `purview_name`, `purview_type`, `purview_code`, `url`, `component`, `icon`, `parent_id`, `path`, `order_num`, `hidden`, `status`, `create_user`, `update_user`, `create_date`, `update_date`, `remark`) VALUES ('129','通用接口权限','1','U_9999','/',null,null,'-1','/129','9999',null,'1000','4','4','2022-01-07 15:17:23','2022-01-07 16:17:09',null);
INSERT INTO `purview` (`purview_id`, `purview_name`, `purview_type`, `purview_code`, `url`, `component`, `icon`, `parent_id`, `path`, `order_num`, `hidden`, `status`, `create_user`, `update_user`, `create_date`, `update_date`, `remark`) VALUES ('130','查询路由列表(内部)','2','U_004_001_002','/route/**',null,null,'100','/7/100/130','2',null,'1000','4',null,'2022-01-07 16:24:56','2022-01-07 16:24:56',null);
INSERT INTO `purview` (`purview_id`, `purview_name`, `purview_type`, `purview_code`, `url`, `component`, `icon`, `parent_id`, `path`, `order_num`, `hidden`, `status`, `create_user`, `update_user`, `create_date`, `update_date`, `remark`) VALUES ('131','查询用户角色列表','2','U_003_001_003','/api/auth/userManage/roles',null,null,'4','/3/4/131','3',null,'1000','4',null,'2022-01-08 14:15:30','2022-01-08 14:15:30',null);
INSERT INTO `purview` (`purview_id`, `purview_name`, `purview_type`, `purview_code`, `url`, `component`, `icon`, `parent_id`, `path`, `order_num`, `hidden`, `status`, `create_user`, `update_user`, `create_date`, `update_date`, `remark`) VALUES ('132','组件模板','1','002','/components',null,'component','-1','/132','999','1','1000','4','4','2022-01-19 16:42:22','2022-07-24 13:03:48',null);
INSERT INTO `purview` (`purview_id`, `purview_name`, `purview_type`, `purview_code`, `url`, `component`, `icon`, `parent_id`, `path`, `order_num`, `hidden`, `status`, `create_user`, `update_user`, `create_date`, `update_date`, `remark`) VALUES ('133','搜索','1','上级编码002_001','/components/search','/components-demo/search','','132','/132/133','1',null,'1000','4','4','2022-01-19 16:43:41','2022-01-19 17:01:04',null);
INSERT INTO `purview` (`purview_id`, `purview_name`, `purview_type`, `purview_code`, `url`, `component`, `icon`, `parent_id`, `path`, `order_num`, `hidden`, `status`, `create_user`, `update_user`, `create_date`, `update_date`, `remark`) VALUES ('164','附件管理','1','U_005_002','/','/service/document/attachment','document','8','/8/164','9',null,'1000','4','4','2022-01-20 23:02:28','2022-06-13 12:38:22',null);
INSERT INTO `purview` (`purview_id`, `purview_name`, `purview_type`, `purview_code`, `url`, `component`, `icon`, `parent_id`, `path`, `order_num`, `hidden`, `status`, `create_user`, `update_user`, `create_date`, `update_date`, `remark`) VALUES ('196','服务管理接口(内部)','2','U_004_007_002','/service-manager/**',null,null,'119','/7/119/196','2',null,'1000','4',null,'2022-02-19 11:31:44','2022-02-19 11:31:44',null);
INSERT INTO `purview` (`purview_id`, `purview_name`, `purview_type`, `purview_code`, `url`, `component`, `icon`, `parent_id`, `path`, `order_num`, `hidden`, `status`, `create_user`, `update_user`, `create_date`, `update_date`, `remark`) VALUES ('228','查询字典编码列表','2','U_099_001_001_001','/api/system/dicCodeItem/code/**',null,null,'109','/27/108/109/228','1',null,'1000','4',null,'2022-02-22 14:12:53','2022-02-22 14:12:53',null);
INSERT INTO `purview` (`purview_id`, `purview_name`, `purview_type`, `purview_code`, `url`, `component`, `icon`, `parent_id`, `path`, `order_num`, `hidden`, `status`, `create_user`, `update_user`, `create_date`, `update_date`, `remark`) VALUES ('229','查询字典项列表','2','U_099_001_002_001','/api/system/dicCodeItem/item',null,null,'110','/27/108/110/229','1',null,'1000','4',null,'2022-02-23 07:51:19','2022-02-23 07:51:19',null);
INSERT INTO `purview` (`purview_id`, `purview_name`, `purview_type`, `purview_code`, `url`, `component`, `icon`, `parent_id`, `path`, `order_num`, `hidden`, `status`, `create_user`, `update_user`, `create_date`, `update_date`, `remark`) VALUES ('230','灰度发布接口(内部)','2','U_004_005_003','/grayRoute/**',null,null,'106','/7/106/230','2',null,'1000','4','4','2022-02-23 09:42:21','2022-02-23 09:42:41',null);
INSERT INTO `purview` (`purview_id`, `purview_name`, `purview_type`, `purview_code`, `url`, `component`, `icon`, `parent_id`, `path`, `order_num`, `hidden`, `status`, `create_user`, `update_user`, `create_date`, `update_date`, `remark`) VALUES ('231','查询表信息','2','U_006_001_001_001','/api/db-dif/qryTables',null,null,'24','/9/14/24/231','1',null,'1000','4',null,'2022-03-09 11:35:50','2022-03-09 11:35:50',null);
INSERT INTO `purview` (`purview_id`, `purview_name`, `purview_type`, `purview_code`, `url`, `component`, `icon`, `parent_id`, `path`, `order_num`, `hidden`, `status`, `create_user`, `update_user`, `create_date`, `update_date`, `remark`) VALUES ('232','数据库工具','1','U_006_006','/utils/db-util/index','/services/utils/db-util/datasource','database','9','/9/232','1','0','1000','4','4','2022-03-09 12:10:40','2022-03-09 13:29:50',null);
INSERT INTO `purview` (`purview_id`, `purview_name`, `purview_type`, `purview_code`, `url`, `component`, `icon`, `parent_id`, `path`, `order_num`, `hidden`, `status`, `create_user`, `update_user`, `create_date`, `update_date`, `remark`) VALUES ('233','数据源管理','1','U_006_006_001','/utils/db-util/datasource','/services/utils/db-util/datasource','datasource','232','/9/232/233','1',null,'1000','4','4','2022-03-09 12:15:49','2022-03-09 13:36:49',null);
INSERT INTO `purview` (`purview_id`, `purview_name`, `purview_type`, `purview_code`, `url`, `component`, `icon`, `parent_id`, `path`, `order_num`, `hidden`, `status`, `create_user`, `update_user`, `create_date`, `update_date`, `remark`) VALUES ('234','库表对比','1','U_006_006_002','/utils/db-util/compare','/services/utils/db-util/compare','dif','232','/9/232/234','2','0','1000','4',null,'2022-03-09 13:33:05','2022-03-09 13:33:05',null);
INSERT INTO `purview` (`purview_id`, `purview_name`, `purview_type`, `purview_code`, `url`, `component`, `icon`, `parent_id`, `path`, `order_num`, `hidden`, `status`, `create_user`, `update_user`, `create_date`, `update_date`, `remark`) VALUES ('235','数据源管理相关接口','2','U_006_006_001_001','/api/db-util/datasource/**',null,null,'233','/9/232/233/235','1',null,'1000','4',null,'2022-03-10 15:09:33','2022-03-10 15:09:33',null);
INSERT INTO `purview` (`purview_id`, `purview_name`, `purview_type`, `purview_code`, `url`, `component`, `icon`, `parent_id`, `path`, `order_num`, `hidden`, `status`, `create_user`, `update_user`, `create_date`, `update_date`, `remark`) VALUES ('236','查询服务信息(内部)','2','U_004_005_004','/service-info/**',null,null,'106','/7/106/236',null,null,'1000','4',null,'2022-03-12 15:21:27','2022-03-12 15:21:27',null);
INSERT INTO `purview` (`purview_id`, `purview_name`, `purview_type`, `purview_code`, `url`, `component`, `icon`, `parent_id`, `path`, `order_num`, `hidden`, `status`, `create_user`, `update_user`, `create_date`, `update_date`, `remark`) VALUES ('268','查询服务信息(内部)','2','U_004_005_005','/service-info/**',null,null,'106','/7/106/268',null,null,'1000','4',null,'2022-03-14 21:43:42','2022-03-14 21:43:42',null);
INSERT INTO `purview` (`purview_id`, `purview_name`, `purview_type`, `purview_code`, `url`, `component`, `icon`, `parent_id`, `path`, `order_num`, `hidden`, `status`, `create_user`, `update_user`, `create_date`, `update_date`, `remark`) VALUES ('269','开放服务','1','U_004_008','/service','/services/gateway/service-manage','api2','7','/7/269','2','0','1000','4','4','2022-03-25 14:30:00','2022-07-31 18:42:20',null);
INSERT INTO `purview` (`purview_id`, `purview_name`, `purview_type`, `purview_code`, `url`, `component`, `icon`, `parent_id`, `path`, `order_num`, `hidden`, `status`, `create_user`, `update_user`, `create_date`, `update_date`, `remark`) VALUES ('270','限流规则增删改查','2','U_004_002_002','/api/gateway/rateLimit/**',null,null,'101','/7/101/270','1',null,'1000','4','4','2022-03-30 21:51:49','2022-03-30 21:55:55',null);
INSERT INTO `purview` (`purview_id`, `purview_name`, `purview_type`, `purview_code`, `url`, `component`, `icon`, `parent_id`, `path`, `order_num`, `hidden`, `status`, `create_user`, `update_user`, `create_date`, `update_date`, `remark`) VALUES ('271','限流规则增删改查(内部)','2','U_004_002_003','/rateLimit/**',null,null,'101','/7/101/271','3',null,'1000','4','4','2022-03-30 21:53:27','2022-03-30 21:55:59',null);
INSERT INTO `purview` (`purview_id`, `purview_name`, `purview_type`, `purview_code`, `url`, `component`, `icon`, `parent_id`, `path`, `order_num`, `hidden`, `status`, `create_user`, `update_user`, `create_date`, `update_date`, `remark`) VALUES ('272','组织机构','1','U_099_001_003','/user/org','/services/user/org-manage/index','list','3','/3/272','6','0','1000','4','4','2022-05-05 22:05:19','2022-05-27 11:22:08',null);
INSERT INTO `purview` (`purview_id`, `purview_name`, `purview_type`, `purview_code`, `url`, `component`, `icon`, `parent_id`, `path`, `order_num`, `hidden`, `status`, `create_user`, `update_user`, `create_date`, `update_date`, `remark`) VALUES ('273','组织机构相关接口','2','U_099_001_003_001','/api/auth/orgManage/**',null,null,'272','/3/272/273','1',null,'1000','4',null,'2022-05-27 11:18:27','2022-05-27 11:18:27',null);
INSERT INTO `purview` (`purview_id`, `purview_name`, `purview_type`, `purview_code`, `url`, `component`, `icon`, `parent_id`, `path`, `order_num`, `hidden`, `status`, `create_user`, `update_user`, `create_date`, `update_date`, `remark`) VALUES ('274','重置用户密码','2','U_003_001_004','/api/auth/userManage/resetPwd',null,null,'4','/3/4/274','4',null,'1000','4','4','2022-05-28 20:29:35','2022-05-28 20:29:35',null);
INSERT INTO `purview` (`purview_id`, `purview_name`, `purview_type`, `purview_code`, `url`, `component`, `icon`, `parent_id`, `path`, `order_num`, `hidden`, `status`, `create_user`, `update_user`, `create_date`, `update_date`, `remark`) VALUES ('275','查询用户详情','2','U_003_001_005','/api/auth/userManage/{userId}',null,null,'4','/3/4/275',null,null,'1000','4','4','2022-05-29 16:56:41','2022-05-29 16:56:41',null);
INSERT INTO `purview` (`purview_id`, `purview_name`, `purview_type`, `purview_code`, `url`, `component`, `icon`, `parent_id`, `path`, `order_num`, `hidden`, `status`, `create_user`, `update_user`, `create_date`, `update_date`, `remark`) VALUES ('276','用户头像上传','2','U_003_001_006','/api/auth/userManage/avatar/**',null,null,'4','/3/4/276','6',null,'1000','4','4','2022-05-30 22:38:43','2022-06-01 21:25:32',null);
INSERT INTO `purview` (`purview_id`, `purview_name`, `purview_type`, `purview_code`, `url`, `component`, `icon`, `parent_id`, `path`, `order_num`, `hidden`, `status`, `create_user`, `update_user`, `create_date`, `update_date`, `remark`) VALUES ('277','API文档','1','U_005_003','/document/api','/services/api/index','api','8','/8/277','-1','0','1000','4','4','2022-06-13 12:37:34','2022-06-18 23:48:24',null);
INSERT INTO `purview` (`purview_id`, `purview_name`, `purview_type`, `purview_code`, `url`, `component`, `icon`, `parent_id`, `path`, `order_num`, `hidden`, `status`, `create_user`, `update_user`, `create_date`, `update_date`, `remark`) VALUES ('278','API列表','1','U_005_003_001','/document/api/index','/services/api/api-manage/index','list','277','/8/277/278','1','0','1000','4','4','2022-06-15 21:23:54','2022-06-18 23:47:35',null);
INSERT INTO `purview` (`purview_id`, `purview_name`, `purview_type`, `purview_code`, `url`, `component`, `icon`, `parent_id`, `path`, `order_num`, `hidden`, `status`, `create_user`, `update_user`, `create_date`, `update_date`, `remark`) VALUES ('279','查询API应用列表','2','U_005_003_001_001','/api/document/api/api-manage/apps',null,null,'278','/8/277/278/279','1',null,'1000','4','4','2022-06-16 12:39:50','2022-07-23 10:15:27',null);
INSERT INTO `purview` (`purview_id`, `purview_name`, `purview_type`, `purview_code`, `url`, `component`, `icon`, `parent_id`, `path`, `order_num`, `hidden`, `status`, `create_user`, `update_user`, `create_date`, `update_date`, `remark`) VALUES ('280','查询api列表','2','U_005_003_001_002','/api/document/api/api-manage/apis/**',null,null,'278','/8/277/278/280','2',null,'1000','4','4','2022-06-16 20:46:56','2022-06-18 11:05:03',null);
INSERT INTO `purview` (`purview_id`, `purview_name`, `purview_type`, `purview_code`, `url`, `component`, `icon`, `parent_id`, `path`, `order_num`, `hidden`, `status`, `create_user`, `update_user`, `create_date`, `update_date`, `remark`) VALUES ('282','查询api分组','2','U_005_003_001_004','/api/document/api/api-manage/groups',null,null,'278','/8/277/278/282','4',null,'1000','4','4','2022-06-18 14:55:43','2022-06-18 14:55:44',null);
INSERT INTO `purview` (`purview_id`, `purview_name`, `purview_type`, `purview_code`, `url`, `component`, `icon`, `parent_id`, `path`, `order_num`, `hidden`, `status`, `create_user`, `update_user`, `create_date`, `update_date`, `remark`) VALUES ('283','文档和调试','1','U_005_003_002','/document/api-debug','/services/api/api-debug/index','debug','277','/8/277/283','2','0','1000','4','4','2022-06-18 23:33:59','2022-06-30 11:54:44',null);
INSERT INTO `purview` (`purview_id`, `purview_name`, `purview_type`, `purview_code`, `url`, `component`, `icon`, `parent_id`, `path`, `order_num`, `hidden`, `status`, `create_user`, `update_user`, `create_date`, `update_date`, `remark`) VALUES ('285','应用管理','1','U_005_003_004','/document/apps','/services/api/api-app/index','application','277','/8/277/285','0','0','1000','4','4','2022-06-24 19:31:53','2022-07-23 10:14:24',null);
INSERT INTO `purview` (`purview_id`, `purview_name`, `purview_type`, `purview_code`, `url`, `component`, `icon`, `parent_id`, `path`, `order_num`, `hidden`, `status`, `create_user`, `update_user`, `create_date`, `update_date`, `remark`) VALUES ('286','查询应用详情','2','U_005_003_004_001','/api/document/api/api-manage/apps/**',null,null,'285','/8/277/285/286','1',null,'1000','4','4','2022-06-29 18:44:05','2022-07-23 09:54:30',null);
INSERT INTO `purview` (`purview_id`, `purview_name`, `purview_type`, `purview_code`, `url`, `component`, `icon`, `parent_id`, `path`, `order_num`, `hidden`, `status`, `create_user`, `update_user`, `create_date`, `update_date`, `remark`) VALUES ('287','查询API版本','2','U_005_003_001_005','/api/document/api/api-manage/all-versions',null,null,'278','/8/277/278/287','4',null,'1000','4','4','2022-07-01 14:01:47','2022-07-02 10:37:37',null);
INSERT INTO `purview` (`purview_id`, `purview_name`, `purview_type`, `purview_code`, `url`, `component`, `icon`, `parent_id`, `path`, `order_num`, `hidden`, `status`, `create_user`, `update_user`, `create_date`, `update_date`, `remark`) VALUES ('288','更新API','2','U_005_003_001_006','/api/document/api/api-manage/api',null,null,'278','/8/277/278/288','5',null,'1000','4',null,'2022-07-01 22:21:38','2022-07-01 22:21:38',null);
INSERT INTO `purview` (`purview_id`, `purview_name`, `purview_type`, `purview_code`, `url`, `component`, `icon`, `parent_id`, `path`, `order_num`, `hidden`, `status`, `create_user`, `update_user`, `create_date`, `update_date`, `remark`) VALUES ('289','查询API版本','2','U_005_003_002_001','/api/document/api/api-manage/versions',null,null,'283','/8/277/283/289','1',null,'1000','4','4','2022-07-02 10:38:13','2022-07-02 11:42:26',null);
INSERT INTO `purview` (`purview_id`, `purview_name`, `purview_type`, `purview_code`, `url`, `component`, `icon`, `parent_id`, `path`, `order_num`, `hidden`, `status`, `create_user`, `update_user`, `create_date`, `update_date`, `remark`) VALUES ('290','SpringBoot监控端点','2','U_9999_002','/actuator/**',null,null,'129','/129/290',null,null,'1000','4','4','2022-07-16 11:51:28','2022-07-16 12:14:14',null);
INSERT INTO `purview` (`purview_id`, `purview_name`, `purview_type`, `purview_code`, `url`, `component`, `icon`, `parent_id`, `path`, `order_num`, `hidden`, `status`, `create_user`, `update_user`, `create_date`, `update_date`, `remark`) VALUES ('291','下载API文档','2','U_005_003_004_002','/api/document/api/strToWord',null,null,'285','/8/277/285/291','2',null,'1000','4',null,'2022-07-19 12:24:27','2022-07-19 12:24:27',null);
INSERT INTO `purview` (`purview_id`, `purview_name`, `purview_type`, `purview_code`, `url`, `component`, `icon`, `parent_id`, `path`, `order_num`, `hidden`, `status`, `create_user`, `update_user`, `create_date`, `update_date`, `remark`) VALUES ('429','redis可视化增删改查接口','2','U_006_005_001','/api/cache-service/**',null,null,'23','/9/23/429',null,null,'1000','4',null,'2022-07-24 12:03:40','2022-07-24 12:03:40',null);
INSERT INTO `purview` (`purview_id`, `purview_name`, `purview_type`, `purview_code`, `url`, `component`, `icon`, `parent_id`, `path`, `order_num`, `hidden`, `status`, `create_user`, `update_user`, `create_date`, `update_date`, `remark`) VALUES ('430','存储服务','1','storage','/storage','/','storage','-1','/430','4',null,'1000','4','4','2022-07-24 13:02:27','2022-07-24 13:41:12',null);
INSERT INTO `purview` (`purview_id`, `purview_name`, `purview_type`, `purview_code`, `url`, `component`, `icon`, `parent_id`, `path`, `order_num`, `hidden`, `status`, `create_user`, `update_user`, `create_date`, `update_date`, `remark`) VALUES ('431','服务管理接口','2','U_004_008_001','/api/gateway/service-manager/**',null,null,'269','/7/269/431',null,null,'1000','4',null,'2022-07-28 12:30:02','2022-07-28 12:30:02',null);
INSERT INTO `purview` (`purview_id`, `purview_name`, `purview_type`, `purview_code`, `url`, `component`, `icon`, `parent_id`, `path`, `order_num`, `hidden`, `status`, `create_user`, `update_user`, `create_date`, `update_date`, `remark`) VALUES ('432','查询服务详情','2','U_004_008_002','/api/gateway/service-manager/{serviceId}',null,null,'269','/7/269/432','2',null,'1000','4',null,'2022-07-29 12:39:25','2022-08-06 22:38:56',null);
INSERT INTO `purview` (`purview_id`, `purview_name`, `purview_type`, `purview_code`, `url`, `component`, `icon`, `parent_id`, `path`, `order_num`, `hidden`, `status`, `create_user`, `update_user`, `create_date`, `update_date`, `remark`) VALUES ('433','个人中心','1','profile','/profile','Layout','user','-1','/433','-1','0','1000','4','4','2022-07-30 22:05:44','2022-07-30 22:17:34',null);
INSERT INTO `purview` (`purview_id`, `purview_name`, `purview_type`, `purview_code`, `url`, `component`, `icon`, `parent_id`, `path`, `order_num`, `hidden`, `status`, `create_user`, `update_user`, `create_date`, `update_date`, `remark`) VALUES ('434','我的信息','1','profile_my','/profile/my','/services/user/profile/my/index','user','433','/433/434','1','0','1000','4','4','2022-07-30 22:18:02','2022-07-30 23:02:19',null);
INSERT INTO `purview` (`purview_id`, `purview_name`, `purview_type`, `purview_code`, `url`, `component`, `icon`, `parent_id`, `path`, `order_num`, `hidden`, `status`, `create_user`, `update_user`, `create_date`, `update_date`, `remark`) VALUES ('435','消息通知','1','profile_message','/','/','message','433','/433/435','5','0','1000','4','4','2022-07-30 22:20:39','2022-08-07 14:45:55',null);
INSERT INTO `purview` (`purview_id`, `purview_name`, `purview_type`, `purview_code`, `url`, `component`, `icon`, `parent_id`, `path`, `order_num`, `hidden`, `status`, `create_user`, `update_user`, `create_date`, `update_date`, `remark`) VALUES ('436','应用管理','1','U_004_app','/gateway/app','/services/gateway/app','app','7','/7/436','0','0','1000','4','4','2022-07-31 09:31:42','2022-08-06 22:44:57',null);
INSERT INTO `purview` (`purview_id`, `purview_name`, `purview_type`, `purview_code`, `url`, `component`, `icon`, `parent_id`, `path`, `order_num`, `hidden`, `status`, `create_user`, `update_user`, `create_date`, `update_date`, `remark`) VALUES ('439','应用增删改查','2','U_004_app_001','/api/gateway/app/**',null,null,'436','/7/436/439','1',null,'1000','4',null,'2022-08-06 22:55:36','2022-08-06 22:55:36',null);
INSERT INTO `purview` (`purview_id`, `purview_name`, `purview_type`, `purview_code`, `url`, `component`, `icon`, `parent_id`, `path`, `order_num`, `hidden`, `status`, `create_user`, `update_user`, `create_date`, `update_date`, `remark`) VALUES ('440','应用增删改查(内部)','2','U_004_app_002','/app/**',null,null,'436','/7/436/440','2',null,'1000','4',null,'2022-08-06 23:02:15','2022-08-06 23:02:15',null);
INSERT INTO `purview` (`purview_id`, `purview_name`, `purview_type`, `purview_code`, `url`, `component`, `icon`, `parent_id`, `path`, `order_num`, `hidden`, `status`, `create_user`, `update_user`, `create_date`, `update_date`, `remark`) VALUES ('441','我的应用','1','profile_app_inst','/profile/my/app-inst','/services/open/app-inst/index','app','444','/444/441','2',null,'1000','4','4','2022-08-07 14:45:25','2022-08-12 15:25:00',null);
INSERT INTO `purview` (`purview_id`, `purview_name`, `purview_type`, `purview_code`, `url`, `component`, `icon`, `parent_id`, `path`, `order_num`, `hidden`, `status`, `create_user`, `update_user`, `create_date`, `update_date`, `remark`) VALUES ('442','应用实例增删改查','2','profile_app_inst_interface','/api/open/app-inst/**',null,null,'441','/444/441/442','1',null,'1000','4','4','2022-08-07 14:48:23','2022-08-11 12:57:25',null);
INSERT INTO `purview` (`purview_id`, `purview_name`, `purview_type`, `purview_code`, `url`, `component`, `icon`, `parent_id`, `path`, `order_num`, `hidden`, `status`, `create_user`, `update_user`, `create_date`, `update_date`, `remark`) VALUES ('444','开放平台','1','open','/open','Layout','open','-1','/444','3','0','1000','4','4','2022-08-11 12:24:54','2022-08-12 15:24:55',null);
INSERT INTO `purview` (`purview_id`, `purview_name`, `purview_type`, `purview_code`, `url`, `component`, `icon`, `parent_id`, `path`, `order_num`, `hidden`, `status`, `create_user`, `update_user`, `create_date`, `update_date`, `remark`) VALUES ('445','服务授权接口','2','profile_app_inst_purview','/api/open/service-purview/**',null,null,'441','/444/441/445',null,null,'1000','4',null,'2022-08-11 22:25:36','2022-08-11 22:25:36',null);


INSERT INTO `role` (`role_id`, `role_code`, `role_name`, `not_update`, `status`, `create_user`, `update_user`, `create_date`, `update_date`, `remark`) VALUES ('1','admin','超级管理员','1','1000',null,null,'2021-02-26 14:25:56','2021-02-26 14:25:56',null);
INSERT INTO `role` (`role_id`, `role_code`, `role_name`, `not_update`, `status`, `create_user`, `update_user`, `create_date`, `update_date`, `remark`) VALUES ('2','te','测试授权角色',null,'1000',null,'4','2021-05-15 14:19:43','2021-11-03 20:54:57',null);
INSERT INTO `role` (`role_id`, `role_code`, `role_name`, `not_update`, `status`, `create_user`, `update_user`, `create_date`, `update_date`, `remark`) VALUES ('7','ordinary_user','普通用户','1','1000','4','4','2021-11-03 17:19:41','2021-11-03 17:19:41',null);
INSERT INTO `role` (`role_id`, `role_code`, `role_name`, `not_update`, `status`, `create_user`, `update_user`, `create_date`, `update_date`, `remark`) VALUES ('8','tenant','租户(勿删)','1','1000','4','4','2021-12-13 14:45:09','2021-12-13 14:45:09',null);
INSERT INTO `role` (`role_id`, `role_code`, `role_name`, `not_update`, `status`, `create_user`, `update_user`, `create_date`, `update_date`, `remark`) VALUES ('9','test_user','测试用户','0','1000','4','4','2022-07-10 09:43:38','2022-07-10 09:43:38',null);
INSERT INTO `role` (`role_id`, `role_code`, `role_name`, `not_update`, `status`, `create_user`, `update_user`, `create_date`, `update_date`, `remark`) VALUES ('10','anonymous','匿名访问','0','1000','4','4','2022-07-16 14:52:47','2022-07-16 14:52:47',null);

INSERT INTO `role_purview_rel` (`role_purview_rel_id`, `role_id`, `purview_id`, `eff_date`, `exp_date`, `status`, `create_user`, `update_user`, `create_date`, `update_date`, `remark`) VALUES ('1','1','1',null,null,'1000',null,null,'2021-02-26 14:29:18','2021-02-26 14:29:18',null);
INSERT INTO `role_purview_rel` (`role_purview_rel_id`, `role_id`, `purview_id`, `eff_date`, `exp_date`, `status`, `create_user`, `update_user`, `create_date`, `update_date`, `remark`) VALUES ('2','1','2',null,null,'1000',null,null,'2021-02-26 16:13:10','2021-02-26 16:13:23',null);
INSERT INTO `role_purview_rel` (`role_purview_rel_id`, `role_id`, `purview_id`, `eff_date`, `exp_date`, `status`, `create_user`, `update_user`, `create_date`, `update_date`, `remark`) VALUES ('3','1','3',null,null,'1000',null,null,'2021-02-26 17:09:22','2021-02-26 17:09:22',null);
INSERT INTO `role_purview_rel` (`role_purview_rel_id`, `role_id`, `purview_id`, `eff_date`, `exp_date`, `status`, `create_user`, `update_user`, `create_date`, `update_date`, `remark`) VALUES ('4','1','4',null,null,'1000',null,null,'2021-02-26 17:09:22','2021-02-26 17:09:22',null);
INSERT INTO `role_purview_rel` (`role_purview_rel_id`, `role_id`, `purview_id`, `eff_date`, `exp_date`, `status`, `create_user`, `update_user`, `create_date`, `update_date`, `remark`) VALUES ('7','1','7',null,null,'1000',null,null,'2021-03-01 15:31:40','2021-03-01 15:31:40',null);
INSERT INTO `role_purview_rel` (`role_purview_rel_id`, `role_id`, `purview_id`, `eff_date`, `exp_date`, `status`, `create_user`, `update_user`, `create_date`, `update_date`, `remark`) VALUES ('8','1','8',null,null,'1000',null,null,'2021-03-01 15:55:35','2021-03-01 15:55:35',null);
INSERT INTO `role_purview_rel` (`role_purview_rel_id`, `role_id`, `purview_id`, `eff_date`, `exp_date`, `status`, `create_user`, `update_user`, `create_date`, `update_date`, `remark`) VALUES ('9','1','9',null,null,'1000',null,null,'2021-03-01 16:03:50','2021-03-01 16:03:50',null);
INSERT INTO `role_purview_rel` (`role_purview_rel_id`, `role_id`, `purview_id`, `eff_date`, `exp_date`, `status`, `create_user`, `update_user`, `create_date`, `update_date`, `remark`) VALUES ('10','1','10',null,null,'1000',null,null,'2021-03-01 16:13:25','2021-03-01 16:13:25',null);
INSERT INTO `role_purview_rel` (`role_purview_rel_id`, `role_id`, `purview_id`, `eff_date`, `exp_date`, `status`, `create_user`, `update_user`, `create_date`, `update_date`, `remark`) VALUES ('11','1','11',null,null,'1000',null,null,'2021-03-01 16:13:25','2021-03-01 16:13:25',null);
INSERT INTO `role_purview_rel` (`role_purview_rel_id`, `role_id`, `purview_id`, `eff_date`, `exp_date`, `status`, `create_user`, `update_user`, `create_date`, `update_date`, `remark`) VALUES ('12','1','12',null,null,'1000',null,null,'2021-03-01 16:17:03','2021-03-01 16:17:03',null);
INSERT INTO `role_purview_rel` (`role_purview_rel_id`, `role_id`, `purview_id`, `eff_date`, `exp_date`, `status`, `create_user`, `update_user`, `create_date`, `update_date`, `remark`) VALUES ('13','1','13',null,null,'1000',null,null,'2021-03-01 20:17:54','2021-03-01 20:17:54',null);
INSERT INTO `role_purview_rel` (`role_purview_rel_id`, `role_id`, `purview_id`, `eff_date`, `exp_date`, `status`, `create_user`, `update_user`, `create_date`, `update_date`, `remark`) VALUES ('14','1','14',null,null,'1000',null,null,'2021-03-01 20:22:19','2021-03-01 20:22:19',null);
INSERT INTO `role_purview_rel` (`role_purview_rel_id`, `role_id`, `purview_id`, `eff_date`, `exp_date`, `status`, `create_user`, `update_user`, `create_date`, `update_date`, `remark`) VALUES ('15','1','15',null,null,'1000',null,null,'2021-03-01 20:22:19','2021-03-01 20:22:19',null);
INSERT INTO `role_purview_rel` (`role_purview_rel_id`, `role_id`, `purview_id`, `eff_date`, `exp_date`, `status`, `create_user`, `update_user`, `create_date`, `update_date`, `remark`) VALUES ('17','1','17',null,null,'1000',null,null,'2021-03-01 20:29:01','2021-03-01 20:29:01',null);
INSERT INTO `role_purview_rel` (`role_purview_rel_id`, `role_id`, `purview_id`, `eff_date`, `exp_date`, `status`, `create_user`, `update_user`, `create_date`, `update_date`, `remark`) VALUES ('18','1','18',null,null,'1000',null,null,'2021-03-01 20:29:01','2021-03-01 20:29:01',null);
INSERT INTO `role_purview_rel` (`role_purview_rel_id`, `role_id`, `purview_id`, `eff_date`, `exp_date`, `status`, `create_user`, `update_user`, `create_date`, `update_date`, `remark`) VALUES ('19','1','19',null,null,'1000',null,null,'2021-03-02 15:37:54','2021-03-02 15:37:54',null);
INSERT INTO `role_purview_rel` (`role_purview_rel_id`, `role_id`, `purview_id`, `eff_date`, `exp_date`, `status`, `create_user`, `update_user`, `create_date`, `update_date`, `remark`) VALUES ('20','1','20',null,null,'1000',null,null,'2021-03-02 08:37:58','2021-03-02 08:37:58',null);
INSERT INTO `role_purview_rel` (`role_purview_rel_id`, `role_id`, `purview_id`, `eff_date`, `exp_date`, `status`, `create_user`, `update_user`, `create_date`, `update_date`, `remark`) VALUES ('21','1','21',null,null,'1000',null,null,'2021-03-02 08:37:58','2021-03-02 08:37:58',null);
INSERT INTO `role_purview_rel` (`role_purview_rel_id`, `role_id`, `purview_id`, `eff_date`, `exp_date`, `status`, `create_user`, `update_user`, `create_date`, `update_date`, `remark`) VALUES ('22','1','22',null,null,'1000',null,null,'2021-03-04 12:31:59','2021-03-04 12:31:59',null);
INSERT INTO `role_purview_rel` (`role_purview_rel_id`, `role_id`, `purview_id`, `eff_date`, `exp_date`, `status`, `create_user`, `update_user`, `create_date`, `update_date`, `remark`) VALUES ('23','1','23',null,null,'1000',null,null,'2021-03-05 10:11:51','2021-03-05 10:11:51',null);
INSERT INTO `role_purview_rel` (`role_purview_rel_id`, `role_id`, `purview_id`, `eff_date`, `exp_date`, `status`, `create_user`, `update_user`, `create_date`, `update_date`, `remark`) VALUES ('25','1','24',null,null,'1000',null,null,'2021-03-07 18:54:56','2021-03-07 18:54:56',null);
INSERT INTO `role_purview_rel` (`role_purview_rel_id`, `role_id`, `purview_id`, `eff_date`, `exp_date`, `status`, `create_user`, `update_user`, `create_date`, `update_date`, `remark`) VALUES ('26','1','25',null,null,'1000',null,null,'2021-03-07 18:54:56','2021-03-07 18:54:56',null);
INSERT INTO `role_purview_rel` (`role_purview_rel_id`, `role_id`, `purview_id`, `eff_date`, `exp_date`, `status`, `create_user`, `update_user`, `create_date`, `update_date`, `remark`) VALUES ('27','1','26',null,null,'1000',null,null,'2021-03-07 18:58:53','2021-03-07 18:58:53',null);
INSERT INTO `role_purview_rel` (`role_purview_rel_id`, `role_id`, `purview_id`, `eff_date`, `exp_date`, `status`, `create_user`, `update_user`, `create_date`, `update_date`, `remark`) VALUES ('28','1','27',null,null,'1000',null,null,'2021-03-08 03:11:54','2021-03-08 03:11:54',null);
INSERT INTO `role_purview_rel` (`role_purview_rel_id`, `role_id`, `purview_id`, `eff_date`, `exp_date`, `status`, `create_user`, `update_user`, `create_date`, `update_date`, `remark`) VALUES ('29','1','28',null,null,'1000',null,null,'2021-03-08 08:51:15','2021-03-08 08:51:15',null);
INSERT INTO `role_purview_rel` (`role_purview_rel_id`, `role_id`, `purview_id`, `eff_date`, `exp_date`, `status`, `create_user`, `update_user`, `create_date`, `update_date`, `remark`) VALUES ('62','1','31',null,null,'1000',null,null,'2021-04-10 04:44:14','2021-04-10 04:44:14',null);
INSERT INTO `role_purview_rel` (`role_purview_rel_id`, `role_id`, `purview_id`, `eff_date`, `exp_date`, `status`, `create_user`, `update_user`, `create_date`, `update_date`, `remark`) VALUES ('63','1','32',null,null,'1000',null,null,'2021-04-10 04:44:14','2021-04-10 04:44:14',null);
INSERT INTO `role_purview_rel` (`role_purview_rel_id`, `role_id`, `purview_id`, `eff_date`, `exp_date`, `status`, `create_user`, `update_user`, `create_date`, `update_date`, `remark`) VALUES ('64','1','33',null,null,'1000',null,null,'2021-04-10 04:44:14','2021-04-10 04:44:14',null);
INSERT INTO `role_purview_rel` (`role_purview_rel_id`, `role_id`, `purview_id`, `eff_date`, `exp_date`, `status`, `create_user`, `update_user`, `create_date`, `update_date`, `remark`) VALUES ('65','1','34',null,null,'1000',null,null,'2021-04-10 04:44:14','2021-04-10 04:44:14',null);
INSERT INTO `role_purview_rel` (`role_purview_rel_id`, `role_id`, `purview_id`, `eff_date`, `exp_date`, `status`, `create_user`, `update_user`, `create_date`, `update_date`, `remark`) VALUES ('66','1','35',null,null,'1000',null,null,'2021-04-10 04:44:14','2021-04-10 04:44:14',null);
INSERT INTO `role_purview_rel` (`role_purview_rel_id`, `role_id`, `purview_id`, `eff_date`, `exp_date`, `status`, `create_user`, `update_user`, `create_date`, `update_date`, `remark`) VALUES ('67','1','36',null,null,'1000',null,null,'2021-04-10 04:44:14','2021-04-10 04:44:14',null);
INSERT INTO `role_purview_rel` (`role_purview_rel_id`, `role_id`, `purview_id`, `eff_date`, `exp_date`, `status`, `create_user`, `update_user`, `create_date`, `update_date`, `remark`) VALUES ('68','1','37',null,null,'1000',null,null,'2021-04-10 04:44:14','2021-04-10 04:44:14',null);
INSERT INTO `role_purview_rel` (`role_purview_rel_id`, `role_id`, `purview_id`, `eff_date`, `exp_date`, `status`, `create_user`, `update_user`, `create_date`, `update_date`, `remark`) VALUES ('69','2','1',null,null,'1000',null,null,'2021-04-10 04:44:14','2021-04-10 04:44:14',null);
INSERT INTO `role_purview_rel` (`role_purview_rel_id`, `role_id`, `purview_id`, `eff_date`, `exp_date`, `status`, `create_user`, `update_user`, `create_date`, `update_date`, `remark`) VALUES ('92','1','61','2021-05-16 05:17:30',null,'1000','4','4','2021-05-16 05:17:30','2021-05-16 05:17:30',null);
INSERT INTO `role_purview_rel` (`role_purview_rel_id`, `role_id`, `purview_id`, `eff_date`, `exp_date`, `status`, `create_user`, `update_user`, `create_date`, `update_date`, `remark`) VALUES ('93','1','65','2021-05-16 05:22:11',null,'1000','4','4','2021-05-16 05:22:11','2021-05-16 05:22:11',null);
INSERT INTO `role_purview_rel` (`role_purview_rel_id`, `role_id`, `purview_id`, `eff_date`, `exp_date`, `status`, `create_user`, `update_user`, `create_date`, `update_date`, `remark`) VALUES ('121','2','60','2021-05-16 06:33:16',null,'1000','4','4','2021-05-16 06:33:16','2021-05-16 06:33:16',null);
INSERT INTO `role_purview_rel` (`role_purview_rel_id`, `role_id`, `purview_id`, `eff_date`, `exp_date`, `status`, `create_user`, `update_user`, `create_date`, `update_date`, `remark`) VALUES ('122','1','60','2021-05-16 06:33:22',null,'1000','4','4','2021-05-16 06:33:22','2021-05-16 06:33:22',null);
INSERT INTO `role_purview_rel` (`role_purview_rel_id`, `role_id`, `purview_id`, `eff_date`, `exp_date`, `status`, `create_user`, `update_user`, `create_date`, `update_date`, `remark`) VALUES ('155','1','99','2021-05-27 17:16:54',null,'1000','4','4','2021-05-27 17:16:54','2021-05-27 17:16:54',null);
INSERT INTO `role_purview_rel` (`role_purview_rel_id`, `role_id`, `purview_id`, `eff_date`, `exp_date`, `status`, `create_user`, `update_user`, `create_date`, `update_date`, `remark`) VALUES ('156','1','100','2021-07-21 22:14:07',null,'1000','4','4','2021-07-21 22:14:07','2021-07-21 22:14:07',null);
INSERT INTO `role_purview_rel` (`role_purview_rel_id`, `role_id`, `purview_id`, `eff_date`, `exp_date`, `status`, `create_user`, `update_user`, `create_date`, `update_date`, `remark`) VALUES ('158','1','103','2021-07-21 23:36:02',null,'1000','4','4','2021-07-21 23:36:02','2021-07-21 23:36:02',null);
INSERT INTO `role_purview_rel` (`role_purview_rel_id`, `role_id`, `purview_id`, `eff_date`, `exp_date`, `status`, `create_user`, `update_user`, `create_date`, `update_date`, `remark`) VALUES ('159','1','102','2021-07-24 17:55:06',null,'1000','4','4','2021-07-24 17:55:06','2021-07-24 17:55:06',null);
INSERT INTO `role_purview_rel` (`role_purview_rel_id`, `role_id`, `purview_id`, `eff_date`, `exp_date`, `status`, `create_user`, `update_user`, `create_date`, `update_date`, `remark`) VALUES ('160','1','104','2021-07-24 18:20:02',null,'1000','4','4','2021-07-24 18:20:02','2021-07-24 18:20:02',null);
INSERT INTO `role_purview_rel` (`role_purview_rel_id`, `role_id`, `purview_id`, `eff_date`, `exp_date`, `status`, `create_user`, `update_user`, `create_date`, `update_date`, `remark`) VALUES ('161','1','105','2021-07-25 16:19:54',null,'1000','4','4','2021-07-25 16:19:54','2021-07-25 16:19:54',null);
INSERT INTO `role_purview_rel` (`role_purview_rel_id`, `role_id`, `purview_id`, `eff_date`, `exp_date`, `status`, `create_user`, `update_user`, `create_date`, `update_date`, `remark`) VALUES ('163','1','5','2021-10-29 12:44:26',null,'1000','4','4','2021-10-29 12:44:26','2021-10-29 12:44:26',null);
INSERT INTO `role_purview_rel` (`role_purview_rel_id`, `role_id`, `purview_id`, `eff_date`, `exp_date`, `status`, `create_user`, `update_user`, `create_date`, `update_date`, `remark`) VALUES ('165','1','108','2021-10-31 14:50:45',null,'1000','4','4','2021-10-31 14:50:45','2021-10-31 14:50:45',null);
INSERT INTO `role_purview_rel` (`role_purview_rel_id`, `role_id`, `purview_id`, `eff_date`, `exp_date`, `status`, `create_user`, `update_user`, `create_date`, `update_date`, `remark`) VALUES ('166','1','109','2021-10-31 15:07:06',null,'1000','4','4','2021-10-31 15:07:06','2021-10-31 15:07:06',null);
INSERT INTO `role_purview_rel` (`role_purview_rel_id`, `role_id`, `purview_id`, `eff_date`, `exp_date`, `status`, `create_user`, `update_user`, `create_date`, `update_date`, `remark`) VALUES ('167','1','110','2021-10-31 15:07:31',null,'1000','4','4','2021-10-31 15:07:31','2021-10-31 15:07:31',null);
INSERT INTO `role_purview_rel` (`role_purview_rel_id`, `role_id`, `purview_id`, `eff_date`, `exp_date`, `status`, `create_user`, `update_user`, `create_date`, `update_date`, `remark`) VALUES ('169','1','106','2021-10-31 16:26:29',null,'1000','4','4','2021-10-31 16:26:29','2021-10-31 16:26:29',null);
INSERT INTO `role_purview_rel` (`role_purview_rel_id`, `role_id`, `purview_id`, `eff_date`, `exp_date`, `status`, `create_user`, `update_user`, `create_date`, `update_date`, `remark`) VALUES ('172','2','7','2021-11-01 01:00:58',null,'1000','4','4','2021-11-01 01:00:58','2021-11-01 01:00:58',null);
INSERT INTO `role_purview_rel` (`role_purview_rel_id`, `role_id`, `purview_id`, `eff_date`, `exp_date`, `status`, `create_user`, `update_user`, `create_date`, `update_date`, `remark`) VALUES ('173','2','100','2021-11-01 01:01:05',null,'1000','4','4','2021-11-01 01:01:05','2021-11-01 01:01:05',null);
INSERT INTO `role_purview_rel` (`role_purview_rel_id`, `role_id`, `purview_id`, `eff_date`, `exp_date`, `status`, `create_user`, `update_user`, `create_date`, `update_date`, `remark`) VALUES ('174','1','114','2021-11-01 14:17:56',null,'1000','4','4','2021-11-01 14:17:56','2021-11-01 14:17:56',null);
INSERT INTO `role_purview_rel` (`role_purview_rel_id`, `role_id`, `purview_id`, `eff_date`, `exp_date`, `status`, `create_user`, `update_user`, `create_date`, `update_date`, `remark`) VALUES ('175','1','113','2021-11-01 14:23:12',null,'1000','4','4','2021-11-01 14:23:12','2021-11-01 14:23:12',null);
INSERT INTO `role_purview_rel` (`role_purview_rel_id`, `role_id`, `purview_id`, `eff_date`, `exp_date`, `status`, `create_user`, `update_user`, `create_date`, `update_date`, `remark`) VALUES ('176','1','111','2021-11-01 21:07:02',null,'1000','4','4','2021-11-01 21:07:02','2021-11-01 21:07:02',null);
INSERT INTO `role_purview_rel` (`role_purview_rel_id`, `role_id`, `purview_id`, `eff_date`, `exp_date`, `status`, `create_user`, `update_user`, `create_date`, `update_date`, `remark`) VALUES ('177','1','115','2021-11-01 21:35:51',null,'1000','4','4','2021-11-01 21:35:51','2021-11-01 21:35:51',null);
INSERT INTO `role_purview_rel` (`role_purview_rel_id`, `role_id`, `purview_id`, `eff_date`, `exp_date`, `status`, `create_user`, `update_user`, `create_date`, `update_date`, `remark`) VALUES ('178','1','116','2021-11-01 22:49:16',null,'1000','4','4','2021-11-01 22:49:16','2021-11-01 22:49:16',null);
INSERT INTO `role_purview_rel` (`role_purview_rel_id`, `role_id`, `purview_id`, `eff_date`, `exp_date`, `status`, `create_user`, `update_user`, `create_date`, `update_date`, `remark`) VALUES ('179','2','111','2021-11-02 22:43:47',null,'1000','4','4','2021-11-02 22:43:47','2021-11-02 22:43:47',null);
INSERT INTO `role_purview_rel` (`role_purview_rel_id`, `role_id`, `purview_id`, `eff_date`, `exp_date`, `status`, `create_user`, `update_user`, `create_date`, `update_date`, `remark`) VALUES ('211','1','101','2021-11-24 13:15:42',null,'1000','4','4','2021-11-24 13:15:42','2021-11-24 13:15:42',null);
INSERT INTO `role_purview_rel` (`role_purview_rel_id`, `role_id`, `purview_id`, `eff_date`, `exp_date`, `status`, `create_user`, `update_user`, `create_date`, `update_date`, `remark`) VALUES ('212','2','101','2021-11-24 13:22:34',null,'1000','4','4','2021-11-24 13:22:34','2021-11-24 13:22:34',null);
INSERT INTO `role_purview_rel` (`role_purview_rel_id`, `role_id`, `purview_id`, `eff_date`, `exp_date`, `status`, `create_user`, `update_user`, `create_date`, `update_date`, `remark`) VALUES ('243','1','117','2021-11-26 12:38:49',null,'1000','4','4','2021-11-26 12:38:49','2021-11-26 12:38:49',null);
INSERT INTO `role_purview_rel` (`role_purview_rel_id`, `role_id`, `purview_id`, `eff_date`, `exp_date`, `status`, `create_user`, `update_user`, `create_date`, `update_date`, `remark`) VALUES ('245','1','119','2021-11-26 14:54:13',null,'1000','4','4','2021-11-26 14:54:13','2021-11-26 14:54:13',null);
INSERT INTO `role_purview_rel` (`role_purview_rel_id`, `role_id`, `purview_id`, `eff_date`, `exp_date`, `status`, `create_user`, `update_user`, `create_date`, `update_date`, `remark`) VALUES ('246','8','7','2021-12-13 14:48:07',null,'1000','4','4','2021-12-13 14:48:07','2021-12-13 14:48:07',null);
INSERT INTO `role_purview_rel` (`role_purview_rel_id`, `role_id`, `purview_id`, `eff_date`, `exp_date`, `status`, `create_user`, `update_user`, `create_date`, `update_date`, `remark`) VALUES ('247','8','100','2021-12-13 14:48:41',null,'1000','4','4','2021-12-13 14:48:41','2021-12-13 14:48:41',null);
INSERT INTO `role_purview_rel` (`role_purview_rel_id`, `role_id`, `purview_id`, `eff_date`, `exp_date`, `status`, `create_user`, `update_user`, `create_date`, `update_date`, `remark`) VALUES ('250','8','122','2022-01-06 13:24:12',null,'1000','4','4','2022-01-06 13:24:12','2022-01-06 13:24:12',null);
INSERT INTO `role_purview_rel` (`role_purview_rel_id`, `role_id`, `purview_id`, `eff_date`, `exp_date`, `status`, `create_user`, `update_user`, `create_date`, `update_date`, `remark`) VALUES ('254','1','124','2022-01-07 10:58:54',null,'1000','4','4','2022-01-07 10:58:54','2022-01-07 10:58:54',null);
INSERT INTO `role_purview_rel` (`role_purview_rel_id`, `role_id`, `purview_id`, `eff_date`, `exp_date`, `status`, `create_user`, `update_user`, `create_date`, `update_date`, `remark`) VALUES ('255','1','125','2022-01-07 12:22:03',null,'1000','4','4','2022-01-07 12:22:03','2022-01-07 12:22:03',null);
INSERT INTO `role_purview_rel` (`role_purview_rel_id`, `role_id`, `purview_id`, `eff_date`, `exp_date`, `status`, `create_user`, `update_user`, `create_date`, `update_date`, `remark`) VALUES ('256','1','126','2022-01-07 12:38:31',null,'1000','4','4','2022-01-07 12:38:31','2022-01-07 12:38:31',null);
INSERT INTO `role_purview_rel` (`role_purview_rel_id`, `role_id`, `purview_id`, `eff_date`, `exp_date`, `status`, `create_user`, `update_user`, `create_date`, `update_date`, `remark`) VALUES ('257','1','127','2022-01-07 12:49:05',null,'1000','4','4','2022-01-07 12:49:05','2022-01-07 12:49:05',null);
INSERT INTO `role_purview_rel` (`role_purview_rel_id`, `role_id`, `purview_id`, `eff_date`, `exp_date`, `status`, `create_user`, `update_user`, `create_date`, `update_date`, `remark`) VALUES ('258','1','6','2022-01-07 15:12:47',null,'1000','4','4','2022-01-07 15:12:47','2022-01-07 15:12:47',null);
INSERT INTO `role_purview_rel` (`role_purview_rel_id`, `role_id`, `purview_id`, `eff_date`, `exp_date`, `status`, `create_user`, `update_user`, `create_date`, `update_date`, `remark`) VALUES ('260','1','98','2022-01-07 16:00:41',null,'1000','4','4','2022-01-07 16:00:41','2022-01-07 16:00:41',null);
INSERT INTO `role_purview_rel` (`role_purview_rel_id`, `role_id`, `purview_id`, `eff_date`, `exp_date`, `status`, `create_user`, `update_user`, `create_date`, `update_date`, `remark`) VALUES ('262','1','112','2022-01-07 16:06:30',null,'1000','4','4','2022-01-07 16:06:30','2022-01-07 16:06:30',null);
INSERT INTO `role_purview_rel` (`role_purview_rel_id`, `role_id`, `purview_id`, `eff_date`, `exp_date`, `status`, `create_user`, `update_user`, `create_date`, `update_date`, `remark`) VALUES ('263','1','130','2022-01-07 16:25:17',null,'1000','4','4','2022-01-07 16:25:17','2022-01-07 16:25:17',null);
INSERT INTO `role_purview_rel` (`role_purview_rel_id`, `role_id`, `purview_id`, `eff_date`, `exp_date`, `status`, `create_user`, `update_user`, `create_date`, `update_date`, `remark`) VALUES ('264','1','128','2022-01-07 16:26:51',null,'1000','4','4','2022-01-07 16:26:51','2022-01-07 16:26:51',null);
INSERT INTO `role_purview_rel` (`role_purview_rel_id`, `role_id`, `purview_id`, `eff_date`, `exp_date`, `status`, `create_user`, `update_user`, `create_date`, `update_date`, `remark`) VALUES ('266','1','30','2022-01-07 16:52:01',null,'1000','4','4','2022-01-07 16:52:01','2022-01-07 16:52:01',null);
INSERT INTO `role_purview_rel` (`role_purview_rel_id`, `role_id`, `purview_id`, `eff_date`, `exp_date`, `status`, `create_user`, `update_user`, `create_date`, `update_date`, `remark`) VALUES ('271','1','123','2022-01-08 13:48:52',null,'1000','4','4','2022-01-08 13:48:52','2022-01-08 13:48:52',null);
INSERT INTO `role_purview_rel` (`role_purview_rel_id`, `role_id`, `purview_id`, `eff_date`, `exp_date`, `status`, `create_user`, `update_user`, `create_date`, `update_date`, `remark`) VALUES ('272','1','118','2022-01-08 13:50:51',null,'1000','4','4','2022-01-08 13:50:51','2022-01-08 13:50:51',null);
INSERT INTO `role_purview_rel` (`role_purview_rel_id`, `role_id`, `purview_id`, `eff_date`, `exp_date`, `status`, `create_user`, `update_user`, `create_date`, `update_date`, `remark`) VALUES ('273','1','122','2022-01-08 13:50:51',null,'1000','4','4','2022-01-08 13:50:51','2022-01-08 13:50:51',null);
INSERT INTO `role_purview_rel` (`role_purview_rel_id`, `role_id`, `purview_id`, `eff_date`, `exp_date`, `status`, `create_user`, `update_user`, `create_date`, `update_date`, `remark`) VALUES ('290','7','15','2022-01-08 14:13:11',null,'1000','4','4','2022-01-08 14:13:11','2022-01-08 14:13:11',null);
INSERT INTO `role_purview_rel` (`role_purview_rel_id`, `role_id`, `purview_id`, `eff_date`, `exp_date`, `status`, `create_user`, `update_user`, `create_date`, `update_date`, `remark`) VALUES ('291','7','19','2022-01-08 14:13:11',null,'1000','4','4','2022-01-08 14:13:11','2022-01-08 14:13:11',null);
INSERT INTO `role_purview_rel` (`role_purview_rel_id`, `role_id`, `purview_id`, `eff_date`, `exp_date`, `status`, `create_user`, `update_user`, `create_date`, `update_date`, `remark`) VALUES ('292','7','20','2022-01-08 14:13:11',null,'1000','4','4','2022-01-08 14:13:11','2022-01-08 14:13:11',null);
INSERT INTO `role_purview_rel` (`role_purview_rel_id`, `role_id`, `purview_id`, `eff_date`, `exp_date`, `status`, `create_user`, `update_user`, `create_date`, `update_date`, `remark`) VALUES ('293','7','21','2022-01-08 14:13:11',null,'1000','4','4','2022-01-08 14:13:11','2022-01-08 14:13:11',null);
INSERT INTO `role_purview_rel` (`role_purview_rel_id`, `role_id`, `purview_id`, `eff_date`, `exp_date`, `status`, `create_user`, `update_user`, `create_date`, `update_date`, `remark`) VALUES ('294','7','22','2022-01-08 14:13:17',null,'1000','4','4','2022-01-08 14:13:17','2022-01-08 14:13:17',null);
INSERT INTO `role_purview_rel` (`role_purview_rel_id`, `role_id`, `purview_id`, `eff_date`, `exp_date`, `status`, `create_user`, `update_user`, `create_date`, `update_date`, `remark`) VALUES ('295','7','23','2022-01-08 14:13:17',null,'1000','4','4','2022-01-08 14:13:17','2022-01-08 14:13:17',null);
INSERT INTO `role_purview_rel` (`role_purview_rel_id`, `role_id`, `purview_id`, `eff_date`, `exp_date`, `status`, `create_user`, `update_user`, `create_date`, `update_date`, `remark`) VALUES ('296','7','24','2022-01-08 14:13:17',null,'1000','4','4','2022-01-08 14:13:17','2022-01-08 14:13:17',null);
INSERT INTO `role_purview_rel` (`role_purview_rel_id`, `role_id`, `purview_id`, `eff_date`, `exp_date`, `status`, `create_user`, `update_user`, `create_date`, `update_date`, `remark`) VALUES ('297','7','25','2022-01-08 14:13:17',null,'1000','4','4','2022-01-08 14:13:17','2022-01-08 14:13:17',null);
INSERT INTO `role_purview_rel` (`role_purview_rel_id`, `role_id`, `purview_id`, `eff_date`, `exp_date`, `status`, `create_user`, `update_user`, `create_date`, `update_date`, `remark`) VALUES ('298','7','26','2022-01-08 14:13:17',null,'1000','4','4','2022-01-08 14:13:17','2022-01-08 14:13:17',null);
INSERT INTO `role_purview_rel` (`role_purview_rel_id`, `role_id`, `purview_id`, `eff_date`, `exp_date`, `status`, `create_user`, `update_user`, `create_date`, `update_date`, `remark`) VALUES ('299','7','32','2022-01-08 14:13:18',null,'1000','4','4','2022-01-08 14:13:18','2022-01-08 14:13:18',null);
INSERT INTO `role_purview_rel` (`role_purview_rel_id`, `role_id`, `purview_id`, `eff_date`, `exp_date`, `status`, `create_user`, `update_user`, `create_date`, `update_date`, `remark`) VALUES ('300','7','33','2022-01-08 14:13:18',null,'1000','4','4','2022-01-08 14:13:18','2022-01-08 14:13:18',null);
INSERT INTO `role_purview_rel` (`role_purview_rel_id`, `role_id`, `purview_id`, `eff_date`, `exp_date`, `status`, `create_user`, `update_user`, `create_date`, `update_date`, `remark`) VALUES ('301','7','34','2022-01-08 14:13:18',null,'1000','4','4','2022-01-08 14:13:18','2022-01-08 14:13:18',null);
INSERT INTO `role_purview_rel` (`role_purview_rel_id`, `role_id`, `purview_id`, `eff_date`, `exp_date`, `status`, `create_user`, `update_user`, `create_date`, `update_date`, `remark`) VALUES ('302','7','35','2022-01-08 14:13:18',null,'1000','4','4','2022-01-08 14:13:18','2022-01-08 14:13:18',null);
INSERT INTO `role_purview_rel` (`role_purview_rel_id`, `role_id`, `purview_id`, `eff_date`, `exp_date`, `status`, `create_user`, `update_user`, `create_date`, `update_date`, `remark`) VALUES ('303','7','36','2022-01-08 14:13:18',null,'1000','4','4','2022-01-08 14:13:18','2022-01-08 14:13:18',null);
INSERT INTO `role_purview_rel` (`role_purview_rel_id`, `role_id`, `purview_id`, `eff_date`, `exp_date`, `status`, `create_user`, `update_user`, `create_date`, `update_date`, `remark`) VALUES ('304','7','37','2022-01-08 14:13:19',null,'1000','4','4','2022-01-08 14:13:19','2022-01-08 14:13:19',null);
INSERT INTO `role_purview_rel` (`role_purview_rel_id`, `role_id`, `purview_id`, `eff_date`, `exp_date`, `status`, `create_user`, `update_user`, `create_date`, `update_date`, `remark`) VALUES ('305','7','124','2022-01-08 14:13:19',null,'1000','4','4','2022-01-08 14:13:19','2022-01-08 14:13:19',null);
INSERT INTO `role_purview_rel` (`role_purview_rel_id`, `role_id`, `purview_id`, `eff_date`, `exp_date`, `status`, `create_user`, `update_user`, `create_date`, `update_date`, `remark`) VALUES ('306','7','125','2022-01-08 14:13:19',null,'1000','4','4','2022-01-08 14:13:19','2022-01-08 14:13:19',null);
INSERT INTO `role_purview_rel` (`role_purview_rel_id`, `role_id`, `purview_id`, `eff_date`, `exp_date`, `status`, `create_user`, `update_user`, `create_date`, `update_date`, `remark`) VALUES ('307','7','126','2022-01-08 14:13:19',null,'1000','4','4','2022-01-08 14:13:19','2022-01-08 14:13:19',null);
INSERT INTO `role_purview_rel` (`role_purview_rel_id`, `role_id`, `purview_id`, `eff_date`, `exp_date`, `status`, `create_user`, `update_user`, `create_date`, `update_date`, `remark`) VALUES ('308','7','127','2022-01-08 14:13:19',null,'1000','4','4','2022-01-08 14:13:19','2022-01-08 14:13:19',null);
INSERT INTO `role_purview_rel` (`role_purview_rel_id`, `role_id`, `purview_id`, `eff_date`, `exp_date`, `status`, `create_user`, `update_user`, `create_date`, `update_date`, `remark`) VALUES ('309','1','131','2022-01-08 14:16:00',null,'1000','4','4','2022-01-08 14:16:00','2022-01-08 14:16:00',null);
INSERT INTO `role_purview_rel` (`role_purview_rel_id`, `role_id`, `purview_id`, `eff_date`, `exp_date`, `status`, `create_user`, `update_user`, `create_date`, `update_date`, `remark`) VALUES ('310','7','9','2022-01-08 14:18:52',null,'1000','4','4','2022-01-08 14:18:52','2022-01-08 14:18:52',null);
INSERT INTO `role_purview_rel` (`role_purview_rel_id`, `role_id`, `purview_id`, `eff_date`, `exp_date`, `status`, `create_user`, `update_user`, `create_date`, `update_date`, `remark`) VALUES ('311','1','133','2022-01-19 16:45:04',null,'1000','4','4','2022-01-19 16:45:04','2022-01-19 16:45:04',null);
INSERT INTO `role_purview_rel` (`role_purview_rel_id`, `role_id`, `purview_id`, `eff_date`, `exp_date`, `status`, `create_user`, `update_user`, `create_date`, `update_date`, `remark`) VALUES ('312','1','132','2022-01-19 16:45:10',null,'1000','4','4','2022-01-19 16:45:10','2022-01-19 16:45:10',null);
INSERT INTO `role_purview_rel` (`role_purview_rel_id`, `role_id`, `purview_id`, `eff_date`, `exp_date`, `status`, `create_user`, `update_user`, `create_date`, `update_date`, `remark`) VALUES ('343','1','164','2022-01-20 23:02:44',null,'1000','4','4','2022-01-20 23:02:44','2022-01-20 23:02:44',null);
INSERT INTO `role_purview_rel` (`role_purview_rel_id`, `role_id`, `purview_id`, `eff_date`, `exp_date`, `status`, `create_user`, `update_user`, `create_date`, `update_date`, `remark`) VALUES ('407','1','196','2022-02-19 11:32:05',null,'1000','4','4','2022-02-19 11:32:05','2022-02-19 11:32:05',null);
INSERT INTO `role_purview_rel` (`role_purview_rel_id`, `role_id`, `purview_id`, `eff_date`, `exp_date`, `status`, `create_user`, `update_user`, `create_date`, `update_date`, `remark`) VALUES ('439','2','14','2022-02-22 12:46:43',null,'1000','4','4','2022-02-22 12:46:43','2022-02-22 12:46:43',null);
INSERT INTO `role_purview_rel` (`role_purview_rel_id`, `role_id`, `purview_id`, `eff_date`, `exp_date`, `status`, `create_user`, `update_user`, `create_date`, `update_date`, `remark`) VALUES ('440','7','14','2022-02-22 12:46:46',null,'1000','4','4','2022-02-22 12:46:46','2022-02-22 12:46:46',null);
INSERT INTO `role_purview_rel` (`role_purview_rel_id`, `role_id`, `purview_id`, `eff_date`, `exp_date`, `status`, `create_user`, `update_user`, `create_date`, `update_date`, `remark`) VALUES ('441','1','121','2022-02-22 14:06:11',null,'1000','4','4','2022-02-22 14:06:11','2022-02-22 14:06:11',null);
INSERT INTO `role_purview_rel` (`role_purview_rel_id`, `role_id`, `purview_id`, `eff_date`, `exp_date`, `status`, `create_user`, `update_user`, `create_date`, `update_date`, `remark`) VALUES ('442','1','228','2022-02-22 14:13:02',null,'1000','4','4','2022-02-22 14:13:02','2022-02-22 14:13:02',null);
INSERT INTO `role_purview_rel` (`role_purview_rel_id`, `role_id`, `purview_id`, `eff_date`, `exp_date`, `status`, `create_user`, `update_user`, `create_date`, `update_date`, `remark`) VALUES ('443','1','229','2022-02-23 07:51:32',null,'1000','4','4','2022-02-23 07:51:32','2022-02-23 07:51:32',null);
INSERT INTO `role_purview_rel` (`role_purview_rel_id`, `role_id`, `purview_id`, `eff_date`, `exp_date`, `status`, `create_user`, `update_user`, `create_date`, `update_date`, `remark`) VALUES ('444','1','230','2022-02-23 09:42:46',null,'1000','4','4','2022-02-23 09:42:46','2022-02-23 09:42:46',null);
INSERT INTO `role_purview_rel` (`role_purview_rel_id`, `role_id`, `purview_id`, `eff_date`, `exp_date`, `status`, `create_user`, `update_user`, `create_date`, `update_date`, `remark`) VALUES ('445','1','231','2022-03-09 11:36:16',null,'1000','4','4','2022-03-09 11:36:16','2022-03-09 11:36:16',null);
INSERT INTO `role_purview_rel` (`role_purview_rel_id`, `role_id`, `purview_id`, `eff_date`, `exp_date`, `status`, `create_user`, `update_user`, `create_date`, `update_date`, `remark`) VALUES ('446','1','232','2022-03-09 12:11:35',null,'1000','4','4','2022-03-09 12:11:35','2022-03-09 12:11:35',null);
INSERT INTO `role_purview_rel` (`role_purview_rel_id`, `role_id`, `purview_id`, `eff_date`, `exp_date`, `status`, `create_user`, `update_user`, `create_date`, `update_date`, `remark`) VALUES ('447','1','233','2022-03-09 12:16:41',null,'1000','4','4','2022-03-09 12:16:41','2022-03-09 12:16:41',null);
INSERT INTO `role_purview_rel` (`role_purview_rel_id`, `role_id`, `purview_id`, `eff_date`, `exp_date`, `status`, `create_user`, `update_user`, `create_date`, `update_date`, `remark`) VALUES ('448','1','234','2022-03-09 13:33:42',null,'1000','4','4','2022-03-09 13:33:42','2022-03-09 13:33:42',null);
INSERT INTO `role_purview_rel` (`role_purview_rel_id`, `role_id`, `purview_id`, `eff_date`, `exp_date`, `status`, `create_user`, `update_user`, `create_date`, `update_date`, `remark`) VALUES ('449','1','235','2022-03-10 15:09:45',null,'1000','4','4','2022-03-10 15:09:45','2022-03-10 15:09:45',null);
INSERT INTO `role_purview_rel` (`role_purview_rel_id`, `role_id`, `purview_id`, `eff_date`, `exp_date`, `status`, `create_user`, `update_user`, `create_date`, `update_date`, `remark`) VALUES ('450','1','236','2022-03-14 21:44:08',null,'1000','4','4','2022-03-14 21:44:08','2022-03-14 21:44:08',null);
INSERT INTO `role_purview_rel` (`role_purview_rel_id`, `role_id`, `purview_id`, `eff_date`, `exp_date`, `status`, `create_user`, `update_user`, `create_date`, `update_date`, `remark`) VALUES ('451','1','269','2022-03-25 14:34:55',null,'1000','4','4','2022-03-25 14:34:55','2022-03-25 14:34:55',null);
INSERT INTO `role_purview_rel` (`role_purview_rel_id`, `role_id`, `purview_id`, `eff_date`, `exp_date`, `status`, `create_user`, `update_user`, `create_date`, `update_date`, `remark`) VALUES ('452','1','270','2022-03-30 21:53:38',null,'1000','4','4','2022-03-30 21:53:38','2022-03-30 21:53:38',null);
INSERT INTO `role_purview_rel` (`role_purview_rel_id`, `role_id`, `purview_id`, `eff_date`, `exp_date`, `status`, `create_user`, `update_user`, `create_date`, `update_date`, `remark`) VALUES ('453','1','271','2022-03-30 21:53:45',null,'1000','4','4','2022-03-30 21:53:45','2022-03-30 21:53:45',null);
INSERT INTO `role_purview_rel` (`role_purview_rel_id`, `role_id`, `purview_id`, `eff_date`, `exp_date`, `status`, `create_user`, `update_user`, `create_date`, `update_date`, `remark`) VALUES ('455','1','272','2022-05-27 11:15:42',null,'1000','4','4','2022-05-27 11:15:42','2022-05-27 11:15:42',null);
INSERT INTO `role_purview_rel` (`role_purview_rel_id`, `role_id`, `purview_id`, `eff_date`, `exp_date`, `status`, `create_user`, `update_user`, `create_date`, `update_date`, `remark`) VALUES ('457','1','29','2022-05-28 20:01:05',null,'1000','4','4','2022-05-28 20:01:05','2022-05-28 20:01:05',null);
INSERT INTO `role_purview_rel` (`role_purview_rel_id`, `role_id`, `purview_id`, `eff_date`, `exp_date`, `status`, `create_user`, `update_user`, `create_date`, `update_date`, `remark`) VALUES ('458','7','272','2022-05-28 20:01:32',null,'1000','4','4','2022-05-28 20:01:32','2022-05-28 20:01:32',null);
INSERT INTO `role_purview_rel` (`role_purview_rel_id`, `role_id`, `purview_id`, `eff_date`, `exp_date`, `status`, `create_user`, `update_user`, `create_date`, `update_date`, `remark`) VALUES ('461','7','3','2022-05-28 20:03:03',null,'1000','4','4','2022-05-28 20:03:03','2022-05-28 20:03:03',null);
INSERT INTO `role_purview_rel` (`role_purview_rel_id`, `role_id`, `purview_id`, `eff_date`, `exp_date`, `status`, `create_user`, `update_user`, `create_date`, `update_date`, `remark`) VALUES ('462','1','273','2022-05-28 20:19:24',null,'1000','4','4','2022-05-28 20:19:24','2022-05-28 20:19:24',null);
INSERT INTO `role_purview_rel` (`role_purview_rel_id`, `role_id`, `purview_id`, `eff_date`, `exp_date`, `status`, `create_user`, `update_user`, `create_date`, `update_date`, `remark`) VALUES ('463','1','274','2022-05-28 20:31:39',null,'1000','4','4','2022-05-28 20:31:39','2022-05-28 20:31:39',null);
INSERT INTO `role_purview_rel` (`role_purview_rel_id`, `role_id`, `purview_id`, `eff_date`, `exp_date`, `status`, `create_user`, `update_user`, `create_date`, `update_date`, `remark`) VALUES ('464','1','275','2022-05-29 16:57:02',null,'1000','4','4','2022-05-29 16:57:02','2022-05-29 16:57:02',null);
INSERT INTO `role_purview_rel` (`role_purview_rel_id`, `role_id`, `purview_id`, `eff_date`, `exp_date`, `status`, `create_user`, `update_user`, `create_date`, `update_date`, `remark`) VALUES ('465','1','276','2022-05-30 22:38:53',null,'1000','4','4','2022-05-30 22:38:53','2022-05-30 22:38:53',null);
INSERT INTO `role_purview_rel` (`role_purview_rel_id`, `role_id`, `purview_id`, `eff_date`, `exp_date`, `status`, `create_user`, `update_user`, `create_date`, `update_date`, `remark`) VALUES ('466','1','277','2022-06-13 12:37:43',null,'1000','4','4','2022-06-13 12:37:43','2022-06-13 12:37:43',null);
INSERT INTO `role_purview_rel` (`role_purview_rel_id`, `role_id`, `purview_id`, `eff_date`, `exp_date`, `status`, `create_user`, `update_user`, `create_date`, `update_date`, `remark`) VALUES ('467','1','278','2022-06-15 21:25:05',null,'1000','4','4','2022-06-15 21:25:05','2022-06-15 21:25:05',null);
INSERT INTO `role_purview_rel` (`role_purview_rel_id`, `role_id`, `purview_id`, `eff_date`, `exp_date`, `status`, `create_user`, `update_user`, `create_date`, `update_date`, `remark`) VALUES ('468','1','279','2022-06-16 12:40:06',null,'1000','4','4','2022-06-16 12:40:06','2022-06-16 12:40:06',null);
INSERT INTO `role_purview_rel` (`role_purview_rel_id`, `role_id`, `purview_id`, `eff_date`, `exp_date`, `status`, `create_user`, `update_user`, `create_date`, `update_date`, `remark`) VALUES ('469','1','280','2022-06-16 20:47:13',null,'1000','4','4','2022-06-16 20:47:13','2022-06-16 20:47:13',null);
INSERT INTO `role_purview_rel` (`role_purview_rel_id`, `role_id`, `purview_id`, `eff_date`, `exp_date`, `status`, `create_user`, `update_user`, `create_date`, `update_date`, `remark`) VALUES ('470','1','281','2022-06-17 10:49:38',null,'1000','4','4','2022-06-17 10:49:38','2022-06-17 10:49:38',null);
INSERT INTO `role_purview_rel` (`role_purview_rel_id`, `role_id`, `purview_id`, `eff_date`, `exp_date`, `status`, `create_user`, `update_user`, `create_date`, `update_date`, `remark`) VALUES ('471','1','282','2022-06-18 14:56:16',null,'1000','4','4','2022-06-18 14:56:16','2022-06-18 14:56:16',null);
INSERT INTO `role_purview_rel` (`role_purview_rel_id`, `role_id`, `purview_id`, `eff_date`, `exp_date`, `status`, `create_user`, `update_user`, `create_date`, `update_date`, `remark`) VALUES ('472','1','283','2022-06-18 23:34:33',null,'1000','4','4','2022-06-18 23:34:33','2022-06-18 23:34:33',null);
INSERT INTO `role_purview_rel` (`role_purview_rel_id`, `role_id`, `purview_id`, `eff_date`, `exp_date`, `status`, `create_user`, `update_user`, `create_date`, `update_date`, `remark`) VALUES ('473','1','284','2022-06-24 19:30:35',null,'1000','4','4','2022-06-24 19:30:35','2022-06-24 19:30:35',null);
INSERT INTO `role_purview_rel` (`role_purview_rel_id`, `role_id`, `purview_id`, `eff_date`, `exp_date`, `status`, `create_user`, `update_user`, `create_date`, `update_date`, `remark`) VALUES ('474','1','285','2022-06-24 19:32:06',null,'1000','4','4','2022-06-24 19:32:06','2022-06-24 19:32:06',null);
INSERT INTO `role_purview_rel` (`role_purview_rel_id`, `role_id`, `purview_id`, `eff_date`, `exp_date`, `status`, `create_user`, `update_user`, `create_date`, `update_date`, `remark`) VALUES ('475','1','286','2022-06-29 18:44:16',null,'1000','4','4','2022-06-29 18:44:16','2022-06-29 18:44:16',null);
INSERT INTO `role_purview_rel` (`role_purview_rel_id`, `role_id`, `purview_id`, `eff_date`, `exp_date`, `status`, `create_user`, `update_user`, `create_date`, `update_date`, `remark`) VALUES ('476','1','287','2022-07-01 14:02:00',null,'1000','4','4','2022-07-01 14:02:00','2022-07-01 14:02:00',null);
INSERT INTO `role_purview_rel` (`role_purview_rel_id`, `role_id`, `purview_id`, `eff_date`, `exp_date`, `status`, `create_user`, `update_user`, `create_date`, `update_date`, `remark`) VALUES ('477','1','288','2022-07-01 22:22:05',null,'1000','4','4','2022-07-01 22:22:05','2022-07-01 22:22:05',null);
INSERT INTO `role_purview_rel` (`role_purview_rel_id`, `role_id`, `purview_id`, `eff_date`, `exp_date`, `status`, `create_user`, `update_user`, `create_date`, `update_date`, `remark`) VALUES ('479','1','289','2022-07-02 10:56:51',null,'1000','4','4','2022-07-02 10:56:51','2022-07-02 10:56:51',null);
INSERT INTO `role_purview_rel` (`role_purview_rel_id`, `role_id`, `purview_id`, `eff_date`, `exp_date`, `status`, `create_user`, `update_user`, `create_date`, `update_date`, `remark`) VALUES ('480','9','100','2022-07-10 10:27:34',null,'1000','4','4','2022-07-10 10:27:34','2022-07-10 10:27:34',null);
INSERT INTO `role_purview_rel` (`role_purview_rel_id`, `role_id`, `purview_id`, `eff_date`, `exp_date`, `status`, `create_user`, `update_user`, `create_date`, `update_date`, `remark`) VALUES ('482','9','111','2022-07-10 10:30:28',null,'1000','4','4','2022-07-10 10:30:28','2022-07-10 10:30:28',null);
INSERT INTO `role_purview_rel` (`role_purview_rel_id`, `role_id`, `purview_id`, `eff_date`, `exp_date`, `status`, `create_user`, `update_user`, `create_date`, `update_date`, `remark`) VALUES ('483','9','130','2022-07-10 10:30:28',null,'1000','4','4','2022-07-10 10:30:28','2022-07-10 10:30:28',null);
INSERT INTO `role_purview_rel` (`role_purview_rel_id`, `role_id`, `purview_id`, `eff_date`, `exp_date`, `status`, `create_user`, `update_user`, `create_date`, `update_date`, `remark`) VALUES ('484','9','115','2022-07-10 10:30:37',null,'1000','4','4','2022-07-10 10:30:37','2022-07-10 10:30:37',null);
INSERT INTO `role_purview_rel` (`role_purview_rel_id`, `role_id`, `purview_id`, `eff_date`, `exp_date`, `status`, `create_user`, `update_user`, `create_date`, `update_date`, `remark`) VALUES ('485','9','116','2022-07-10 10:30:37',null,'1000','4','4','2022-07-10 10:30:37','2022-07-10 10:30:37',null);
INSERT INTO `role_purview_rel` (`role_purview_rel_id`, `role_id`, `purview_id`, `eff_date`, `exp_date`, `status`, `create_user`, `update_user`, `create_date`, `update_date`, `remark`) VALUES ('486','9','230','2022-07-10 10:30:37',null,'1000','4','4','2022-07-10 10:30:37','2022-07-10 10:30:37',null);
INSERT INTO `role_purview_rel` (`role_purview_rel_id`, `role_id`, `purview_id`, `eff_date`, `exp_date`, `status`, `create_user`, `update_user`, `create_date`, `update_date`, `remark`) VALUES ('487','9','236','2022-07-10 10:30:37',null,'1000','4','4','2022-07-10 10:30:37','2022-07-10 10:30:37',null);
INSERT INTO `role_purview_rel` (`role_purview_rel_id`, `role_id`, `purview_id`, `eff_date`, `exp_date`, `status`, `create_user`, `update_user`, `create_date`, `update_date`, `remark`) VALUES ('488','9','268','2022-07-10 10:30:37',null,'1000','4','4','2022-07-10 10:30:37','2022-07-10 10:30:37',null);
INSERT INTO `role_purview_rel` (`role_purview_rel_id`, `role_id`, `purview_id`, `eff_date`, `exp_date`, `status`, `create_user`, `update_user`, `create_date`, `update_date`, `remark`) VALUES ('489','9','106','2022-07-10 10:30:52',null,'1000','4','4','2022-07-10 10:30:52','2022-07-10 10:30:52',null);
INSERT INTO `role_purview_rel` (`role_purview_rel_id`, `role_id`, `purview_id`, `eff_date`, `exp_date`, `status`, `create_user`, `update_user`, `create_date`, `update_date`, `remark`) VALUES ('490','9','280','2022-07-10 10:31:27',null,'1000','4','4','2022-07-10 10:31:27','2022-07-10 10:31:27',null);
INSERT INTO `role_purview_rel` (`role_purview_rel_id`, `role_id`, `purview_id`, `eff_date`, `exp_date`, `status`, `create_user`, `update_user`, `create_date`, `update_date`, `remark`) VALUES ('491','9','282','2022-07-10 10:31:27',null,'1000','4','4','2022-07-10 10:31:27','2022-07-10 10:31:27',null);
INSERT INTO `role_purview_rel` (`role_purview_rel_id`, `role_id`, `purview_id`, `eff_date`, `exp_date`, `status`, `create_user`, `update_user`, `create_date`, `update_date`, `remark`) VALUES ('492','9','283','2022-07-10 10:31:27',null,'1000','4','4','2022-07-10 10:31:27','2022-07-10 10:31:27',null);
INSERT INTO `role_purview_rel` (`role_purview_rel_id`, `role_id`, `purview_id`, `eff_date`, `exp_date`, `status`, `create_user`, `update_user`, `create_date`, `update_date`, `remark`) VALUES ('493','9','285','2022-07-10 10:31:27',null,'1000','4','4','2022-07-10 10:31:27','2022-07-10 10:31:27',null);
INSERT INTO `role_purview_rel` (`role_purview_rel_id`, `role_id`, `purview_id`, `eff_date`, `exp_date`, `status`, `create_user`, `update_user`, `create_date`, `update_date`, `remark`) VALUES ('494','9','286','2022-07-10 10:31:27',null,'1000','4','4','2022-07-10 10:31:27','2022-07-10 10:31:27',null);
INSERT INTO `role_purview_rel` (`role_purview_rel_id`, `role_id`, `purview_id`, `eff_date`, `exp_date`, `status`, `create_user`, `update_user`, `create_date`, `update_date`, `remark`) VALUES ('497','9','277','2022-07-10 10:31:33',null,'1000','4','4','2022-07-10 10:31:33','2022-07-10 10:31:33',null);
INSERT INTO `role_purview_rel` (`role_purview_rel_id`, `role_id`, `purview_id`, `eff_date`, `exp_date`, `status`, `create_user`, `update_user`, `create_date`, `update_date`, `remark`) VALUES ('498','9','278','2022-07-10 10:31:33',null,'1000','4','4','2022-07-10 10:31:33','2022-07-10 10:31:33',null);
INSERT INTO `role_purview_rel` (`role_purview_rel_id`, `role_id`, `purview_id`, `eff_date`, `exp_date`, `status`, `create_user`, `update_user`, `create_date`, `update_date`, `remark`) VALUES ('499','9','279','2022-07-10 10:31:33',null,'1000','4','4','2022-07-10 10:31:33','2022-07-10 10:31:33',null);
INSERT INTO `role_purview_rel` (`role_purview_rel_id`, `role_id`, `purview_id`, `eff_date`, `exp_date`, `status`, `create_user`, `update_user`, `create_date`, `update_date`, `remark`) VALUES ('500','9','287','2022-07-10 10:31:35',null,'1000','4','4','2022-07-10 10:31:35','2022-07-10 10:31:35',null);
INSERT INTO `role_purview_rel` (`role_purview_rel_id`, `role_id`, `purview_id`, `eff_date`, `exp_date`, `status`, `create_user`, `update_user`, `create_date`, `update_date`, `remark`) VALUES ('501','9','288','2022-07-10 10:31:35',null,'1000','4','4','2022-07-10 10:31:35','2022-07-10 10:31:35',null);
INSERT INTO `role_purview_rel` (`role_purview_rel_id`, `role_id`, `purview_id`, `eff_date`, `exp_date`, `status`, `create_user`, `update_user`, `create_date`, `update_date`, `remark`) VALUES ('502','9','289','2022-07-10 10:31:35',null,'1000','4','4','2022-07-10 10:31:35','2022-07-10 10:31:35',null);
INSERT INTO `role_purview_rel` (`role_purview_rel_id`, `role_id`, `purview_id`, `eff_date`, `exp_date`, `status`, `create_user`, `update_user`, `create_date`, `update_date`, `remark`) VALUES ('503','9','128','2022-07-10 10:31:53',null,'1000','4','4','2022-07-10 10:31:53','2022-07-10 10:31:53',null);
INSERT INTO `role_purview_rel` (`role_purview_rel_id`, `role_id`, `purview_id`, `eff_date`, `exp_date`, `status`, `create_user`, `update_user`, `create_date`, `update_date`, `remark`) VALUES ('504','9','4','2022-07-10 10:32:05',null,'1000','4','4','2022-07-10 10:32:05','2022-07-10 10:32:05',null);
INSERT INTO `role_purview_rel` (`role_purview_rel_id`, `role_id`, `purview_id`, `eff_date`, `exp_date`, `status`, `create_user`, `update_user`, `create_date`, `update_date`, `remark`) VALUES ('505','9','5','2022-07-10 10:32:05',null,'1000','4','4','2022-07-10 10:32:05','2022-07-10 10:32:05',null);
INSERT INTO `role_purview_rel` (`role_purview_rel_id`, `role_id`, `purview_id`, `eff_date`, `exp_date`, `status`, `create_user`, `update_user`, `create_date`, `update_date`, `remark`) VALUES ('507','9','29','2022-07-10 10:32:05',null,'1000','4','4','2022-07-10 10:32:05','2022-07-10 10:32:05',null);
INSERT INTO `role_purview_rel` (`role_purview_rel_id`, `role_id`, `purview_id`, `eff_date`, `exp_date`, `status`, `create_user`, `update_user`, `create_date`, `update_date`, `remark`) VALUES ('508','9','30','2022-07-10 10:32:05',null,'1000','4','4','2022-07-10 10:32:05','2022-07-10 10:32:05',null);
INSERT INTO `role_purview_rel` (`role_purview_rel_id`, `role_id`, `purview_id`, `eff_date`, `exp_date`, `status`, `create_user`, `update_user`, `create_date`, `update_date`, `remark`) VALUES ('509','9','98','2022-07-10 10:32:06',null,'1000','4','4','2022-07-10 10:32:06','2022-07-10 10:32:06',null);
INSERT INTO `role_purview_rel` (`role_purview_rel_id`, `role_id`, `purview_id`, `eff_date`, `exp_date`, `status`, `create_user`, `update_user`, `create_date`, `update_date`, `remark`) VALUES ('512','9','118','2022-07-10 10:32:06',null,'1000','4','4','2022-07-10 10:32:06','2022-07-10 10:32:06',null);
INSERT INTO `role_purview_rel` (`role_purview_rel_id`, `role_id`, `purview_id`, `eff_date`, `exp_date`, `status`, `create_user`, `update_user`, `create_date`, `update_date`, `remark`) VALUES ('513','9','122','2022-07-10 10:32:06',null,'1000','4','4','2022-07-10 10:32:06','2022-07-10 10:32:06',null);
INSERT INTO `role_purview_rel` (`role_purview_rel_id`, `role_id`, `purview_id`, `eff_date`, `exp_date`, `status`, `create_user`, `update_user`, `create_date`, `update_date`, `remark`) VALUES ('514','9','123','2022-07-10 10:32:07',null,'1000','4','4','2022-07-10 10:32:07','2022-07-10 10:32:07',null);
INSERT INTO `role_purview_rel` (`role_purview_rel_id`, `role_id`, `purview_id`, `eff_date`, `exp_date`, `status`, `create_user`, `update_user`, `create_date`, `update_date`, `remark`) VALUES ('515','9','131','2022-07-10 10:32:07',null,'1000','4','4','2022-07-10 10:32:07','2022-07-10 10:32:07',null);
INSERT INTO `role_purview_rel` (`role_purview_rel_id`, `role_id`, `purview_id`, `eff_date`, `exp_date`, `status`, `create_user`, `update_user`, `create_date`, `update_date`, `remark`) VALUES ('516','9','272','2022-07-10 10:32:07',null,'1000','4','4','2022-07-10 10:32:07','2022-07-10 10:32:07',null);
INSERT INTO `role_purview_rel` (`role_purview_rel_id`, `role_id`, `purview_id`, `eff_date`, `exp_date`, `status`, `create_user`, `update_user`, `create_date`, `update_date`, `remark`) VALUES ('517','9','273','2022-07-10 10:32:07',null,'1000','4','4','2022-07-10 10:32:07','2022-07-10 10:32:07',null);
INSERT INTO `role_purview_rel` (`role_purview_rel_id`, `role_id`, `purview_id`, `eff_date`, `exp_date`, `status`, `create_user`, `update_user`, `create_date`, `update_date`, `remark`) VALUES ('518','9','274','2022-07-10 10:32:07',null,'1000','4','4','2022-07-10 10:32:07','2022-07-10 10:32:07',null);
INSERT INTO `role_purview_rel` (`role_purview_rel_id`, `role_id`, `purview_id`, `eff_date`, `exp_date`, `status`, `create_user`, `update_user`, `create_date`, `update_date`, `remark`) VALUES ('519','9','275','2022-07-10 10:32:08',null,'1000','4','4','2022-07-10 10:32:08','2022-07-10 10:32:08',null);
INSERT INTO `role_purview_rel` (`role_purview_rel_id`, `role_id`, `purview_id`, `eff_date`, `exp_date`, `status`, `create_user`, `update_user`, `create_date`, `update_date`, `remark`) VALUES ('520','9','276','2022-07-10 10:32:08',null,'1000','4','4','2022-07-10 10:32:08','2022-07-10 10:32:08',null);
INSERT INTO `role_purview_rel` (`role_purview_rel_id`, `role_id`, `purview_id`, `eff_date`, `exp_date`, `status`, `create_user`, `update_user`, `create_date`, `update_date`, `remark`) VALUES ('521','9','3','2022-07-10 10:32:18',null,'1000','4','4','2022-07-10 10:32:18','2022-07-10 10:32:18',null);
INSERT INTO `role_purview_rel` (`role_purview_rel_id`, `role_id`, `purview_id`, `eff_date`, `exp_date`, `status`, `create_user`, `update_user`, `create_date`, `update_date`, `remark`) VALUES ('522','9','7','2022-07-10 10:32:20',null,'1000','4','4','2022-07-10 10:32:20','2022-07-10 10:32:20',null);
INSERT INTO `role_purview_rel` (`role_purview_rel_id`, `role_id`, `purview_id`, `eff_date`, `exp_date`, `status`, `create_user`, `update_user`, `create_date`, `update_date`, `remark`) VALUES ('523','9','8','2022-07-10 10:32:21',null,'1000','4','4','2022-07-10 10:32:21','2022-07-10 10:32:21',null);
INSERT INTO `role_purview_rel` (`role_purview_rel_id`, `role_id`, `purview_id`, `eff_date`, `exp_date`, `status`, `create_user`, `update_user`, `create_date`, `update_date`, `remark`) VALUES ('524','1','290','2022-07-16 11:51:37',null,'1000','4','4','2022-07-16 11:51:37','2022-07-16 11:51:37',null);
INSERT INTO `role_purview_rel` (`role_purview_rel_id`, `role_id`, `purview_id`, `eff_date`, `exp_date`, `status`, `create_user`, `update_user`, `create_date`, `update_date`, `remark`) VALUES ('525','1','291','2022-07-19 12:24:36',null,'1000','4','4','2022-07-19 12:24:36','2022-07-19 12:24:36',null);
INSERT INTO `role_purview_rel` (`role_purview_rel_id`, `role_id`, `purview_id`, `eff_date`, `exp_date`, `status`, `create_user`, `update_user`, `create_date`, `update_date`, `remark`) VALUES ('526','1','429','2022-07-24 12:03:45',null,'1000','4','4','2022-07-24 12:03:45','2022-07-24 12:03:45',null);
INSERT INTO `role_purview_rel` (`role_purview_rel_id`, `role_id`, `purview_id`, `eff_date`, `exp_date`, `status`, `create_user`, `update_user`, `create_date`, `update_date`, `remark`) VALUES ('527','1','430','2022-07-24 13:38:06',null,'1000','4','4','2022-07-24 13:38:06','2022-07-24 13:38:06',null);
INSERT INTO `role_purview_rel` (`role_purview_rel_id`, `role_id`, `purview_id`, `eff_date`, `exp_date`, `status`, `create_user`, `update_user`, `create_date`, `update_date`, `remark`) VALUES ('528','1','431','2022-07-28 12:31:03',null,'1000','4','4','2022-07-28 12:31:03','2022-07-28 12:31:03',null);
INSERT INTO `role_purview_rel` (`role_purview_rel_id`, `role_id`, `purview_id`, `eff_date`, `exp_date`, `status`, `create_user`, `update_user`, `create_date`, `update_date`, `remark`) VALUES ('529','1','432','2022-07-29 12:39:33',null,'1000','4','4','2022-07-29 12:39:33','2022-07-29 12:39:33',null);
INSERT INTO `role_purview_rel` (`role_purview_rel_id`, `role_id`, `purview_id`, `eff_date`, `exp_date`, `status`, `create_user`, `update_user`, `create_date`, `update_date`, `remark`) VALUES ('530','1','433','2022-07-30 22:05:53',null,'1000','4','4','2022-07-30 22:05:53','2022-07-30 22:05:53',null);
INSERT INTO `role_purview_rel` (`role_purview_rel_id`, `role_id`, `purview_id`, `eff_date`, `exp_date`, `status`, `create_user`, `update_user`, `create_date`, `update_date`, `remark`) VALUES ('531','1','434','2022-07-30 22:18:21',null,'1000','4','4','2022-07-30 22:18:21','2022-07-30 22:18:21',null);
INSERT INTO `role_purview_rel` (`role_purview_rel_id`, `role_id`, `purview_id`, `eff_date`, `exp_date`, `status`, `create_user`, `update_user`, `create_date`, `update_date`, `remark`) VALUES ('532','1','435','2022-07-30 22:20:44',null,'1000','4','4','2022-07-30 22:20:44','2022-07-30 22:20:44',null);
INSERT INTO `role_purview_rel` (`role_purview_rel_id`, `role_id`, `purview_id`, `eff_date`, `exp_date`, `status`, `create_user`, `update_user`, `create_date`, `update_date`, `remark`) VALUES ('533','1','436','2022-07-31 09:31:49',null,'1000','4','4','2022-07-31 09:31:49','2022-07-31 09:31:49',null);
INSERT INTO `role_purview_rel` (`role_purview_rel_id`, `role_id`, `purview_id`, `eff_date`, `exp_date`, `status`, `create_user`, `update_user`, `create_date`, `update_date`, `remark`) VALUES ('535','9','436','2022-08-05 20:51:38',null,'1000','4','4','2022-08-05 20:51:38','2022-08-05 20:51:38',null);
INSERT INTO `role_purview_rel` (`role_purview_rel_id`, `role_id`, `purview_id`, `eff_date`, `exp_date`, `status`, `create_user`, `update_user`, `create_date`, `update_date`, `remark`) VALUES ('536','1','438','2022-08-06 20:41:00',null,'1000','4','4','2022-08-06 20:41:00','2022-08-06 20:41:00',null);
INSERT INTO `role_purview_rel` (`role_purview_rel_id`, `role_id`, `purview_id`, `eff_date`, `exp_date`, `status`, `create_user`, `update_user`, `create_date`, `update_date`, `remark`) VALUES ('537','2','438','2022-08-06 20:41:52',null,'1000','4','4','2022-08-06 20:41:52','2022-08-06 20:41:52',null);
INSERT INTO `role_purview_rel` (`role_purview_rel_id`, `role_id`, `purview_id`, `eff_date`, `exp_date`, `status`, `create_user`, `update_user`, `create_date`, `update_date`, `remark`) VALUES ('538','7','438','2022-08-06 20:41:53',null,'1000','4','4','2022-08-06 20:41:53','2022-08-06 20:41:53',null);
INSERT INTO `role_purview_rel` (`role_purview_rel_id`, `role_id`, `purview_id`, `eff_date`, `exp_date`, `status`, `create_user`, `update_user`, `create_date`, `update_date`, `remark`) VALUES ('539','8','438','2022-08-06 20:41:54',null,'1000','4','4','2022-08-06 20:41:54','2022-08-06 20:41:54',null);
INSERT INTO `role_purview_rel` (`role_purview_rel_id`, `role_id`, `purview_id`, `eff_date`, `exp_date`, `status`, `create_user`, `update_user`, `create_date`, `update_date`, `remark`) VALUES ('540','9','438','2022-08-06 20:41:56',null,'1000','4','4','2022-08-06 20:41:56','2022-08-06 20:41:56',null);
INSERT INTO `role_purview_rel` (`role_purview_rel_id`, `role_id`, `purview_id`, `eff_date`, `exp_date`, `status`, `create_user`, `update_user`, `create_date`, `update_date`, `remark`) VALUES ('541','2','433','2022-08-06 20:42:18',null,'1000','4','4','2022-08-06 20:42:18','2022-08-06 20:42:18',null);
INSERT INTO `role_purview_rel` (`role_purview_rel_id`, `role_id`, `purview_id`, `eff_date`, `exp_date`, `status`, `create_user`, `update_user`, `create_date`, `update_date`, `remark`) VALUES ('542','8','433','2022-08-06 20:42:20',null,'1000','4','4','2022-08-06 20:42:20','2022-08-06 20:42:20',null);
INSERT INTO `role_purview_rel` (`role_purview_rel_id`, `role_id`, `purview_id`, `eff_date`, `exp_date`, `status`, `create_user`, `update_user`, `create_date`, `update_date`, `remark`) VALUES ('543','7','433','2022-08-06 20:42:22',null,'1000','4','4','2022-08-06 20:42:22','2022-08-06 20:42:22',null);
INSERT INTO `role_purview_rel` (`role_purview_rel_id`, `role_id`, `purview_id`, `eff_date`, `exp_date`, `status`, `create_user`, `update_user`, `create_date`, `update_date`, `remark`) VALUES ('548','1','437','2022-08-06 22:45:19',null,'1000','4','4','2022-08-06 22:45:19','2022-08-06 22:45:19',null);
INSERT INTO `role_purview_rel` (`role_purview_rel_id`, `role_id`, `purview_id`, `eff_date`, `exp_date`, `status`, `create_user`, `update_user`, `create_date`, `update_date`, `remark`) VALUES ('554','1','439','2022-08-06 22:55:40',null,'1000','4','4','2022-08-06 22:55:40','2022-08-06 22:55:40',null);
INSERT INTO `role_purview_rel` (`role_purview_rel_id`, `role_id`, `purview_id`, `eff_date`, `exp_date`, `status`, `create_user`, `update_user`, `create_date`, `update_date`, `remark`) VALUES ('555','1','440','2022-08-06 23:02:21',null,'1000','4','4','2022-08-06 23:02:21','2022-08-06 23:02:21',null);
INSERT INTO `role_purview_rel` (`role_purview_rel_id`, `role_id`, `purview_id`, `eff_date`, `exp_date`, `status`, `create_user`, `update_user`, `create_date`, `update_date`, `remark`) VALUES ('556','1','441','2022-08-07 14:46:04',null,'1000','4','4','2022-08-07 14:46:04','2022-08-07 14:46:04',null);
INSERT INTO `role_purview_rel` (`role_purview_rel_id`, `role_id`, `purview_id`, `eff_date`, `exp_date`, `status`, `create_user`, `update_user`, `create_date`, `update_date`, `remark`) VALUES ('558','1','443','2022-08-07 14:51:04',null,'1000','4','4','2022-08-07 14:51:04','2022-08-07 14:51:04',null);
INSERT INTO `role_purview_rel` (`role_purview_rel_id`, `role_id`, `purview_id`, `eff_date`, `exp_date`, `status`, `create_user`, `update_user`, `create_date`, `update_date`, `remark`) VALUES ('560','1','444','2022-08-11 13:33:54',null,'1000','4','4','2022-08-11 13:33:54','2022-08-11 13:33:54',null);
INSERT INTO `role_purview_rel` (`role_purview_rel_id`, `role_id`, `purview_id`, `eff_date`, `exp_date`, `status`, `create_user`, `update_user`, `create_date`, `update_date`, `remark`) VALUES ('561','1','442','2022-08-11 13:34:05',null,'1000','4','4','2022-08-11 13:34:05','2022-08-11 13:34:05',null);
INSERT INTO `role_purview_rel` (`role_purview_rel_id`, `role_id`, `purview_id`, `eff_date`, `exp_date`, `status`, `create_user`, `update_user`, `create_date`, `update_date`, `remark`) VALUES ('562','1','445','2022-08-11 22:25:41',null,'1000','4','4','2022-08-11 22:25:41','2022-08-11 22:25:41',null);
INSERT INTO `role_purview_rel` (`role_purview_rel_id`, `role_id`, `purview_id`, `eff_date`, `exp_date`, `status`, `create_user`, `update_user`, `create_date`, `update_date`, `remark`) VALUES ('563','9','101','2022-08-13 18:48:52',null,'1000','4','4','2022-08-13 18:48:52','2022-08-13 18:48:52',null);
INSERT INTO `role_purview_rel` (`role_purview_rel_id`, `role_id`, `purview_id`, `eff_date`, `exp_date`, `status`, `create_user`, `update_user`, `create_date`, `update_date`, `remark`) VALUES ('564','9','14','2022-08-13 18:50:18',null,'1000','4','4','2022-08-13 18:50:18','2022-08-13 18:50:18',null);
INSERT INTO `role_purview_rel` (`role_purview_rel_id`, `role_id`, `purview_id`, `eff_date`, `exp_date`, `status`, `create_user`, `update_user`, `create_date`, `update_date`, `remark`) VALUES ('565','9','24','2022-08-13 18:50:22',null,'1000','4','4','2022-08-13 18:50:22','2022-08-13 18:50:22',null);
INSERT INTO `role_purview_rel` (`role_purview_rel_id`, `role_id`, `purview_id`, `eff_date`, `exp_date`, `status`, `create_user`, `update_user`, `create_date`, `update_date`, `remark`) VALUES ('566','9','26','2022-08-13 18:50:23',null,'1000','4','4','2022-08-13 18:50:23','2022-08-13 18:50:23',null);
INSERT INTO `role_purview_rel` (`role_purview_rel_id`, `role_id`, `purview_id`, `eff_date`, `exp_date`, `status`, `create_user`, `update_user`, `create_date`, `update_date`, `remark`) VALUES ('567','9','25','2022-08-13 18:50:24',null,'1000','4','4','2022-08-13 18:50:24','2022-08-13 18:50:24',null);
INSERT INTO `role_purview_rel` (`role_purview_rel_id`, `role_id`, `purview_id`, `eff_date`, `exp_date`, `status`, `create_user`, `update_user`, `create_date`, `update_date`, `remark`) VALUES ('568','9','231','2022-08-13 18:50:25',null,'1000','4','4','2022-08-13 18:50:25','2022-08-13 18:50:25',null);
INSERT INTO `role_purview_rel` (`role_purview_rel_id`, `role_id`, `purview_id`, `eff_date`, `exp_date`, `status`, `create_user`, `update_user`, `create_date`, `update_date`, `remark`) VALUES ('569','9','441','2022-08-13 18:51:06',null,'1000','4','4','2022-08-13 18:51:06','2022-08-13 18:51:06',null);
INSERT INTO `role_purview_rel` (`role_purview_rel_id`, `role_id`, `purview_id`, `eff_date`, `exp_date`, `status`, `create_user`, `update_user`, `create_date`, `update_date`, `remark`) VALUES ('570','9','442','2022-08-13 18:51:06',null,'1000','4','4','2022-08-13 18:51:06','2022-08-13 18:51:06',null);
INSERT INTO `role_purview_rel` (`role_purview_rel_id`, `role_id`, `purview_id`, `eff_date`, `exp_date`, `status`, `create_user`, `update_user`, `create_date`, `update_date`, `remark`) VALUES ('571','9','445','2022-08-13 18:51:06',null,'1000','4','4','2022-08-13 18:51:06','2022-08-13 18:51:06',null);
INSERT INTO `role_purview_rel` (`role_purview_rel_id`, `role_id`, `purview_id`, `eff_date`, `exp_date`, `status`, `create_user`, `update_user`, `create_date`, `update_date`, `remark`) VALUES ('572','9','444','2022-08-13 18:51:16',null,'1000','4','4','2022-08-13 18:51:16','2022-08-13 18:51:16',null);
INSERT INTO `role_purview_rel` (`role_purview_rel_id`, `role_id`, `purview_id`, `eff_date`, `exp_date`, `status`, `create_user`, `update_user`, `create_date`, `update_date`, `remark`) VALUES ('573','9','269','2022-08-13 18:51:19',null,'1000','4','4','2022-08-13 18:51:19','2022-08-13 18:51:19',null);
INSERT INTO `role_purview_rel` (`role_purview_rel_id`, `role_id`, `purview_id`, `eff_date`, `exp_date`, `status`, `create_user`, `update_user`, `create_date`, `update_date`, `remark`) VALUES ('574','9','270','2022-08-13 18:51:51',null,'1000','4','4','2022-08-13 18:51:51','2022-08-13 18:51:51',null);
INSERT INTO `role_purview_rel` (`role_purview_rel_id`, `role_id`, `purview_id`, `eff_date`, `exp_date`, `status`, `create_user`, `update_user`, `create_date`, `update_date`, `remark`) VALUES ('575','9','271','2022-08-13 18:51:52',null,'1000','4','4','2022-08-13 18:51:52','2022-08-13 18:51:52',null);
INSERT INTO `role_purview_rel` (`role_purview_rel_id`, `role_id`, `purview_id`, `eff_date`, `exp_date`, `status`, `create_user`, `update_user`, `create_date`, `update_date`, `remark`) VALUES ('576','9','431','2022-08-13 18:52:51',null,'1000','4','4','2022-08-13 18:52:51','2022-08-13 18:52:51',null);
INSERT INTO `role_purview_rel` (`role_purview_rel_id`, `role_id`, `purview_id`, `eff_date`, `exp_date`, `status`, `create_user`, `update_user`, `create_date`, `update_date`, `remark`) VALUES ('577','9','432','2022-08-13 18:52:53',null,'1000','4','4','2022-08-13 18:52:53','2022-08-13 18:52:53',null);
INSERT INTO `role_purview_rel` (`role_purview_rel_id`, `role_id`, `purview_id`, `eff_date`, `exp_date`, `status`, `create_user`, `update_user`, `create_date`, `update_date`, `remark`) VALUES ('578','9','196','2022-08-13 18:53:49',null,'1000','4','4','2022-08-13 18:53:49','2022-08-13 18:53:49',null);
INSERT INTO `role_purview_rel` (`role_purview_rel_id`, `role_id`, `purview_id`, `eff_date`, `exp_date`, `status`, `create_user`, `update_user`, `create_date`, `update_date`, `remark`) VALUES ('579','9','121','2022-08-13 18:53:51',null,'1000','4','4','2022-08-13 18:53:51','2022-08-13 18:53:51',null);
INSERT INTO `role_purview_rel` (`role_purview_rel_id`, `role_id`, `purview_id`, `eff_date`, `exp_date`, `status`, `create_user`, `update_user`, `create_date`, `update_date`, `remark`) VALUES ('580','9','439','2022-08-13 18:54:16',null,'1000','4','4','2022-08-13 18:54:16','2022-08-13 18:54:16',null);
INSERT INTO `role_purview_rel` (`role_purview_rel_id`, `role_id`, `purview_id`, `eff_date`, `exp_date`, `status`, `create_user`, `update_user`, `create_date`, `update_date`, `remark`) VALUES ('581','9','440','2022-08-13 18:54:17',null,'1000','4','4','2022-08-13 18:54:17','2022-08-13 18:54:17',null);

INSERT INTO `route` (`route_id`, `route_name`, `route_app_id`, `service_id`, `url`, `type`, `prefix`, `path`, `strip_prefix`, `retryable`, `sensitive_headers`, `is_public`, `public_prefix`, `status`, `version`, `custom_sensitive_headers`, `create_user`, `update_user`, `create_date`, `update_date`, `remark`) VALUES ('19','测试服务1','8','eureka-client-demo',null,null,null,'/demo1/**','1','0',null,null,null,'1300','1.0','0','4',null,'2022-03-22 21:12:38','2022-08-12 23:04:28',null);
INSERT INTO `route` (`route_id`, `route_name`, `route_app_id`, `service_id`, `url`, `type`, `prefix`, `path`, `strip_prefix`, `retryable`, `sensitive_headers`, `is_public`, `public_prefix`, `status`, `version`, `custom_sensitive_headers`, `create_user`, `update_user`, `create_date`, `update_date`, `remark`) VALUES ('21','测试服务2','8',null,'http://127.0.0.1:10002',null,null,'/api/demo2/**','1','0',null,null,null,'1300',null,'0','4',null,'2022-03-22 21:12:38','2022-08-12 23:04:29',null);
INSERT INTO `route` (`route_id`, `route_name`, `route_app_id`, `service_id`, `url`, `type`, `prefix`, `path`, `strip_prefix`, `retryable`, `sensitive_headers`, `is_public`, `public_prefix`, `status`, `version`, `custom_sensitive_headers`, `create_user`, `update_user`, `create_date`, `update_date`, `remark`) VALUES ('22','用户中心(勿删)','5','sim-auth-server',null,null,null,'/api/auth/**','1','0',null,null,null,'1000',null,'1','4',null,'2022-03-22 21:12:38','2022-08-05 20:47:10',null);
INSERT INTO `route` (`route_id`, `route_name`, `route_app_id`, `service_id`, `url`, `type`, `prefix`, `path`, `strip_prefix`, `retryable`, `sensitive_headers`, `is_public`, `public_prefix`, `status`, `version`, `custom_sensitive_headers`, `create_user`, `update_user`, `create_date`, `update_date`, `remark`) VALUES ('23','网关服务(勿删)','5','sim-gateway-server',null,null,null,'/api/gateway/**','1','0',null,'1','gateway','1000',null,'1','4',null,'2022-03-22 21:12:38','2022-08-13 14:02:39',null);
INSERT INTO `route` (`route_id`, `route_name`, `route_app_id`, `service_id`, `url`, `type`, `prefix`, `path`, `strip_prefix`, `retryable`, `sensitive_headers`, `is_public`, `public_prefix`, `status`, `version`, `custom_sensitive_headers`, `create_user`, `update_user`, `create_date`, `update_date`, `remark`) VALUES ('24','测试服务2(对外)','5','eureka-client-demo','',null,null,'/service/demo2/**','1','0',null,null,null,'1300','1.0','0','4',null,'2022-03-22 21:12:38','2022-08-12 23:04:12',null);
INSERT INTO `route` (`route_id`, `route_name`, `route_app_id`, `service_id`, `url`, `type`, `prefix`, `path`, `strip_prefix`, `retryable`, `sensitive_headers`, `is_public`, `public_prefix`, `status`, `version`, `custom_sensitive_headers`, `create_user`, `update_user`, `create_date`, `update_date`, `remark`) VALUES ('25','用户服务(对外)','5',null,'http://127.0.0.1:8011',null,null,'/service/user/**','1','0',null,null,null,'1300',null,'0','4',null,'2022-03-22 21:12:38','2022-08-12 23:04:10',null);
INSERT INTO `route` (`route_id`, `route_name`, `route_app_id`, `service_id`, `url`, `type`, `prefix`, `path`, `strip_prefix`, `retryable`, `sensitive_headers`, `is_public`, `public_prefix`, `status`, `version`, `custom_sensitive_headers`, `create_user`, `update_user`, `create_date`, `update_date`, `remark`) VALUES ('27','测试','8','test','http://127.0.0.1:8010',null,null,'/service/test/**','1','0',null,null,null,'1300',null,'0','4',null,'2022-03-22 21:12:39','2022-08-12 23:04:21',null);
INSERT INTO `route` (`route_id`, `route_name`, `route_app_id`, `service_id`, `url`, `type`, `prefix`, `path`, `strip_prefix`, `retryable`, `sensitive_headers`, `is_public`, `public_prefix`, `status`, `version`, `custom_sensitive_headers`, `create_user`, `update_user`, `create_date`, `update_date`, `remark`) VALUES ('28','demo2','8',null,'http://127.0.0.1:10002',null,null,'/demo2/**','1','0',null,null,null,'1300',null,'0','4',null,'2022-03-22 21:12:39','2022-08-12 23:02:31',null);
INSERT INTO `route` (`route_id`, `route_name`, `route_app_id`, `service_id`, `url`, `type`, `prefix`, `path`, `strip_prefix`, `retryable`, `sensitive_headers`, `is_public`, `public_prefix`, `status`, `version`, `custom_sensitive_headers`, `create_user`, `update_user`, `create_date`, `update_date`, `remark`) VALUES ('29','模拟api','7',null,'http://127.0.0.1:8020',null,null,'/api/sim-api/**','1','0',null,null,null,'1000',null,'1','4',null,'2022-03-22 21:12:39','2022-08-05 20:47:10',null);
INSERT INTO `route` (`route_id`, `route_name`, `route_app_id`, `service_id`, `url`, `type`, `prefix`, `path`, `strip_prefix`, `retryable`, `sensitive_headers`, `is_public`, `public_prefix`, `status`, `version`, `custom_sensitive_headers`, `create_user`, `update_user`, `create_date`, `update_date`, `remark`) VALUES ('30','系统管理服务','5',null,'http://127.0.0.1:8012',null,null,'/api/system/**','1','0',null,null,null,'1000',null,'1','4',null,'2022-03-22 21:12:39','2022-08-10 22:46:19',null);
INSERT INTO `route` (`route_id`, `route_name`, `route_app_id`, `service_id`, `url`, `type`, `prefix`, `path`, `strip_prefix`, `retryable`, `sensitive_headers`, `is_public`, `public_prefix`, `status`, `version`, `custom_sensitive_headers`, `create_user`, `update_user`, `create_date`, `update_date`, `remark`) VALUES ('31','数据库工具服务','7',null,'http://127.0.0.1:8022',null,null,'/api/db-util/**','1','0',null,null,null,'1000',null,'1','4',null,'2022-03-22 21:12:39','2022-08-05 13:44:44',null);
INSERT INTO `route` (`route_id`, `route_name`, `route_app_id`, `service_id`, `url`, `type`, `prefix`, `path`, `strip_prefix`, `retryable`, `sensitive_headers`, `is_public`, `public_prefix`, `status`, `version`, `custom_sensitive_headers`, `create_user`, `update_user`, `create_date`, `update_date`, `remark`) VALUES ('32','sim-framework集成服务(勿删)','5',null,'http://127.0.0.1:8080',null,null,'/api/sfb/**','1','0',null,null,null,'1000',null,'1','4',null,'2022-03-22 21:12:38','2022-08-05 13:44:44',null);
INSERT INTO `route` (`route_id`, `route_name`, `route_app_id`, `service_id`, `url`, `type`, `prefix`, `path`, `strip_prefix`, `retryable`, `sensitive_headers`, `is_public`, `public_prefix`, `status`, `version`, `custom_sensitive_headers`, `create_user`, `update_user`, `create_date`, `update_date`, `remark`) VALUES ('33','接口文档服务(勿删)','6','sim-api',null,null,null,'/api/document/api/**','1','0',null,null,null,'1000',null,'1','4',null,'2022-06-16 12:28:47','2022-08-05 13:44:25',null);
INSERT INTO `route` (`route_id`, `route_name`, `route_app_id`, `service_id`, `url`, `type`, `prefix`, `path`, `strip_prefix`, `retryable`, `sensitive_headers`, `is_public`, `public_prefix`, `status`, `version`, `custom_sensitive_headers`, `create_user`, `update_user`, `create_date`, `update_date`, `remark`) VALUES ('34','redis可视化服务','7',null,'http://127.0.0.1:8001',null,null,'/api/cache-service/**','1','0',null,null,null,'1000',null,'0','4',null,'2022-07-24 12:08:33','2022-08-05 20:47:10',null);
INSERT INTO `route` (`route_id`, `route_name`, `route_app_id`, `service_id`, `url`, `type`, `prefix`, `path`, `strip_prefix`, `retryable`, `sensitive_headers`, `is_public`, `public_prefix`, `status`, `version`, `custom_sensitive_headers`, `create_user`, `update_user`, `create_date`, `update_date`, `remark`) VALUES ('39','ce','14',null,'http://whois.pconline.com.cn/ipJson.jsp',null,null,'/city/**','1','0',null,null,null,'1000',null,'1','4',null,'2022-08-10 11:53:35','2022-08-10 12:26:23',null);
INSERT INTO `route` (`route_id`, `route_name`, `route_app_id`, `service_id`, `url`, `type`, `prefix`, `path`, `strip_prefix`, `retryable`, `sensitive_headers`, `is_public`, `public_prefix`, `status`, `version`, `custom_sensitive_headers`, `create_user`, `update_user`, `create_date`, `update_date`, `remark`) VALUES ('40','开放服务','5','sim-open',null,null,null,'/api/open/**','1','0',null,'1','/service/open','1000','2.0','1','4',null,'2022-08-11 12:47:53','2022-08-13 18:39:53',null);

INSERT INTO `route_app` (`route_app_id`, `app_name`, `status`, `create_user`, `update_user`, `create_date`, `update_date`, `remark`) VALUES ('5','平台基础服务','1000','4','4','2022-07-31 22:29:07','2022-08-09 20:56:27',null);
INSERT INTO `route_app` (`route_app_id`, `app_name`, `status`, `create_user`, `update_user`, `create_date`, `update_date`, `remark`) VALUES ('6','文档中心','1000','4','4','2022-07-31 22:29:37','2022-08-02 12:27:14',null);
INSERT INTO `route_app` (`route_app_id`, `app_name`, `status`, `create_user`, `update_user`, `create_date`, `update_date`, `remark`) VALUES ('7','工具类服务','1000','4','4','2022-07-31 22:31:06','2022-08-02 12:31:50',null);
INSERT INTO `route_app` (`route_app_id`, `app_name`, `status`, `create_user`, `update_user`, `create_date`, `update_date`, `remark`) VALUES ('8','测试类应用','1000','4','4','2022-07-31 22:31:10','2022-08-02 12:33:06',null);
INSERT INTO `route_app` (`route_app_id`, `app_name`, `status`, `create_user`, `update_user`, `create_date`, `update_date`, `remark`) VALUES ('14','测试','1000','73','4','2022-08-05 20:51:53','2022-08-09 21:29:23',null);

INSERT INTO `route_gray` (`route_gray_id`, `route_id`, `group_id`, `gray_route_name`, `service_id`, `service_instances`, `path`, `main_version`, `gray_version`, `rule_type`, `weight`, `headers`, `params`, `cookies`, `status`, `create_user`, `update_user`, `create_date`, `update_date`, `remark`) VALUES ('1','24','-1','灰度路由_测试服务1','eureka-client-demo','LAPTOP-0SR6LHF1:eureka-client-demo:10003','/service/demo2/**','1.0','1.1','WEIGHT_MATCH','90.0',null,null,null,'1400','4',null,'2022-03-16 21:33:06','2022-08-05 20:47:17',null);
INSERT INTO `route_gray` (`route_gray_id`, `route_id`, `group_id`, `gray_route_name`, `service_id`, `service_instances`, `path`, `main_version`, `gray_version`, `rule_type`, `weight`, `headers`, `params`, `cookies`, `status`, `create_user`, `update_user`, `create_date`, `update_date`, `remark`) VALUES ('8','24','-1','测试服务2(对外)','eureka-client-demo','LAPTOP-0SR6LHF1:eureka-client-demo:10002,LAPTOP-0SR6LHF1:eureka-client-demo:10003','/service/demo2/**','1.0','1.3','PARAM_MATCH','3.0','{"gray":"1"}','{"aaa":"123"}','{"a":"123"}','1400','4',null,'2022-03-28 21:58:45','2022-08-05 20:47:17',null);
INSERT INTO `route_gray` (`route_gray_id`, `route_id`, `group_id`, `gray_route_name`, `service_id`, `service_instances`, `path`, `main_version`, `gray_version`, `rule_type`, `weight`, `headers`, `params`, `cookies`, `status`, `create_user`, `update_user`, `create_date`, `update_date`, `remark`) VALUES ('10','24','-1','测试服务2(对外)','eureka-client-demo','LAPTOP-0SR6LHF1:eureka-client-demo:10002,LAPTOP-0SR6LHF1:eureka-client-demo:10003','/service/demo2/**','1.0','1.3','PARAM_MATCH','3.0','{"gray":"1"}','{"aaa":"123"}','{"a":"123"}','1200','4',null,'2022-04-13 15:22:22','2022-08-05 20:47:17',null);
INSERT INTO `route_gray` (`route_gray_id`, `route_id`, `group_id`, `gray_route_name`, `service_id`, `service_instances`, `path`, `main_version`, `gray_version`, `rule_type`, `weight`, `headers`, `params`, `cookies`, `status`, `create_user`, `update_user`, `create_date`, `update_date`, `remark`) VALUES ('11','24','-1','测试服务2(对外)','eureka-client-demo','LAPTOP-0SR6LHF1:eureka-client-demo:10002,LAPTOP-0SR6LHF1:eureka-client-demo:10003','/service/demo2/**','1.0','1.3','PARAM_MATCH','3.0','{"gray":"1"}','{"aaa":"123"}','{"a":"123"}','1200','4',null,'2022-04-13 15:25:54','2022-08-05 20:47:17',null);
INSERT INTO `route_gray` (`route_gray_id`, `route_id`, `group_id`, `gray_route_name`, `service_id`, `service_instances`, `path`, `main_version`, `gray_version`, `rule_type`, `weight`, `headers`, `params`, `cookies`, `status`, `create_user`, `update_user`, `create_date`, `update_date`, `remark`) VALUES ('12','24','-1','测试服务2(对外)','eureka-client-demo','LAPTOP-0SR6LHF1:eureka-client-demo:10002,LAPTOP-0SR6LHF1:eureka-client-demo:10003','/service/demo2/**','1.0','1.3','PARAM_MATCH','3.0','{"gray":"1"}','{"aaa":"123"}','{"a":"123"}','1200','4',null,'2022-04-13 15:26:00','2022-08-05 20:47:17',null);
INSERT INTO `route_gray` (`route_gray_id`, `route_id`, `group_id`, `gray_route_name`, `service_id`, `service_instances`, `path`, `main_version`, `gray_version`, `rule_type`, `weight`, `headers`, `params`, `cookies`, `status`, `create_user`, `update_user`, `create_date`, `update_date`, `remark`) VALUES ('13','40','-1','开放服务','sim-open','host.docker.internal:sim-open:8013','/api/open/**','1.0','2.0','WEIGHT_MATCH','50.0','{"null":null}','{"null":null}','{"null":null}','1400','4','4','2022-08-13 17:52:13','2022-08-13 18:03:32',null);

INSERT INTO `route_metrics` (`route_metrics_id`, `route_id`, `metrics_name`, `all_count`, `success_count`, `error_count`, `mean_rate`, `mean_time`, `min_time`, `max_time`, `m1_rate`, `m5_rate`, `m15_rate`, `p75_less_time`, `p95_less_time`, `p99_less_time`, `p999_less_time`, `create_date`) VALUES ('1','22','ROUTE.TIME_AND_RATE.22','0','11','2','0.03601978578581207','209.09292122686662','100','300','0.02356633617435816','0.14419670837287635','0.27980661323912054','300','300','300','300','2021-11-01 22:03:12');
INSERT INTO `route_metrics` (`route_metrics_id`, `route_id`, `metrics_name`, `all_count`, `success_count`, `error_count`, `mean_rate`, `mean_time`, `min_time`, `max_time`, `m1_rate`, `m5_rate`, `m15_rate`, `p75_less_time`, `p95_less_time`, `p99_less_time`, `p999_less_time`, `create_date`) VALUES ('2','-1','GATEWAY.TIME_AND_RATE.-1','0','11','12','0.045439333784451086','518.5843144185106','300','5600','0.023898723463959087','0.10760124521333427','0.24715026201579862','600','900','900','1300','2021-11-01 22:03:12');
INSERT INTO `route_metrics` (`route_metrics_id`, `route_id`, `metrics_name`, `all_count`, `success_count`, `error_count`, `mean_rate`, `mean_time`, `min_time`, `max_time`, `m1_rate`, `m5_rate`, `m15_rate`, `p75_less_time`, `p95_less_time`, `p99_less_time`, `p999_less_time`, `create_date`) VALUES ('3','21','ROUTE.TIME_AND_RATE.21','0','0','10','0.019756128145437594','334.87511728590533','100','1700','0.0009868583616956382','0.08384037237792806','0.2354660506438824','300','400','1700','1700','2021-11-01 22:03:12');
INSERT INTO `route_metrics` (`route_metrics_id`, `route_id`, `metrics_name`, `all_count`, `success_count`, `error_count`, `mean_rate`, `mean_time`, `min_time`, `max_time`, `m1_rate`, `m5_rate`, `m15_rate`, `p75_less_time`, `p95_less_time`, `p99_less_time`, `p999_less_time`, `create_date`) VALUES ('4','22','ROUTE.TIME_AND_RATE.22','0','164','2','0.05223481791313974','167.7144870521387','100','500','0.004610389521447014','0.056734336469469716','0.06218466392887141','200','300','400','400','2021-11-01 22:54:41');
INSERT INTO `route_metrics` (`route_metrics_id`, `route_id`, `metrics_name`, `all_count`, `success_count`, `error_count`, `mean_rate`, `mean_time`, `min_time`, `max_time`, `m1_rate`, `m5_rate`, `m15_rate`, `p75_less_time`, `p95_less_time`, `p99_less_time`, `p999_less_time`, `create_date`) VALUES ('5','23','ROUTE.TIME_AND_RATE.23','0','36','0','0.012996249051298864','189.63795157526334','100','900','0.0016779018674738947','0.01528552202133482','0.03340521652980369','200','900','900','900','2021-11-01 22:54:41');
INSERT INTO `route_metrics` (`route_metrics_id`, `route_id`, `metrics_name`, `all_count`, `success_count`, `error_count`, `mean_rate`, `mean_time`, `min_time`, `max_time`, `m1_rate`, `m5_rate`, `m15_rate`, `p75_less_time`, `p95_less_time`, `p99_less_time`, `p999_less_time`, `create_date`) VALUES ('6','-1','GATEWAY.TIME_AND_RATE.-1','0','205','36','0.07442643468938508','464.69167325020913','100','4700','0.006416817992484397','0.0722070688658491','0.07884436373165853','500','1200','1400','1400','2021-11-01 22:54:41');
INSERT INTO `route_metrics` (`route_metrics_id`, `route_id`, `metrics_name`, `all_count`, `success_count`, `error_count`, `mean_rate`, `mean_time`, `min_time`, `max_time`, `m1_rate`, `m5_rate`, `m15_rate`, `p75_less_time`, `p95_less_time`, `p99_less_time`, `p999_less_time`, `create_date`) VALUES ('7','21','ROUTE.TIME_AND_RATE.21','0','5','34','0.010053438981411587','186.9331234179826','100','700','1.6157441112342012e-19','0.000026649175057835512','0.009763567397416066','200','300','300','700','2021-11-01 22:54:41');

INSERT INTO `route_rate_limit_policy` (`route_rate_limit_policy_id`, `route_id`, `limit`, `quota`, `refresh_interval`, `match_type`, `break_on_match`, `limit_scope`, `matcher`, `description`, `status`, `create_user`, `update_user`, `create_date`, `update_date`, `remark`) VALUES ('8','23','2',null,'5','USER','0','special',null,null,'1200','4','4','2022-07-15 23:22:13','2022-07-17 15:59:14',null);
INSERT INTO `route_rate_limit_policy` (`route_rate_limit_policy_id`, `route_id`, `limit`, `quota`, `refresh_interval`, `match_type`, `break_on_match`, `limit_scope`, `matcher`, `description`, `status`, `create_user`, `update_user`, `create_date`, `update_date`, `remark`) VALUES ('9','23','2',null,'10','URL','0','special',null,null,'1200','4','4','2022-07-15 23:22:35','2022-07-17 16:05:44',null);
INSERT INTO `route_rate_limit_policy` (`route_rate_limit_policy_id`, `route_id`, `limit`, `quota`, `refresh_interval`, `match_type`, `break_on_match`, `limit_scope`, `matcher`, `description`, `status`, `create_user`, `update_user`, `create_date`, `update_date`, `remark`) VALUES ('13','23','1',null,'5','URL_PATTERN','0','special','/api/gateway/rateLimit/{routeRateLimitPolicyId}',null,'1000','4','4','2022-07-16 13:27:18','2022-07-17 16:01:30',null);
INSERT INTO `route_rate_limit_policy` (`route_rate_limit_policy_id`, `route_id`, `limit`, `quota`, `refresh_interval`, `match_type`, `break_on_match`, `limit_scope`, `matcher`, `description`, `status`, `create_user`, `update_user`, `create_date`, `update_date`, `remark`) VALUES ('14','23','1',null,'5','URL','0','special','/rateLimit',null,'1200','4','4','2022-07-16 15:53:27','2022-07-17 15:33:05',null);
INSERT INTO `route_rate_limit_policy` (`route_rate_limit_policy_id`, `route_id`, `limit`, `quota`, `refresh_interval`, `match_type`, `break_on_match`, `limit_scope`, `matcher`, `description`, `status`, `create_user`, `update_user`, `create_date`, `update_date`, `remark`) VALUES ('15','32','1',null,'1','ORIGIN','0','global',null,null,'1200','4','4','2022-07-17 16:10:15','2022-07-17 16:10:15',null);
INSERT INTO `route_rate_limit_policy` (`route_rate_limit_policy_id`, `route_id`, `limit`, `quota`, `refresh_interval`, `match_type`, `break_on_match`, `limit_scope`, `matcher`, `description`, `status`, `create_user`, `update_user`, `create_date`, `update_date`, `remark`) VALUES ('16','23','1',null,'3','HTTPMETHOD','0','special','GET',null,'1200','4','4','2022-08-06 14:46:07','2022-08-06 14:46:33',null);
INSERT INTO `route_rate_limit_policy` (`route_rate_limit_policy_id`, `route_id`, `limit`, `quota`, `refresh_interval`, `match_type`, `break_on_match`, `limit_scope`, `matcher`, `description`, `status`, `create_user`, `update_user`, `create_date`, `update_date`, `remark`) VALUES ('17','39','2',null,'5','HTTPMETHOD','0','global',null,null,'1000','4','4','2022-08-10 12:28:18','2022-08-10 12:28:23',null);



INSERT INTO `service` (`service_id`, `route_id`, `service_group_id`, `type`, `name`, `url`, `description`, `status`, `create_user`, `update_user`, `create_date`, `update_date`, `remark`, `enable_monitor`) VALUES ('1',null,'1','2000','测试外部服务','/service/test/baidu',null,'1000',null,null,'2021-12-23 15:10:27','2022-08-06 22:17:54',null,'0');
INSERT INTO `service` (`service_id`, `route_id`, `service_group_id`, `type`, `name`, `url`, `description`, `status`, `create_user`, `update_user`, `create_date`, `update_date`, `remark`, `enable_monitor`) VALUES ('2','34','1','1000','内部服务','/service/demo2/appName',null,'1000',null,'4','2021-12-23 15:12:15','2022-08-06 22:17:54',null,'0');
INSERT INTO `service` (`service_id`, `route_id`, `service_group_id`, `type`, `name`, `url`, `description`, `status`, `create_user`, `update_user`, `create_date`, `update_date`, `remark`, `enable_monitor`) VALUES ('3',null,'1','1000','内部服务','/service/test/test',null,'1000',null,null,'2021-12-23 15:12:15','2022-08-06 22:17:54',null,'0');
INSERT INTO `service` (`service_id`, `route_id`, `service_group_id`, `type`, `name`, `url`, `description`, `status`, `create_user`, `update_user`, `create_date`, `update_date`, `remark`, `enable_monitor`) VALUES ('4','32','1','1000','qeeqw','/qqq123',null,'1000','4','4','2022-07-28 13:39:34','2022-08-12 12:16:53',null,'0');
INSERT INTO `service` (`service_id`, `route_id`, `service_group_id`, `type`, `name`, `url`, `description`, `status`, `create_user`, `update_user`, `create_date`, `update_date`, `remark`, `enable_monitor`) VALUES ('5','25',null,'1000','获取token','/user/oauth/token','获取token','1000','4','4','2022-08-06 23:25:18','2022-08-12 12:36:52',null,'0');
INSERT INTO `service` (`service_id`, `route_id`, `service_group_id`, `type`, `name`, `url`, `description`, `status`, `create_user`, `update_user`, `create_date`, `update_date`, `remark`, `enable_monitor`) VALUES ('6','38',null,'1000','12311','/21313','312321312312321312','1000','4','4','2022-08-12 12:29:13','2022-08-12 12:36:42',null,'0');
INSERT INTO `service` (`service_id`, `route_id`, `service_group_id`, `type`, `name`, `url`, `description`, `status`, `create_user`, `update_user`, `create_date`, `update_date`, `remark`, `enable_monitor`) VALUES ('7','23',null,'1000','查询路由列表','/service/gateway/route','查询路由列表','1000','4','4','2022-08-12 22:54:28','2022-08-13 15:25:47',null,'0');
INSERT INTO `service` (`service_id`, `route_id`, `service_group_id`, `type`, `name`, `url`, `description`, `status`, `create_user`, `update_user`, `create_date`, `update_date`, `remark`, `enable_monitor`) VALUES ('8','40',null,'1000','查询应用实例','/service/open/app-inst',null,'1000','4','4','2022-08-13 15:43:58','2022-08-13 15:44:00',null,'0');
INSERT INTO `service` (`service_id`, `route_id`, `service_group_id`, `type`, `name`, `url`, `description`, `status`, `create_user`, `update_user`, `create_date`, `update_date`, `remark`, `enable_monitor`) VALUES ('9','43',null,'1000','aaaaa','/service/4test',null,'1200','4','4','2022-08-13 17:50:22','2022-08-13 17:51:06',null,'0');
INSERT INTO `service` (`service_id`, `route_id`, `service_group_id`, `type`, `name`, `url`, `description`, `status`, `create_user`, `update_user`, `create_date`, `update_date`, `remark`, `enable_monitor`) VALUES ('10','40',null,'1000','查询应用实例','/service/openapp-inst','查询应用实例','1200','73','73','2022-08-13 21:37:41','2022-08-13 21:37:41',null,'0');


INSERT INTO `service_purview` (`service_purview_id`, `service_id`, `object_type`, `object_id`, `eff_date`, `exp_date`, `status`, `create_user`, `update_user`, `create_date`, `update_date`, `remark`) VALUES ('3','1','','4',null,null,'1000',null,null,'2022-01-06 13:12:47','2022-01-06 14:37:01',null);
INSERT INTO `service_purview` (`service_purview_id`, `service_id`, `object_type`, `object_id`, `eff_date`, `exp_date`, `status`, `create_user`, `update_user`, `create_date`, `update_date`, `remark`) VALUES ('13','2','','65','2022-01-06 18:00:00',null,'1000',null,null,'2022-01-06 18:00:00',null,null);
INSERT INTO `service_purview` (`service_purview_id`, `service_id`, `object_type`, `object_id`, `eff_date`, `exp_date`, `status`, `create_user`, `update_user`, `create_date`, `update_date`, `remark`) VALUES ('14','1','','65','2022-02-21 17:03:19',null,'1000',null,null,'2022-02-21 17:03:19',null,null);
INSERT INTO `service_purview` (`service_purview_id`, `service_id`, `object_type`, `object_id`, `eff_date`, `exp_date`, `status`, `create_user`, `update_user`, `create_date`, `update_date`, `remark`) VALUES ('15','3','','65','2022-03-29 20:54:31',null,'1000',null,null,'2022-03-29 20:54:31',null,null);
INSERT INTO `service_purview` (`service_purview_id`, `service_id`, `object_type`, `object_id`, `eff_date`, `exp_date`, `status`, `create_user`, `update_user`, `create_date`, `update_date`, `remark`) VALUES ('49','1','app','16','2022-08-12 10:34:58',null,'1000','4','4','2022-08-12 10:34:58','2022-08-12 10:34:58',null);
INSERT INTO `service_purview` (`service_purview_id`, `service_id`, `object_type`, `object_id`, `eff_date`, `exp_date`, `status`, `create_user`, `update_user`, `create_date`, `update_date`, `remark`) VALUES ('50','2','app','16','2022-08-12 10:34:58',null,'1000','4','4','2022-08-12 10:34:58','2022-08-12 10:34:58',null);
INSERT INTO `service_purview` (`service_purview_id`, `service_id`, `object_type`, `object_id`, `eff_date`, `exp_date`, `status`, `create_user`, `update_user`, `create_date`, `update_date`, `remark`) VALUES ('51','3','app','16','2022-08-12 10:34:58',null,'1000','4','4','2022-08-12 10:34:58','2022-08-12 10:34:58',null);
INSERT INTO `service_purview` (`service_purview_id`, `service_id`, `object_type`, `object_id`, `eff_date`, `exp_date`, `status`, `create_user`, `update_user`, `create_date`, `update_date`, `remark`) VALUES ('59','1','app','18','2022-08-12 15:37:32',null,'1000','4','4','2022-08-12 15:37:32','2022-08-12 15:37:32',null);
INSERT INTO `service_purview` (`service_purview_id`, `service_id`, `object_type`, `object_id`, `eff_date`, `exp_date`, `status`, `create_user`, `update_user`, `create_date`, `update_date`, `remark`) VALUES ('60','2','app','18','2022-08-12 15:37:32',null,'1000','4','4','2022-08-12 15:37:32','2022-08-12 15:37:32',null);
INSERT INTO `service_purview` (`service_purview_id`, `service_id`, `object_type`, `object_id`, `eff_date`, `exp_date`, `status`, `create_user`, `update_user`, `create_date`, `update_date`, `remark`) VALUES ('61','3','app','18','2022-08-12 15:37:32',null,'1000','4','4','2022-08-12 15:37:32','2022-08-12 15:37:32',null);
INSERT INTO `service_purview` (`service_purview_id`, `service_id`, `object_type`, `object_id`, `eff_date`, `exp_date`, `status`, `create_user`, `update_user`, `create_date`, `update_date`, `remark`) VALUES ('62','4','app','18','2022-08-12 15:37:32',null,'1000','4','4','2022-08-12 15:37:32','2022-08-12 15:37:32',null);
INSERT INTO `service_purview` (`service_purview_id`, `service_id`, `object_type`, `object_id`, `eff_date`, `exp_date`, `status`, `create_user`, `update_user`, `create_date`, `update_date`, `remark`) VALUES ('63','5','app','18','2022-08-12 15:37:32',null,'1000','4','4','2022-08-12 15:37:32','2022-08-12 15:37:32',null);
INSERT INTO `service_purview` (`service_purview_id`, `service_id`, `object_type`, `object_id`, `eff_date`, `exp_date`, `status`, `create_user`, `update_user`, `create_date`, `update_date`, `remark`) VALUES ('64','6','app','18','2022-08-12 15:37:32',null,'1000','4','4','2022-08-12 15:37:32','2022-08-12 15:37:32',null);
INSERT INTO `service_purview` (`service_purview_id`, `service_id`, `object_type`, `object_id`, `eff_date`, `exp_date`, `status`, `create_user`, `update_user`, `create_date`, `update_date`, `remark`) VALUES ('68','8','app','15','2022-08-13 15:46:15',null,'1000','4','4','2022-08-13 15:46:15','2022-08-13 15:46:15',null);
INSERT INTO `service_purview` (`service_purview_id`, `service_id`, `object_type`, `object_id`, `eff_date`, `exp_date`, `status`, `create_user`, `update_user`, `create_date`, `update_date`, `remark`) VALUES ('69','7','app','15','2022-08-13 16:57:57',null,'1000','4','4','2022-08-13 16:57:57','2022-08-13 16:57:57',null);
INSERT INTO `service_purview` (`service_purview_id`, `service_id`, `object_type`, `object_id`, `eff_date`, `exp_date`, `status`, `create_user`, `update_user`, `create_date`, `update_date`, `remark`) VALUES ('70','7','app','19','2022-08-13 21:41:25',null,'1000','73','73','2022-08-13 21:41:25','2022-08-13 21:41:25',null);
INSERT INTO `service_purview` (`service_purview_id`, `service_id`, `object_type`, `object_id`, `eff_date`, `exp_date`, `status`, `create_user`, `update_user`, `create_date`, `update_date`, `remark`) VALUES ('71','8','app','19','2022-08-13 21:41:26',null,'1000','73','73','2022-08-13 21:41:26','2022-08-13 21:41:26',null);



INSERT INTO `sys_dic_code` (`dic_code`, `dic_code_name`, `description`, `create_date`, `is_show`) VALUES ('API_STATUS','API状态',null,'2022-06-15 22:05:34','0');
INSERT INTO `sys_dic_code` (`dic_code`, `dic_code_name`, `description`, `create_date`, `is_show`) VALUES ('COMMON_STATUS','通用状态',null,'2022-05-28 00:36:32','0');
INSERT INTO `sys_dic_code` (`dic_code`, `dic_code_name`, `description`, `create_date`, `is_show`) VALUES ('DATASOURCE_TYPE','数据源类型',null,'2022-03-09 04:18:37','0');
INSERT INTO `sys_dic_code` (`dic_code`, `dic_code_name`, `description`, `create_date`, `is_show`) VALUES ('DATA_TYPE','数据类型',null,'2022-05-17 12:21:31','0');
INSERT INTO `sys_dic_code` (`dic_code`, `dic_code_name`, `description`, `create_date`, `is_show`) VALUES ('LB_RULE_TYPE','负载规则类型',null,'2022-03-24 14:29:04','0');
INSERT INTO `sys_dic_code` (`dic_code`, `dic_code_name`, `description`, `create_date`, `is_show`) VALUES ('OPEN_SERVICE_TYPE','开放服务类型',null,'2022-08-06 16:33:13','0');
INSERT INTO `sys_dic_code` (`dic_code`, `dic_code_name`, `description`, `create_date`, `is_show`) VALUES ('ORG_TYPE','机构类型',null,'2022-05-26 12:28:30','0');
INSERT INTO `sys_dic_code` (`dic_code`, `dic_code_name`, `description`, `create_date`, `is_show`) VALUES ('PURVIEW_TYPE','权限类型',null,'2022-07-23 09:42:52','0');
INSERT INTO `sys_dic_code` (`dic_code`, `dic_code_name`, `description`, `create_date`, `is_show`) VALUES ('RATE_LIMIT_SCOPE','流控作用范围',null,'2022-07-15 23:04:07','0');
INSERT INTO `sys_dic_code` (`dic_code`, `dic_code_name`, `description`, `create_date`, `is_show`) VALUES ('ROLE_STATUS','角色状态',null,'2022-02-22 16:00:11','0');
INSERT INTO `sys_dic_code` (`dic_code`, `dic_code_name`, `description`, `create_date`, `is_show`) VALUES ('ROUTE_STATUS','路由状态',null,'2022-08-06 14:47:41','0');
INSERT INTO `sys_dic_code` (`dic_code`, `dic_code_name`, `description`, `create_date`, `is_show`) VALUES ('USER_STATUS','用户状态',null,'2022-02-22 16:00:11','0');
INSERT INTO `sys_dic_code` (`dic_code`, `dic_code_name`, `description`, `create_date`, `is_show`) VALUES ('USER_TYPE','用户类型',null,'2022-02-22 16:00:11','0');
INSERT INTO `sys_dic_code` (`dic_code`, `dic_code_name`, `description`, `create_date`, `is_show`) VALUES ('YES_NO','是否',null,'2022-05-17 12:31:51','0');

INSERT INTO `sys_dic_item` (`item_code`, `item_text`, `item_value`, `dic_code`, `description`, `create_date`, `status`) VALUES ('1000','普通用户',null,'USER_TYPE',null,'2022-02-23 07:59:34','1000');
INSERT INTO `sys_dic_item` (`item_code`, `item_text`, `item_value`, `dic_code`, `description`, `create_date`, `status`) VALUES ('1000','正常',null,'USER_STATUS',null,'2022-02-23 07:59:34','1000');
INSERT INTO `sys_dic_item` (`item_code`, `item_text`, `item_value`, `dic_code`, `description`, `create_date`, `status`) VALUES ('1100','已删除',null,'USER_STATUS',null,'2022-02-23 07:59:34','1000');
INSERT INTO `sys_dic_item` (`item_code`, `item_text`, `item_value`, `dic_code`, `description`, `create_date`, `status`) VALUES ('1200','未生效',null,'USER_STATUS',null,'2022-02-23 07:59:34','1000');
INSERT INTO `sys_dic_item` (`item_code`, `item_text`, `item_value`, `dic_code`, `description`, `create_date`, `status`) VALUES ('1900','已冻结',null,'USER_STATUS',null,'2022-02-23 07:59:34','1000');
INSERT INTO `sys_dic_item` (`item_code`, `item_text`, `item_value`, `dic_code`, `description`, `create_date`, `status`) VALUES ('-1','超级管理员',null,'USER_TYPE',null,'2022-02-23 07:59:34','1000');
INSERT INTO `sys_dic_item` (`item_code`, `item_text`, `item_value`, `dic_code`, `description`, `create_date`, `status`) VALUES ('1300','已停用',null,'USER_STATUS',null,'2022-02-23 07:59:34','1000');
INSERT INTO `sys_dic_item` (`item_code`, `item_text`, `item_value`, `dic_code`, `description`, `create_date`, `status`) VALUES ('2000','管理员',null,'USER_TYPE',null,'2022-02-23 07:59:34','1000');
INSERT INTO `sys_dic_item` (`item_code`, `item_text`, `item_value`, `dic_code`, `description`, `create_date`, `status`) VALUES ('3000','开发者',null,'USER_TYPE',null,'2022-02-23 07:59:34','1000');
INSERT INTO `sys_dic_item` (`item_code`, `item_text`, `item_value`, `dic_code`, `description`, `create_date`, `status`) VALUES ('1000','有效',null,'ROLE_STATUS',null,'2022-02-23 07:59:34','1000');
INSERT INTO `sys_dic_item` (`item_code`, `item_text`, `item_value`, `dic_code`, `description`, `create_date`, `status`) VALUES ('1200','未生效',null,'ROLE_STATUS',null,'2022-02-23 07:59:34','1000');
INSERT INTO `sys_dic_item` (`item_code`, `item_text`, `item_value`, `dic_code`, `description`, `create_date`, `status`) VALUES ('1100','已删除',null,'ROLE_STATUS',null,'2022-02-23 07:59:34','1000');
INSERT INTO `sys_dic_item` (`item_code`, `item_text`, `item_value`, `dic_code`, `description`, `create_date`, `status`) VALUES ('mysql','Mysql',null,'DATASOURCE_TYPE',null,'2022-03-09 04:19:40','1000');
INSERT INTO `sys_dic_item` (`item_code`, `item_text`, `item_value`, `dic_code`, `description`, `create_date`, `status`) VALUES ('oracle','Oracle',null,'DATASOURCE_TYPE',null,'2022-03-09 04:19:42','1000');
INSERT INTO `sys_dic_item` (`item_code`, `item_text`, `item_value`, `dic_code`, `description`, `create_date`, `status`) VALUES ('WEIGHT_MATCH','按权重匹配',null,'LB_RULE_TYPE',null,'2022-03-24 14:37:15','1000');
INSERT INTO `sys_dic_item` (`item_code`, `item_text`, `item_value`, `dic_code`, `description`, `create_date`, `status`) VALUES ('HEADER_MATCH','按Header匹配',null,'LB_RULE_TYPE',null,'2022-03-24 14:37:15','1000');
INSERT INTO `sys_dic_item` (`item_code`, `item_text`, `item_value`, `dic_code`, `description`, `create_date`, `status`) VALUES ('COOKIE_MATCH','按Cookie匹配',null,'LB_RULE_TYPE',null,'2022-03-24 14:37:15','1000');
INSERT INTO `sys_dic_item` (`item_code`, `item_text`, `item_value`, `dic_code`, `description`, `create_date`, `status`) VALUES ('PARAM_MATCH','按URL参数匹配',null,'LB_RULE_TYPE',null,'2022-03-24 14:37:15','1000');
INSERT INTO `sys_dic_item` (`item_code`, `item_text`, `item_value`, `dic_code`, `description`, `create_date`, `status`) VALUES ('bool','bool类型',null,'DATA_TYPE',null,'2022-05-17 12:24:13','1000');
INSERT INTO `sys_dic_item` (`item_code`, `item_text`, `item_value`, `dic_code`, `description`, `create_date`, `status`) VALUES ('int','整数',null,'DATA_TYPE',null,'2022-05-17 12:24:13','1000');
INSERT INTO `sys_dic_item` (`item_code`, `item_text`, `item_value`, `dic_code`, `description`, `create_date`, `status`) VALUES ('long','大整数',null,'DATA_TYPE',null,'2022-05-17 12:24:13','1000');
INSERT INTO `sys_dic_item` (`item_code`, `item_text`, `item_value`, `dic_code`, `description`, `create_date`, `status`) VALUES ('float','浮点数',null,'DATA_TYPE',null,'2022-05-17 12:24:13','1000');
INSERT INTO `sys_dic_item` (`item_code`, `item_text`, `item_value`, `dic_code`, `description`, `create_date`, `status`) VALUES ('double','双精度浮点数',null,'DATA_TYPE',null,'2022-05-17 12:24:13','1000');
INSERT INTO `sys_dic_item` (`item_code`, `item_text`, `item_value`, `dic_code`, `description`, `create_date`, `status`) VALUES ('string','字符串',null,'DATA_TYPE',null,'2022-05-17 12:24:13','1000');
INSERT INTO `sys_dic_item` (`item_code`, `item_text`, `item_value`, `dic_code`, `description`, `create_date`, `status`) VALUES ('date','日期',null,'DATA_TYPE',null,'2022-05-17 12:24:13','1000');
INSERT INTO `sys_dic_item` (`item_code`, `item_text`, `item_value`, `dic_code`, `description`, `create_date`, `status`) VALUES ('datetime','日期时间',null,'DATA_TYPE',null,'2022-05-17 12:24:13','1000');
INSERT INTO `sys_dic_item` (`item_code`, `item_text`, `item_value`, `dic_code`, `description`, `create_date`, `status`) VALUES ('Y','是',null,'YES_NO',null,'2022-05-17 12:31:42','1000');
INSERT INTO `sys_dic_item` (`item_code`, `item_text`, `item_value`, `dic_code`, `description`, `create_date`, `status`) VALUES ('N','否',null,'YES_NO',null,'2022-05-17 12:31:42','1000');
INSERT INTO `sys_dic_item` (`item_code`, `item_text`, `item_value`, `dic_code`, `description`, `create_date`, `status`) VALUES ('-1','默认机构',null,'ORG_TYPE',null,'2022-05-26 12:28:59','1000');
INSERT INTO `sys_dic_item` (`item_code`, `item_text`, `item_value`, `dic_code`, `description`, `create_date`, `status`) VALUES ('1100','已删除',null,'COMMON_STATUS',null,'2022-05-28 00:37:29','1000');
INSERT INTO `sys_dic_item` (`item_code`, `item_text`, `item_value`, `dic_code`, `description`, `create_date`, `status`) VALUES ('1000','有效',null,'COMMON_STATUS',null,'2022-05-28 00:37:29','1000');
INSERT INTO `sys_dic_item` (`item_code`, `item_text`, `item_value`, `dic_code`, `description`, `create_date`, `status`) VALUES ('1200','未生效',null,'COMMON_STATUS',null,'2022-05-28 00:37:29','1000');
INSERT INTO `sys_dic_item` (`item_code`, `item_text`, `item_value`, `dic_code`, `description`, `create_date`, `status`) VALUES ('1000','系统机构',null,'ORG_TYPE',null,'2022-05-28 13:00:38','1000');
INSERT INTO `sys_dic_item` (`item_code`, `item_text`, `item_value`, `dic_code`, `description`, `create_date`, `status`) VALUES ('1200','开发中',null,'API_STATUS',null,'2022-06-15 22:06:28','1000');
INSERT INTO `sys_dic_item` (`item_code`, `item_text`, `item_value`, `dic_code`, `description`, `create_date`, `status`) VALUES ('1000','已完成',null,'API_STATUS',null,'2022-06-15 22:06:28','1000');
INSERT INTO `sys_dic_item` (`item_code`, `item_text`, `item_value`, `dic_code`, `description`, `create_date`, `status`) VALUES ('global','当前路由',null,'RATE_LIMIT_SCOPE',null,'2022-07-15 23:06:15','1000');
INSERT INTO `sys_dic_item` (`item_code`, `item_text`, `item_value`, `dic_code`, `description`, `create_date`, `status`) VALUES ('special','特定对象',null,'RATE_LIMIT_SCOPE',null,'2022-07-15 23:06:16','1000');
INSERT INTO `sys_dic_item` (`item_code`, `item_text`, `item_value`, `dic_code`, `description`, `create_date`, `status`) VALUES ('1','菜单',null,'PURVIEW_TYPE',null,'2022-07-23 09:43:27','1000');
INSERT INTO `sys_dic_item` (`item_code`, `item_text`, `item_value`, `dic_code`, `description`, `create_date`, `status`) VALUES ('2','接口',null,'PURVIEW_TYPE',null,'2022-07-23 09:43:27','1000');
INSERT INTO `sys_dic_item` (`item_code`, `item_text`, `item_value`, `dic_code`, `description`, `create_date`, `status`) VALUES ('3','页面元素',null,'PURVIEW_TYPE',null,'2022-07-23 09:43:27','1000');
INSERT INTO `sys_dic_item` (`item_code`, `item_text`, `item_value`, `dic_code`, `description`, `create_date`, `status`) VALUES ('1000','内部服务',null,'OPEN_SERVICE_TYPE',null,'2022-08-06 16:33:44','1000');
INSERT INTO `sys_dic_item` (`item_code`, `item_text`, `item_value`, `dic_code`, `description`, `create_date`, `status`) VALUES ('2000','外部服务',null,'OPEN_SERVICE_TYPE',null,'2022-08-06 16:33:44','1000');

INSERT INTO sys_config (`config_id`, `key`, `value`, `application`, `profile`, `label`, `version`, `remark`) VALUES ('1','name','aaaaaaa','sim-system','jdbc','master','1.0',null);
INSERT INTO sys_config (`config_id`, `key`, `value`, `application`, `profile`, `label`, `version`, `remark`) VALUES ('2','age','123','sim-system','jdbc','master','1.0',null);
INSERT INTO sys_config (`config_id`, `key`, `value`, `application`, `profile`, `label`, `version`, `remark`) VALUES ('3','name2','happy123','eureka-client-demo','default','master',null,null);

INSERT INTO `user` (`user_id`, `open_id`, `user_name`, `user_type`, `password`, `phone`, `email`, `device_id`, `eff_date`, `exp_date`, `not_update`, `secret_key`, `avatar`, `source`, `description`, `status`, `create_user`, `update_user`, `create_date`, `update_date`, `remark`) VALUES ('4',null,'admin','-1','e3297d459eab4e4cb0495b6ed9bda390f9795ee098f3151271f6330d24daa657','18327850692',null,null,null,null,'1',null,null,'00',null,'1000','1','1','2021-02-24 08:32:43','2022-05-28 19:53:59','超级管理员不允许修改或删除');
INSERT INTO `user` (`user_id`, `open_id`, `user_name`, `user_type`, `password`, `phone`, `email`, `device_id`, `eff_date`, `exp_date`, `not_update`, `secret_key`, `avatar`, `source`, `description`, `status`, `create_user`, `update_user`, `create_date`, `update_date`, `remark`) VALUES ('5',null,'test_user','1000','111111','18327850693',null,null,null,null,'0',null,null,'00',null,'1000','1','1','2021-02-24 08:32:43','2021-02-24 08:32:43','测试用户');
INSERT INTO `user` (`user_id`, `open_id`, `user_name`, `user_type`, `password`, `phone`, `email`, `device_id`, `eff_date`, `exp_date`, `not_update`, `secret_key`, `avatar`, `source`, `description`, `status`, `create_user`, `update_user`, `create_date`, `update_date`, `remark`) VALUES ('33',null,'','1000','123',null,'123',null,null,null,null,null,null,'00','1231313','1000','1',null,'2021-11-02 22:05:07','2021-11-02 22:05:07','12323');
INSERT INTO `user` (`user_id`, `open_id`, `user_name`, `user_type`, `password`, `phone`, `email`, `device_id`, `eff_date`, `exp_date`, `not_update`, `secret_key`, `avatar`, `source`, `description`, `status`, `create_user`, `update_user`, `create_date`, `update_date`, `remark`) VALUES ('34',null,'','1000','123',null,'123',null,null,null,null,null,null,'00','1231313','1000','1',null,'2021-11-02 22:05:27','2021-11-02 22:05:27','12323');
INSERT INTO `user` (`user_id`, `open_id`, `user_name`, `user_type`, `password`, `phone`, `email`, `device_id`, `eff_date`, `exp_date`, `not_update`, `secret_key`, `avatar`, `source`, `description`, `status`, `create_user`, `update_user`, `create_date`, `update_date`, `remark`) VALUES ('35',null,'','1000','123',null,'123',null,null,null,null,null,null,'00','1231313','1000','1',null,'2021-11-02 22:06:08','2021-11-02 22:06:08','12323');
INSERT INTO `user` (`user_id`, `open_id`, `user_name`, `user_type`, `password`, `phone`, `email`, `device_id`, `eff_date`, `exp_date`, `not_update`, `secret_key`, `avatar`, `source`, `description`, `status`, `create_user`, `update_user`, `create_date`, `update_date`, `remark`) VALUES ('36',null,'1231123131','1000','123213123','313123','1231321',null,null,null,'0',null,null,'00','11323','1000','1',null,'2021-11-02 22:13:18','2021-11-02 22:13:18',null);
INSERT INTO `user` (`user_id`, `open_id`, `user_name`, `user_type`, `password`, `phone`, `email`, `device_id`, `eff_date`, `exp_date`, `not_update`, `secret_key`, `avatar`, `source`, `description`, `status`, `create_user`, `update_user`, `create_date`, `update_date`, `remark`) VALUES ('37',null,'测试用户','1000','123456','18327850699',null,null,null,null,'0',null,null,'00','测试用户测试用户测试用户测试用户','1000','1',null,'2021-11-02 22:35:47','2021-11-02 22:35:47',null);
INSERT INTO `user` (`user_id`, `open_id`, `user_name`, `user_type`, `password`, `phone`, `email`, `device_id`, `eff_date`, `exp_date`, `not_update`, `secret_key`, `avatar`, `source`, `description`, `status`, `create_user`, `update_user`, `create_date`, `update_date`, `remark`) VALUES ('38',null,'测试2','1000','123456','12345678901','123131',null,null,null,'0',null,null,'00',null,'1000','1',null,'2021-11-02 22:42:07','2021-11-02 22:42:07',null);
INSERT INTO `user` (`user_id`, `open_id`, `user_name`, `user_type`, `password`, `phone`, `email`, `device_id`, `eff_date`, `exp_date`, `not_update`, `secret_key`, `avatar`, `source`, `description`, `status`, `create_user`, `update_user`, `create_date`, `update_date`, `remark`) VALUES ('39',null,'测试3','1000','213456','12345678901','12321',null,null,null,'0',null,null,'00','3213123','1000','1',null,'2021-11-02 22:42:46','2021-11-02 22:42:46',null);
INSERT INTO `user` (`user_id`, `open_id`, `user_name`, `user_type`, `password`, `phone`, `email`, `device_id`, `eff_date`, `exp_date`, `not_update`, `secret_key`, `avatar`, `source`, `description`, `status`, `create_user`, `update_user`, `create_date`, `update_date`, `remark`) VALUES ('40',null,'测试4','2000','123456','13231','123',null,null,null,'0',null,null,'00','1232133','1000','1',null,'2021-11-02 22:44:40','2022-07-10 10:33:31',null);
INSERT INTO `user` (`user_id`, `open_id`, `user_name`, `user_type`, `password`, `phone`, `email`, `device_id`, `eff_date`, `exp_date`, `not_update`, `secret_key`, `avatar`, `source`, `description`, `status`, `create_user`, `update_user`, `create_date`, `update_date`, `remark`) VALUES ('41',null,'cesavXZX','2000','123456','qweqwe',null,null,null,null,'0',null,null,'00','eqqewwe','1000','1',null,'2021-11-02 22:44:57','2021-11-02 22:44:57',null);
INSERT INTO `user` (`user_id`, `open_id`, `user_name`, `user_type`, `password`, `phone`, `email`, `device_id`, `eff_date`, `exp_date`, `not_update`, `secret_key`, `avatar`, `source`, `description`, `status`, `create_user`, `update_user`, `create_date`, `update_date`, `remark`) VALUES ('65','123456','测试服务租户','3000','850690','18327850690',null,null,null,null,'0','123',null,'00','测试服务租户','1000','1',null,'2021-11-26 13:04:56','2021-11-26 13:04:56',null);
INSERT INTO `user` (`user_id`, `open_id`, `user_name`, `user_type`, `password`, `phone`, `email`, `device_id`, `eff_date`, `exp_date`, `not_update`, `secret_key`, `avatar`, `source`, `description`, `status`, `create_user`, `update_user`, `create_date`, `update_date`, `remark`) VALUES ('66',null,'普通用户1','1000','850000','18327850000',null,null,null,null,'0',null,null,'00',null,'1000','1',null,'2022-01-08 14:13:46','2022-01-08 14:13:46',null);
INSERT INTO `user` (`user_id`, `open_id`, `user_name`, `user_type`, `password`, `phone`, `email`, `device_id`, `eff_date`, `exp_date`, `not_update`, `secret_key`, `avatar`, `source`, `description`, `status`, `create_user`, `update_user`, `create_date`, `update_date`, `remark`) VALUES ('67',null,'test_12313','1000','7e981e1e12e86036e5ec0ba9a049a4133b1e4752815d475069f17b40e882d888','13112312312','123131',null,null,null,'0',null,null,'00',null,'1000','1',null,'2022-05-28 18:32:51','2022-05-28 20:31:57','1231131');
INSERT INTO `user` (`user_id`, `open_id`, `user_name`, `user_type`, `password`, `phone`, `email`, `device_id`, `eff_date`, `exp_date`, `not_update`, `secret_key`, `avatar`, `source`, `description`, `status`, `create_user`, `update_user`, `create_date`, `update_date`, `remark`) VALUES ('70',null,'32123','1000','b83ac2b73e57de93f3eec7502c13fb292b9e2d3bc99b45c23bfaa66a840ad6cd','13131313231',null,null,null,null,'0',null,null,'00','123132','1000','1','4','2022-05-29 18:07:56','2022-05-29 18:22:33',null);
INSERT INTO `user` (`user_id`, `open_id`, `user_name`, `user_type`, `password`, `phone`, `email`, `device_id`, `eff_date`, `exp_date`, `not_update`, `secret_key`, `avatar`, `source`, `description`, `status`, `create_user`, `update_user`, `create_date`, `update_date`, `remark`) VALUES ('71',null,'aaa','1000','8d7c92292eb5899451f3e2088fde2f31908315d0f865bf1afb7c11f66a3bff4d','11111111111',null,null,null,null,'0',null,null,'00','aaa','1000','1',null,'2022-06-01 22:05:59','2022-06-01 22:07:52',null);
INSERT INTO `user` (`user_id`, `open_id`, `user_name`, `user_type`, `password`, `phone`, `email`, `device_id`, `eff_date`, `exp_date`, `not_update`, `secret_key`, `avatar`, `source`, `description`, `status`, `create_user`, `update_user`, `create_date`, `update_date`, `remark`) VALUES ('72',null,'qweweq','1000','a4f23e422031db5baf09d6130184495f11d9fd614efe44648894550ebfe28404','13121313131',null,null,null,null,'0',null,null,'00','qewq','1000','1',null,'2022-06-01 22:16:35','2022-06-01 22:16:35',null);
INSERT INTO `user` (`user_id`, `open_id`, `user_name`, `user_type`, `password`, `phone`, `email`, `device_id`, `eff_date`, `exp_date`, `not_update`, `secret_key`, `avatar`, `source`, `description`, `status`, `create_user`, `update_user`, `create_date`, `update_date`, `remark`) VALUES ('73',null,'test','1000','f66de1f095c84b2a6e53cbfc9d4874e149f4867d843db6c377ca109f4b3feaa2','12345123456',null,null,null,null,'0',null,null,'00','测试用户','1000','1',null,'2022-07-10 09:42:54','2022-07-10 09:42:54',null);



INSERT INTO `user_org_rel` (`user_org_rel_id`, `user_id`, `org_id`, `status`, `create_user`, `update_user`, `create_date`, `update_date`, `remark`) VALUES ('1','70','10','1000',null,null,'2022-05-29 18:07:56','2022-05-29 18:07:56',null);
INSERT INTO `user_org_rel` (`user_org_rel_id`, `user_id`, `org_id`, `status`, `create_user`, `update_user`, `create_date`, `update_date`, `remark`) VALUES ('2','71','10','1000',null,null,'2022-06-01 22:05:59','2022-06-01 22:05:59',null);
INSERT INTO `user_org_rel` (`user_org_rel_id`, `user_id`, `org_id`, `status`, `create_user`, `update_user`, `create_date`, `update_date`, `remark`) VALUES ('3','73','1','1000',null,null,'2022-07-10 09:42:54','2022-07-10 09:42:54',null);


INSERT INTO `user_role_rel` (`user_role_rel_id`, `user_id`, `role_id`, `eff_date`, `exp_date`, `not_update`, `status`, `create_user`, `update_user`, `create_date`, `update_date`, `remark`) VALUES ('6','4','1','2021-05-20 22:45:53',null,'1','1000','4','4','2021-05-20 22:45:53','2021-05-21 04:54:14',null);
INSERT INTO `user_role_rel` (`user_role_rel_id`, `user_id`, `role_id`, `eff_date`, `exp_date`, `not_update`, `status`, `create_user`, `update_user`, `create_date`, `update_date`, `remark`) VALUES ('10','4','2','2021-05-28 14:15:30',null,null,'1000','4','4','2021-05-28 14:15:30','2021-05-28 14:15:30',null);
INSERT INTO `user_role_rel` (`user_role_rel_id`, `user_id`, `role_id`, `eff_date`, `exp_date`, `not_update`, `status`, `create_user`, `update_user`, `create_date`, `update_date`, `remark`) VALUES ('13','5','2','2021-11-01 00:59:18',null,null,'1000','5','5','2021-11-01 00:59:18','2021-11-01 00:59:18',null);
INSERT INTO `user_role_rel` (`user_role_rel_id`, `user_id`, `role_id`, `eff_date`, `exp_date`, `not_update`, `status`, `create_user`, `update_user`, `create_date`, `update_date`, `remark`) VALUES ('14','37','2','2021-11-02 22:43:04',null,null,'1000','4','4','2021-11-02 22:43:04','2021-11-02 22:43:04',null);
INSERT INTO `user_role_rel` (`user_role_rel_id`, `user_id`, `role_id`, `eff_date`, `exp_date`, `not_update`, `status`, `create_user`, `update_user`, `create_date`, `update_date`, `remark`) VALUES ('47','65','8','2021-12-13 14:45:31',null,null,'1000','4','4','2021-12-13 14:45:31','2021-12-13 14:45:31',null);
INSERT INTO `user_role_rel` (`user_role_rel_id`, `user_id`, `role_id`, `eff_date`, `exp_date`, `not_update`, `status`, `create_user`, `update_user`, `create_date`, `update_date`, `remark`) VALUES ('48','66','7','2022-01-08 14:16:14',null,null,'1000','4','4','2022-01-08 14:16:14','2022-01-08 14:16:14',null);
INSERT INTO `user_role_rel` (`user_role_rel_id`, `user_id`, `role_id`, `eff_date`, `exp_date`, `not_update`, `status`, `create_user`, `update_user`, `create_date`, `update_date`, `remark`) VALUES ('49','67','7','2022-05-28 19:49:43',null,'0','1000','4','4','2022-05-28 19:49:43','2022-05-28 19:49:43',null);
INSERT INTO `user_role_rel` (`user_role_rel_id`, `user_id`, `role_id`, `eff_date`, `exp_date`, `not_update`, `status`, `create_user`, `update_user`, `create_date`, `update_date`, `remark`) VALUES ('50','71','7','2022-06-01 22:07:46',null,'0','1000','4','4','2022-06-01 22:07:46','2022-06-01 22:07:46',null);
INSERT INTO `user_role_rel` (`user_role_rel_id`, `user_id`, `role_id`, `eff_date`, `exp_date`, `not_update`, `status`, `create_user`, `update_user`, `create_date`, `update_date`, `remark`) VALUES ('51','73','9','2022-07-10 10:32:59',null,'0','1000','4','4','2022-07-10 10:32:59','2022-07-10 10:32:59',null);

